universe_id,employer_level,country_code,canton_code,canton_name,bfs_code,employer_name,district,bfs_language_region_code,language_region,statistical_city,degurb2021,priority_tier,expected_green_service_units,canonical_portal_status,canonical_portal_url,portal_platform,verification_status,notes
PUB-CH-BUND,FEDERAL,CH,,,,Schweizerische Eidgenossenschaft / Bund,,,MULTILINGUAL,,,P0,Bundesimmobilien;Schweizer Armee;Agroscope;ASTRA;Sportanlagen;Arealpflege;Forst;Gärten,VERIFIED,https://jobs.admin.ch/,FEDERAL_JOB_PORTAL,VERIFIED_OFFICIAL_PORTAL,"Buscar también títulos ocultos: Gebäudebetrieb, Arealpflege, Betriebsunterhalt, Anlagenwart."
PUB-CH-AG-CANTON,CANTON,CH,AG,Aargau,,Kanton Aargau,,1,GERMAN_SCOPE_PRESENT,,,P0,Tiefbauamt;Strassenunterhalt;Werkhöfe;Liegenschaften;Forst;Natur;Arealpflege;Winterdienst,VERIFIED,https://www.ag.ch/de/ueber-uns/jobs-karriere/offene-stellen,CANTON_AG_PORTAL,VERIFIED_OFFICIAL_PORTAL,Portal cantonal; filtrar por ocupaciones verdes y títulos de mantenimiento.
PUB-CH-AI-CANTON,CANTON,CH,AI,Appenzell Innerrhoden,,Kanton Appenzell Innerrhoden,,1,GERMAN_SCOPE_PRESENT,,,P0,Tiefbauamt;Strassenunterhalt;Werkhöfe;Liegenschaften;Forst;Natur;Arealpflege;Winterdienst,VERIFIED,https://www.ai.ch/themen/arbeiten-bei-der-kantonalen-verwaltung/offene-stellen-1,OFFICIAL_WEB,VERIFIED_BY_OFFICIAL_SEARCH_RESULT,Portal cantonal; filtrar por ocupaciones verdes y títulos de mantenimiento.
PUB-CH-AR-CANTON,CANTON,CH,AR,Appenzell Ausserrhoden,,Kanton Appenzell Ausserrhoden,,1,GERMAN_SCOPE_PRESENT,,,P0,Tiefbauamt;Strassenunterhalt;Werkhöfe;Liegenschaften;Forst;Natur;Arealpflege;Winterdienst,VERIFIED,https://ar.ch/verwaltung/departement-finanzen/personalamt/freie-stellen/,SOLIQUE_EMBEDDED,VERIFIED_OFFICIAL_PORTAL,Portal cantonal; filtrar por ocupaciones verdes y títulos de mantenimiento.
PUB-CH-BE-CANTON,CANTON,CH,BE,Bern,,Kanton Bern,,1,GERMAN_SCOPE_PRESENT,,,P0,Tiefbauamt;Strassenunterhalt;Werkhöfe;Liegenschaften;Forst;Natur;Arealpflege;Winterdienst,VERIFIED,https://www.jobs.sites.be.ch/de/start/jobs.html,SITES_BE,VERIFIED_OFFICIAL_PORTAL,Portal cantonal; filtrar por ocupaciones verdes y títulos de mantenimiento.
PUB-CH-BL-CANTON,CANTON,CH,BL,Basel-Landschaft,,Kanton Basel-Landschaft,,1,GERMAN_SCOPE_PRESENT,,,P0,Tiefbauamt;Strassenunterhalt;Werkhöfe;Liegenschaften;Forst;Natur;Arealpflege;Winterdienst,VERIFIED,https://www.baselland.ch/politik-und-behorden/direktionen/finanz-und-kirchendirektion/personalamt/jobs/offene-stellen,PROSPECTIVE_UMANTIS_LINKED,VERIFIED_OFFICIAL_PORTAL,Portal cantonal; filtrar por ocupaciones verdes y títulos de mantenimiento.
PUB-CH-BS-CANTON,CANTON,CH,BS,Basel-Stadt,,Kanton Basel-Stadt,,1,GERMAN_SCOPE_PRESENT,,,P0,Tiefbauamt;Strassenunterhalt;Werkhöfe;Liegenschaften;Forst;Natur;Arealpflege;Winterdienst,VERIFIED,https://jobs.arbeitgeber.bs.ch/,BS_EMPLOYER_PORTAL,VERIFIED_OFFICIAL_PORTAL,Portal cantonal; filtrar por ocupaciones verdes y títulos de mantenimiento.
PUB-CH-FR-CANTON,CANTON,CH,FR,Fribourg/Freiburg,,Kanton Fribourg/Freiburg,,1,GERMAN_SCOPE_PRESENT,,,P0,Tiefbauamt;Strassenunterhalt;Werkhöfe;Liegenschaften;Forst;Natur;Arealpflege;Winterdienst,VERIFIED,https://jobs.fr.ch/?locale=de_DE,FR_MIGRATION_PORTAL,VERIFIED_OFFICIAL_PORTAL,Portal cantonal; filtrar por ocupaciones verdes y títulos de mantenimiento.
PUB-CH-GL-CANTON,CANTON,CH,GL,Glarus,,Kanton Glarus,,1,GERMAN_SCOPE_PRESENT,,,P0,Tiefbauamt;Strassenunterhalt;Werkhöfe;Liegenschaften;Forst;Natur;Arealpflege;Winterdienst,VERIFIED,https://www.gl.ch/verwaltung/finanzen-und-gesundheit/personal-und-organisation/stellenangebote.html/4705,UMANTIS_LINKED,VERIFIED_OFFICIAL_PORTAL,Portal cantonal; filtrar por ocupaciones verdes y títulos de mantenimiento.
PUB-CH-GR-CANTON,CANTON,CH,GR,Graubünden,,Kanton Graubünden,,1,GERMAN_SCOPE_PRESENT,,,P0,Tiefbauamt;Strassenunterhalt;Werkhöfe;Liegenschaften;Forst;Natur;Arealpflege;Winterdienst,VERIFIED,https://stellen.gr.ch/,CANTON_GR_PORTAL,VERIFIED_OFFICIAL_PORTAL,Portal cantonal; filtrar por ocupaciones verdes y títulos de mantenimiento.
PUB-CH-JU-CANTON,CANTON,CH,JU,Jura,,Kanton Jura,,1,GERMAN_SCOPE_PRESENT,,,P0,Tiefbauamt;Strassenunterhalt;Werkhöfe;Liegenschaften;Forst;Natur;Arealpflege;Winterdienst,VERIFIED,https://www.jura.ch/fr/Autorites/Administration/DFI/SRH/Offres-d-emploi/Offres-d-emploi.html,OFFICIAL_WEB,VERIFIED_OFFICIAL_PORTAL,Portal cantonal; filtrar por ocupaciones verdes y títulos de mantenimiento.
PUB-CH-LU-CANTON,CANTON,CH,LU,Luzern,,Kanton Luzern,,1,GERMAN_SCOPE_PRESENT,,,P0,Tiefbauamt;Strassenunterhalt;Werkhöfe;Liegenschaften;Forst;Natur;Arealpflege;Winterdienst,VERIFIED,https://stellen.lu.ch/,CANTON_LU_PORTAL,VERIFIED_OFFICIAL_PORTAL,Portal cantonal; filtrar por ocupaciones verdes y títulos de mantenimiento.
PUB-CH-NW-CANTON,CANTON,CH,NW,Nidwalden,,Kanton Nidwalden,,1,GERMAN_SCOPE_PRESENT,,,P0,Tiefbauamt;Strassenunterhalt;Werkhöfe;Liegenschaften;Forst;Natur;Arealpflege;Winterdienst,VERIFIED,https://jobs.nw.ch/,CANTON_NW_PORTAL,VERIFIED_OFFICIAL_PORTAL,Portal cantonal; filtrar por ocupaciones verdes y títulos de mantenimiento.
PUB-CH-OW-CANTON,CANTON,CH,OW,Obwalden,,Kanton Obwalden,,1,GERMAN_SCOPE_PRESENT,,,P0,Tiefbauamt;Strassenunterhalt;Werkhöfe;Liegenschaften;Forst;Natur;Arealpflege;Winterdienst,VERIFIED,https://www.ow.ch/jobsundkarriere,OFFICIAL_WEB,VERIFIED_OFFICIAL_PORTAL,Portal cantonal; filtrar por ocupaciones verdes y títulos de mantenimiento.
PUB-CH-SG-CANTON,CANTON,CH,SG,St. Gallen,,Kanton St. Gallen,,1,GERMAN_SCOPE_PRESENT,,,P0,Tiefbauamt;Strassenunterhalt;Werkhöfe;Liegenschaften;Forst;Natur;Arealpflege;Winterdienst,VERIFIED,https://www.sg.ch/ueber-den-kanton-st-gallen/arbeitgeber-kanton-stgallen/stellenportal.html,CANTON_SG_PORTAL,VERIFIED_OFFICIAL_PORTAL,Portal cantonal; filtrar por ocupaciones verdes y títulos de mantenimiento.
PUB-CH-SH-CANTON,CANTON,CH,SH,Schaffhausen,,Kanton Schaffhausen,,1,GERMAN_SCOPE_PRESENT,,,P0,Tiefbauamt;Strassenunterhalt;Werkhöfe;Liegenschaften;Forst;Natur;Arealpflege;Winterdienst,VERIFIED,https://sh.ch/CMS/Webseite/Kanton-Schaffhausen/Beh-rde/Verwaltung/Finanzdepartement/Personalamt/Stellenangebote-169801-DE.html,OFFICIAL_WEB,VERIFIED_OFFICIAL_PORTAL,Portal cantonal; filtrar por ocupaciones verdes y títulos de mantenimiento.
PUB-CH-SO-CANTON,CANTON,CH,SO,Solothurn,,Kanton Solothurn,,1,GERMAN_SCOPE_PRESENT,,,P0,Tiefbauamt;Strassenunterhalt;Werkhöfe;Liegenschaften;Forst;Natur;Arealpflege;Winterdienst,VERIFIED,https://job.so.ch/,CANTON_SO_PORTAL,VERIFIED_OFFICIAL_PORTAL,Portal cantonal; filtrar por ocupaciones verdes y títulos de mantenimiento.
PUB-CH-SZ-CANTON,CANTON,CH,SZ,Schwyz,,Kanton Schwyz,,1,GERMAN_SCOPE_PRESENT,,,P0,Tiefbauamt;Strassenunterhalt;Werkhöfe;Liegenschaften;Forst;Natur;Arealpflege;Winterdienst,VERIFIED,https://jobs.sz.ch/,CANTON_SZ_PORTAL,VERIFIED_OFFICIAL_PORTAL,Portal cantonal; filtrar por ocupaciones verdes y títulos de mantenimiento.
PUB-CH-TG-CANTON,CANTON,CH,TG,Thurgau,,Kanton Thurgau,,1,GERMAN_SCOPE_PRESENT,,,P0,Tiefbauamt;Strassenunterhalt;Werkhöfe;Liegenschaften;Forst;Natur;Arealpflege;Winterdienst,VERIFIED,https://stellen.tg.ch/,CANTON_TG_PORTAL,VERIFIED_OFFICIAL_PORTAL,Portal cantonal; filtrar por ocupaciones verdes y títulos de mantenimiento.
PUB-CH-UR-CANTON,CANTON,CH,UR,Uri,,Kanton Uri,,1,GERMAN_SCOPE_PRESENT,,,P0,Tiefbauamt;Strassenunterhalt;Werkhöfe;Liegenschaften;Forst;Natur;Arealpflege;Winterdienst,VERIFIED,https://www.ur.ch/stellen,OFFICIAL_WEB,VERIFIED_OFFICIAL_NAVIGATION,Portal cantonal; filtrar por ocupaciones verdes y títulos de mantenimiento.
PUB-CH-VS-CANTON,CANTON,CH,VS,Wallis/Valais,,Kanton Wallis/Valais,,1,GERMAN_SCOPE_PRESENT,,,P0,Tiefbauamt;Strassenunterhalt;Werkhöfe;Liegenschaften;Forst;Natur;Arealpflege;Winterdienst,VERIFIED,https://www.vs.ch/de/web/srh/stellenborse,OFFICIAL_WEB,VERIFIED_OFFICIAL_PORTAL,Portal cantonal; filtrar por ocupaciones verdes y títulos de mantenimiento.
PUB-CH-ZG-CANTON,CANTON,CH,ZG,Zug,,Kanton Zug,,1,GERMAN_SCOPE_PRESENT,,,P0,Tiefbauamt;Strassenunterhalt;Werkhöfe;Liegenschaften;Forst;Natur;Arealpflege;Winterdienst,VERIFIED,https://zg.ch/de/offene-stellen,PROSPECTIVE,VERIFIED_OFFICIAL_PORTAL,Portal cantonal; filtrar por ocupaciones verdes y títulos de mantenimiento.
PUB-CH-ZH-CANTON,CANTON,CH,ZH,Zürich,,Kanton Zürich,,1,GERMAN_SCOPE_PRESENT,,,P0,Tiefbauamt;Strassenunterhalt;Werkhöfe;Liegenschaften;Forst;Natur;Arealpflege;Winterdienst,VERIFIED,https://www.zh.ch/de/arbeiten-beim-kanton.html,SOLIQUE_LINKED,VERIFIED_OFFICIAL_PORTAL,Portal cantonal; filtrar por ocupaciones verdes y títulos de mantenimiento.
PUB-CH-AG-MUN-4001,MUNICIPALITY,CH,AG,Aargau,4001,Gemeinde/Stadt Aarau,Bezirk Aarau,1,GERMAN,YES,1,P0_CITY,Stadtgrün;Stadtgärtnerei;Werkhof;Werkdienst;Gemeindebetriebe;Friedhof;Parks;Sportanlagen;Schulanlagen;Forst;Liegenschaften;Strassenunterhalt;Arealpflege;Winterdienst,DISCOVERY_PENDING,,TO_DISCOVER,NOT_YET_AUDITED,"Puede publicar en portal propio, ATS compartido, cantón, Job-Room o agregador público."
PUB-CH-AG-MUN-4271,MUNICIPALITY,CH,AG,Aargau,4271,Gemeinde/Stadt Aarburg,Bezirk Zofingen,1,GERMAN,NO,2,P1_URBAN_OR_INTERMEDIATE,Stadtgrün;Stadtgärtnerei;Werkhof;Werkdienst;Gemeindebetriebe;Friedhof;Parks;Sportanlagen;Schulanlagen;Forst;Liegenschaften;Strassenunterhalt;Arealpflege;Winterdienst,DISCOVERY_PENDING,,TO_DISCOVER,NOT_YET_AUDITED,"Puede publicar en portal propio, ATS compartido, cantón, Job-Room o agregador público."
PUB-CH-AG-MUN-4221,MUNICIPALITY,CH,AG,Aargau,4221,Gemeinde/Stadt Abtwil,Bezirk Muri,1,GERMAN,NO,3,P2_RURAL,Stadtgrün;Stadtgärtnerei;Werkhof;Werkdienst;Gemeindebetriebe;Friedhof;Parks;Sportanlagen;Schulanlagen;Forst;Liegenschaften;Strassenunterhalt;Arealpflege;Winterdienst,DISCOVERY_PENDING,,TO_DISCOVER,NOT_YET_AUDITED,"Puede publicar en portal propio, ATS compartido, cantón, Job-Room o agregador público."
PUB-CH-AG-MUN-4191,MUNICIPALITY,CH,AG,Aargau,4191,Gemeinde/Stadt Ammerswil,Bezirk Lenzburg,1,GERMAN,NO,2,P1_URBAN_OR_INTERMEDIATE,Stadtgrün;Stadtgärtnerei;Werkhof;Werkdienst;Gemeindebetriebe;Friedhof;Parks;Sportanlagen;Schulanlagen;Forst;Liegenschaften;Strassenunterhalt;Arealpflege;Winterdienst,DISCOVERY_PENDING,,TO_DISCOVER,NOT_YET_AUDITED,"Puede publicar en portal propio, ATS compartido, cantón, Job-Room o agregador público."
PUB-CH-AG-MUN-4222,MUNICIPALITY,CH,AG,Aargau,4222,Gemeinde/Stadt Aristau,Bezirk Muri,1,GERMAN,NO,2,P1_URBAN_OR_INTERMEDIATE,Stadtgrün;Stadtgärtnerei;Werkhof;Werkdienst;Gemeindebetriebe;Friedhof;Parks;Sportanlagen;Schulanlagen;Forst;Liegenschaften;Strassenunterhalt;Arealpflege;Winterdienst,DISCOVERY_PENDING,,TO_DISCOVER,NOT_YET_AUDITED,"Puede publicar en portal propio, ATS compartido, cantón, Job-Room o agregador público."
PUB-CH-AG-MUN-4061,MUNICIPALITY,CH,AG,Aargau,4061,Gemeinde/Stadt Arni (AG),Bezirk Bremgarten,1,GERMAN,NO,2,P1_URBAN_OR_INTERMEDIATE,Stadtgrün;Stadtgärtnerei;Werkhof;Werkdienst;Gemeindebetriebe;Friedhof;Parks;Sportanlagen;Schulanlagen;Forst;Liegenschaften;Strassenunterhalt;Arealpflege;Winterdienst,DISCOVERY_PENDING,,TO_DISCOVER,NOT_YET_AUDITED,"Puede publicar en portal propio, ATS compartido, cantón, Job-Room o agregador público."
PUB-CH-AG-MUN-4091,MUNICIPALITY,CH,AG,Aargau,4091,Gemeinde/Stadt Auenstein,Bezirk Brugg,1,GERMAN,NO,2,P1_URBAN_OR_INTERMEDIATE,Stadtgrün;Stadtgärtnerei;Werkhof;Werkdienst;Gemeindebetriebe;Friedhof;Parks;Sportanlagen;Schulanlagen;Forst;Liegenschaften;Strassenunterhalt;Arealpflege;Winterdienst,DISCOVERY_PENDING,,TO_DISCOVER,NOT_YET_AUDITED,"Puede publicar en portal propio, ATS compartido, cantón, Job-Room o agregador público."
PUB-CH-AG-MUN-4223,MUNICIPALITY,CH,AG,Aargau,4223,Gemeinde/Stadt Auw,Bezirk Muri,1,GERMAN,NO,2,P1_URBAN_OR_INTERMEDIATE,Stadtgrün;Stadtgärtnerei;Werkhof;Werkdienst;Gemeindebetriebe;Friedhof;Parks;Sportanlagen;Schulanlagen;Forst;Liegenschaften;Strassenunterhalt;Arealpflege;Winterdienst,DISCOVERY_PENDING,,TO_DISCOVER,NOT_YET_AUDITED,"Puede publicar en portal propio, ATS compartido, cantón, Job-Room o agregador público."
PUB-CH-AG-MUN-4021,MUNICIPALITY,CH,AG,Aargau,4021,Gemeinde/Stadt Baden,Bezirk Baden,1,GERMAN,YES,2,P0_CITY,Stadtgrün;Stadtgärtnerei;Werkhof;Werkdienst;Gemeindebetriebe;Friedhof;Parks;Sportanlagen;Schulanlagen;Forst;Liegenschaften;Strassenunterhalt;Arealpflege;Winterdienst,DISCOVERY_PENDING,,TO_DISCOVER,NOT_YET_AUDITED,"Puede publicar en portal propio, ATS compartido, cantón, Job-Room o agregador público."
PUB-CH-AG-MUN-4224,MUNICIPALITY,CH,AG,Aargau,4224,Gemeinde/Stadt Beinwil (Freiamt),Bezirk Muri,1,GERMAN,NO,3,P2_RURAL,Stadtgrün;Stadtgärtnerei;Werkhof;Werkdienst;Gemeindebetriebe;Friedhof;Parks;Sportanlagen;Schulanlagen;Forst;Liegenschaften;Strassenunterhalt;Arealpflege;Winterdienst,DISCOVERY_PENDING,,TO_DISCOVER,NOT_YET_AUDITED,"Puede publicar en portal propio, ATS compartido, cantón, Job-Room o agregador público."
PUB-CH-AG-MUN-4131,MUNICIPALITY,CH,AG,Aargau,4131,Gemeinde/Stadt Beinwil am See,Bezirk Kulm,1,GERMAN,NO,2,P1_URBAN_OR_INTERMEDIATE,Stadtgrün;Stadtgärtnerei;Werkhof;Werkdienst;Gemeindebetriebe;Friedhof;Parks;Sportanlagen;Schulanlagen;Forst;Liegenschaften;Strassenunterhalt;Arealpflege;Winterdienst,DISCOVERY_PENDING,,TO_DISCOVER,NOT_YET_AUDITED,"Puede publicar en portal propio, ATS compartido, cantón, Job-Room o agregador público."
PUB-CH-AG-MUN-4022,MUNICIPALITY,CH,AG,Aargau,4022,Gemeinde/Stadt Bellikon,Bezirk Baden,1,GERMAN,NO,2,P1_URBAN_OR_INTERMEDIATE,Stadtgrün;Stadtgärtnerei;Werkhof;Werkdienst;Gemeindebetriebe;Friedhof;Parks;Sportanlagen;Schulanlagen;Forst;Liegenschaften;Strassenunterhalt;Arealpflege;Winterdienst,DISCOVERY_PENDING,,TO_DISCOVER,NOT_YET_AUDITED,"Puede publicar en portal propio, ATS compartido, cantón, Job-Room o agregador público."
PUB-CH-AG-MUN-4023,MUNICIPALITY,CH,AG,Aargau,4023,Gemeinde/Stadt Bergdietikon,Bezirk Baden,1,GERMAN,NO,2,P1_URBAN_OR_INTERMEDIATE,Stadtgrün;Stadtgärtnerei;Werkhof;Werkdienst;Gemeindebetriebe;Friedhof;Parks;Sportanlagen;Schulanlagen;Forst;Liegenschaften;Strassenunterhalt;Arealpflege;Winterdienst,DISCOVERY_PENDING,,TO_DISCOVER,NOT_YET_AUDITED,"Puede publicar en portal propio, ATS compartido, cantón, Job-Room o agregador público."
PUB-CH-AG-MUN-4062,MUNICIPALITY,CH,AG,Aargau,4062,Gemeinde/Stadt Berikon,Bezirk Bremgarten,1,GERMAN,NO,2,P1_URBAN_OR_INTERMEDIATE,Stadtgrün;Stadtgärtnerei;Werkhof;Werkdienst;Gemeindebetriebe;Friedhof;Parks;Sportanlagen;Schulanlagen;Forst;Liegenschaften;Strassenunterhalt;Arealpflege;Winterdienst,DISCOVERY_PENDING,,TO_DISCOVER,NOT_YET_AUDITED,"Puede publicar en portal propio, ATS compartido, cantón, Job-Room o agregador público."
PUB-CH-AG-MUN-4226,MUNICIPALITY,CH,AG,Aargau,4226,Gemeinde/Stadt Besenbüren,Bezirk Muri,1,GERMAN,NO,3,P2_RURAL,Stadtgrün;Stadtgärtnerei;Werkhof;Werkdienst;Gemeindebetriebe;Friedhof;Parks;Sportanlagen;Schulanlagen;Forst;Liegenschaften;Strassenunterhalt;Arealpflege;Winterdienst,DISCOVERY_PENDING,,TO_DISCOVER,NOT_YET_AUDITED,"Puede publicar en portal propio, ATS compartido, cantón, Job-Room o agregador público."
PUB-CH-AG-MUN-4227,MUNICIPALITY,CH,AG,Aargau,4227,Gemeinde/Stadt Bettwil,Bezirk Muri,1,GERMAN,NO,3,P2_RURAL,Stadtgrün;Stadtgärtnerei;Werkhof;Werkdienst;Gemeindebetriebe;Friedhof;Parks;Sportanlagen;Schulanlagen;Forst;Liegenschaften;Strassenunterhalt;Arealpflege;Winterdienst,DISCOVERY_PENDING,,TO_DISCOVER,NOT_YET_AUDITED,"Puede publicar en portal propio, ATS compartido, cantón, Job-Room o agregador público."
PUB-CH-AG-MUN-4002,MUNICIPALITY,CH,AG,Aargau,4002,Gemeinde/Stadt Biberstein,Bezirk Aarau,1,GERMAN,NO,2,P1_URBAN_OR_INTERMEDIATE,Stadtgrün;Stadtgärtnerei;Werkhof;Werkdienst;Gemeindebetriebe;Friedhof;Parks;Sportanlagen;Schulanlagen;Forst;Liegenschaften;Strassenunterhalt;Arealpflege;Winterdienst,DISCOVERY_PENDING,,TO_DISCOVER,NOT_YET_AUDITED,"Puede publicar en portal propio, ATS compartido, cantón, Job-Room o agregador público."
PUB-CH-AG-MUN-4024,MUNICIPALITY,CH,AG,Aargau,4024,Gemeinde/Stadt Birmenstorf (AG),Bezirk Baden,1,GERMAN,NO,2,P1_URBAN_OR_INTERMEDIATE,Stadtgrün;Stadtgärtnerei;Werkhof;Werkdienst;Gemeindebetriebe;Friedhof;Parks;Sportanlagen;Schulanlagen;Forst;Liegenschaften;Strassenunterhalt;Arealpflege;Winterdienst,DISCOVERY_PENDING,,TO_DISCOVER,NOT_YET_AUDITED,"Puede publicar en portal propio, ATS compartido, cantón, Job-Room o agregador público."
PUB-CH-AG-MUN-4092,MUNICIPALITY,CH,AG,Aargau,4092,Gemeinde/Stadt Birr,Bezirk Brugg,1,GERMAN,NO,2,P1_URBAN_OR_INTERMEDIATE,Stadtgrün;Stadtgärtnerei;Werkhof;Werkdienst;Gemeindebetriebe;Friedhof;Parks;Sportanlagen;Schulanlagen;Forst;Liegenschaften;Strassenunterhalt;Arealpflege;Winterdienst,DISCOVERY_PENDING,,TO_DISCOVER,NOT_YET_AUDITED,"Puede publicar en portal propio, ATS compartido, cantón, Job-Room o agregador público."
PUB-CH-AG-MUN-4093,MUNICIPALITY,CH,AG,Aargau,4093,Gemeinde/Stadt Birrhard,Bezirk Brugg,1,GERMAN,NO,2,P1_URBAN_OR_INTERMEDIATE,Stadtgrün;Stadtgärtnerei;Werkhof;Werkdienst;Gemeindebetriebe;Friedhof;Parks;Sportanlagen;Schulanlagen;Forst;Liegenschaften;Strassenunterhalt;Arealpflege;Winterdienst,DISCOVERY_PENDING,,TO_DISCOVER,NOT_YET_AUDITED,"Puede publicar en portal propio, ATS compartido, cantón, Job-Room o agregador público."
PUB-CH-AG-MUN-4132,MUNICIPALITY,CH,AG,Aargau,4132,Gemeinde/Stadt Birrwil,Bezirk Kulm,1,GERMAN,NO,2,P1_URBAN_OR_INTERMEDIATE,Stadtgrün;Stadtgärtnerei;Werkhof;Werkdienst;Gemeindebetriebe;Friedhof;Parks;Sportanlagen;Schulanlagen;Forst;Liegenschaften;Strassenunterhalt;Arealpflege;Winterdienst,DISCOVERY_PENDING,,TO_DISCOVER,NOT_YET_AUDITED,"Puede publicar en portal propio, ATS compartido, cantón, Job-Room o agregador público."
PUB-CH-AG-MUN-4192,MUNICIPALITY,CH,AG,Aargau,4192,Gemeinde/Stadt Boniswil,Bezirk Lenzburg,1,GERMAN,NO,2,P1_URBAN_OR_INTERMEDIATE,Stadtgrün;Stadtgärtnerei;Werkhof;Werkdienst;Gemeindebetriebe;Friedhof;Parks;Sportanlagen;Schulanlagen;Forst;Liegenschaften;Strassenunterhalt;Arealpflege;Winterdienst,DISCOVERY_PENDING,,TO_DISCOVER,NOT_YET_AUDITED,"Puede publicar en portal propio, ATS compartido, cantón, Job-Room o agregador público."
PUB-CH-AG-MUN-4228,MUNICIPALITY,CH,AG,Aargau,4228,Gemeinde/Stadt Boswil,Bezirk Muri,1,GERMAN,NO,3,P2_RURAL,Stadtgrün;Stadtgärtnerei;Werkhof;Werkdienst;Gemeindebetriebe;Friedhof;Parks;Sportanlagen;Schulanlagen;Forst;Liegenschaften;Strassenunterhalt;Arealpflege;Winterdienst,DISCOVERY_PENDING,,TO_DISCOVER,NOT_YET_AUDITED,"Puede publicar en portal propio, ATS compartido, cantón, Job-Room o agregador público."
PUB-CH-AG-MUN-4273,MUNICIPALITY,CH,AG,Aargau,4273,Gemeinde/Stadt Bottenwil,Bezirk Zofingen,1,GERMAN,NO,3,P2_RURAL,Stadtgrün;Stadtgärtnerei;Werkhof;Werkdienst;Gemeindebetriebe;Friedhof;Parks;Sportanlagen;Schulanlagen;Forst;Liegenschaften;Strassenunterhalt;Arealpflege;Winterdienst,DISCOVERY_PENDING,,TO_DISCOVER,NOT_YET_AUDITED,"Puede publicar en portal propio, ATS compartido, cantón, Job-Room o agregador público."
PUB-CH-AG-MUN-4063,MUNICIPALITY,CH,AG,Aargau,4063,Gemeinde/Stadt Bremgarten (AG),Bezirk Bremgarten,1,GERMAN,NO,2,P1_URBAN_OR_INTERMEDIATE,Stadtgrün;Stadtgärtnerei;Werkhof;Werkdienst;Gemeindebetriebe;Friedhof;Parks;Sportanlagen;Schulanlagen;Forst;Liegenschaften;Strassenunterhalt;Arealpflege;Winterdienst,DISCOVERY_PENDING,,TO_DISCOVER,NOT_YET_AUDITED,"Puede publicar en portal propio, ATS compartido, cantón, Job-Room o agregador público."
PUB-CH-AG-MUN-4274,MUNICIPALITY,CH,AG,Aargau,4274,Gemeinde/Stadt Brittnau,Bezirk Zofingen,1,GERMAN,NO,2,P1_URBAN_OR_INTERMEDIATE,Stadtgrün;Stadtgärtnerei;Werkhof;Werkdienst;Gemeindebetriebe;Friedhof;Parks;Sportanlagen;Schulanlagen;Forst;Liegenschaften;Strassenunterhalt;Arealpflege;Winterdienst,DISCOVERY_PENDING,,TO_DISCOVER,NOT_YET_AUDITED,"Puede publicar en portal propio, ATS compartido, cantón, Job-Room o agregador público."
PUB-CH-AG-MUN-4095,MUNICIPALITY,CH,AG,Aargau,4095,Gemeinde/Stadt Brugg,Bezirk Brugg,1,GERMAN,YES,2,P0_CITY,Stadtgrün;Stadtgärtnerei;Werkhof;Werkdienst;Gemeindebetriebe;Friedhof;Parks;Sportanlagen;Schulanlagen;Forst;Liegenschaften;Strassenunterhalt;Arealpflege;Winterdienst,DISCOVERY_PENDING,,TO_DISCOVER,NOT_YET_AUDITED,"Puede publicar en portal propio, ATS compartido, cantón, Job-Room o agregador público."
PUB-CH-AG-MUN-4193,MUNICIPALITY,CH,AG,Aargau,4193,Gemeinde/Stadt Brunegg,Bezirk Lenzburg,1,GERMAN,NO,2,P1_URBAN_OR_INTERMEDIATE,Stadtgrün;Stadtgärtnerei;Werkhof;Werkdienst;Gemeindebetriebe;Friedhof;Parks;Sportanlagen;Schulanlagen;Forst;Liegenschaften;Strassenunterhalt;Arealpflege;Winterdienst,DISCOVERY_PENDING,,TO_DISCOVER,NOT_YET_AUDITED,"Puede publicar en portal propio, ATS compartido, cantón, Job-Room o agregador público."
PUB-CH-AG-MUN-4003,MUNICIPALITY,CH,AG,Aargau,4003,Gemeinde/Stadt Buchs (AG),Bezirk Aarau,1,GERMAN,NO,1,P1_URBAN_OR_INTERMEDIATE,Stadtgrün;Stadtgärtnerei;Werkhof;Werkdienst;Gemeindebetriebe;Friedhof;Parks;Sportanlagen;Schulanlagen;Forst;Liegenschaften;Strassenunterhalt;Arealpflege;Winterdienst,DISCOVERY_PENDING,,TO_DISCOVER,NOT_YET_AUDITED,"Puede publicar en portal propio, ATS compartido, cantón, Job-Room o agregador público."
PUB-CH-AG-MUN-4230,MUNICIPALITY,CH,AG,Aargau,4230,Gemeinde/Stadt Buttwil,Bezirk Muri,1,GERMAN,NO,2,P1_URBAN_OR_INTERMEDIATE,Stadtgrün;Stadtgärtnerei;Werkhof;Werkdienst;Gemeindebetriebe;Friedhof;Parks;Sportanlagen;Schulanlagen;Forst;Liegenschaften;Strassenunterhalt;Arealpflege;Winterdienst,DISCOVERY_PENDING,,TO_DISCOVER,NOT_YET_AUDITED,"Puede publicar en portal propio, ATS compartido, cantón, Job-Room o agregador público."
PUB-CH-AG-MUN-4303,MUNICIPALITY,CH,AG,Aargau,4303,Gemeinde/Stadt Böttstein,Bezirk Zurzach,1,GERMAN,NO,2,P1_URBAN_OR_INTERMEDIATE,Stadtgrün;Stadtgärtnerei;Werkhof;Werkdienst;Gemeindebetriebe;Friedhof;Parks;Sportanlagen;Schulanlagen;Forst;Liegenschaften;Strassenunterhalt;Arealpflege;Winterdienst,DISCOVERY_PENDING,,TO_DISCOVER,NOT_YET_AUDITED,"Puede publicar en portal propio, ATS compartido, cantón, Job-Room o agregador público."
PUB-CH-AG-MUN-4124,MUNICIPALITY,CH,AG,Aargau,4124,Gemeinde/Stadt Bözberg,Bezirk Brugg,1,GERMAN,NO,3,P2_RURAL,Stadtgrün;Stadtgärtnerei;Werkhof;Werkdienst;Gemeindebetriebe;Friedhof;Parks;Sportanlagen;Schulanlagen;Forst;Liegenschaften;Strassenunterhalt;Arealpflege;Winterdienst,DISCOVERY_PENDING,,TO_DISCOVER,NOT_YET_AUDITED,"Puede publicar en portal propio, ATS compartido, cantón, Job-Room o agregador público."
PUB-CH-AG-MUN-4185,MUNICIPALITY,CH,AG,Aargau,4185,Gemeinde/Stadt Böztal,Bezirk Laufenburg,1,GERMAN,NO,3,P2_RURAL,Stadtgrün;Stadtgärtnerei;Werkhof;Werkdienst;Gemeindebetriebe;Friedhof;Parks;Sportanlagen;Schulanlagen;Forst;Liegenschaften;Strassenunterhalt;Arealpflege;Winterdienst,DISCOVERY_PENDING,,TO_DISCOVER,NOT_YET_AUDITED,"Puede publicar en portal propio, ATS compartido, cantón, Job-Room o agregador público."
PUB-CH-AG-MUN-4229,MUNICIPALITY,CH,AG,Aargau,4229,Gemeinde/Stadt Bünzen,Bezirk Muri,1,GERMAN,NO,3,P2_RURAL,Stadtgrün;Stadtgärtnerei;Werkhof;Werkdienst;Gemeindebetriebe;Friedhof;Parks;Sportanlagen;Schulanlagen;Forst;Liegenschaften;Strassenunterhalt;Arealpflege;Winterdienst,DISCOVERY_PENDING,,TO_DISCOVER,NOT_YET_AUDITED,"Puede publicar en portal propio, ATS compartido, cantón, Job-Room o agregador público."
PUB-CH-AG-MUN-4064,MUNICIPALITY,CH,AG,Aargau,4064,Gemeinde/Stadt Büttikon,Bezirk Bremgarten,1,GERMAN,NO,2,P1_URBAN_OR_INTERMEDIATE,Stadtgrün;Stadtgärtnerei;Werkhof;Werkdienst;Gemeindebetriebe;Friedhof;Parks;Sportanlagen;Schulanlagen;Forst;Liegenschaften;Strassenunterhalt;Arealpflege;Winterdienst,DISCOVERY_PENDING,,TO_DISCOVER,NOT_YET_AUDITED,"Puede publicar en portal propio, ATS compartido, cantón, Job-Room o agregador público."
PUB-CH-AG-MUN-4004,MUNICIPALITY,CH,AG,Aargau,4004,Gemeinde/Stadt Densbüren,Bezirk Aarau,1,GERMAN,NO,3,P2_RURAL,Stadtgrün;Stadtgärtnerei;Werkhof;Werkdienst;Gemeindebetriebe;Friedhof;Parks;Sportanlagen;Schulanlagen;Forst;Liegenschaften;Strassenunterhalt;Arealpflege;Winterdienst,DISCOVERY_PENDING,,TO_DISCOVER,NOT_YET_AUDITED,"Puede publicar en portal propio, ATS compartido, cantón, Job-Room o agregador público."
PUB-CH-AG-MUN-4231,MUNICIPALITY,CH,AG,Aargau,4231,Gemeinde/Stadt Dietwil,Bezirk Muri,1,GERMAN,NO,3,P2_RURAL,Stadtgrün;Stadtgärtnerei;Werkhof;Werkdienst;Gemeindebetriebe;Friedhof;Parks;Sportanlagen;Schulanlagen;Forst;Liegenschaften;Strassenunterhalt;Arealpflege;Winterdienst,DISCOVERY_PENDING,,TO_DISCOVER,NOT_YET_AUDITED,"Puede publicar en portal propio, ATS compartido, cantón, Job-Room o agregador público."
PUB-CH-AG-MUN-4194,MUNICIPALITY,CH,AG,Aargau,4194,Gemeinde/Stadt Dintikon,Bezirk Lenzburg,1,GERMAN,NO,2,P1_URBAN_OR_INTERMEDIATE,Stadtgrün;Stadtgärtnerei;Werkhof;Werkdienst;Gemeindebetriebe;Friedhof;Parks;Sportanlagen;Schulanlagen;Forst;Liegenschaften;Strassenunterhalt;Arealpflege;Winterdienst,DISCOVERY_PENDING,,TO_DISCOVER,NOT_YET_AUDITED,"Puede publicar en portal propio, ATS compartido, cantón, Job-Room o agregador público."
PUB-CH-AG-MUN-4065,MUNICIPALITY,CH,AG,Aargau,4065,Gemeinde/Stadt Dottikon,Bezirk Bremgarten,1,GERMAN,NO,2,P1_URBAN_OR_INTERMEDIATE,Stadtgrün;Stadtgärtnerei;Werkhof;Werkdienst;Gemeindebetriebe;Friedhof;Parks;Sportanlagen;Schulanlagen;Forst;Liegenschaften;Strassenunterhalt;Arealpflege;Winterdienst,DISCOVERY_PENDING,,TO_DISCOVER,NOT_YET_AUDITED,"Puede publicar en portal propio, ATS compartido, cantón, Job-Room o agregador público."
PUB-CH-AG-MUN-4304,MUNICIPALITY,CH,AG,Aargau,4304,Gemeinde/Stadt Döttingen,Bezirk Zurzach,1,GERMAN,NO,2,P1_URBAN_OR_INTERMEDIATE,Stadtgrün;Stadtgärtnerei;Werkhof;Werkdienst;Gemeindebetriebe;Friedhof;Parks;Sportanlagen;Schulanlagen;Forst;Liegenschaften;Strassenunterhalt;Arealpflege;Winterdienst,DISCOVERY_PENDING,,TO_DISCOVER,NOT_YET_AUDITED,"Puede publicar en portal propio, ATS compartido, cantón, Job-Room o agregador público."
PUB-CH-AG-MUN-4134,MUNICIPALITY,CH,AG,Aargau,4134,Gemeinde/Stadt Dürrenäsch,Bezirk Kulm,1,GERMAN,NO,2,P1_URBAN_OR_INTERMEDIATE,Stadtgrün;Stadtgärtnerei;Werkhof;Werkdienst;Gemeindebetriebe;Friedhof;Parks;Sportanlagen;Schulanlagen;Forst;Liegenschaften;Strassenunterhalt;Arealpflege;Winterdienst,DISCOVERY_PENDING,,TO_DISCOVER,NOT_YET_AUDITED,"Puede publicar en portal propio, ATS compartido, cantón, Job-Room o agregador público."
PUB-CH-AG-MUN-4066,MUNICIPALITY,CH,AG,Aargau,4066,Gemeinde/Stadt Eggenwil,Bezirk Bremgarten,1,GERMAN,NO,2,P1_URBAN_OR_INTERMEDIATE,Stadtgrün;Stadtgärtnerei;Werkhof;Werkdienst;Gemeindebetriebe;Friedhof;Parks;Sportanlagen;Schulanlagen;Forst;Liegenschaften;Strassenunterhalt;Arealpflege;Winterdienst,DISCOVERY_PENDING,,TO_DISCOVER,NOT_YET_AUDITED,"Puede publicar en portal propio, ATS compartido, cantón, Job-Room o agregador público."
PUB-CH-AG-MUN-4195,MUNICIPALITY,CH,AG,Aargau,4195,Gemeinde/Stadt Egliswil,Bezirk Lenzburg,1,GERMAN,NO,2,P1_URBAN_OR_INTERMEDIATE,Stadtgrün;Stadtgärtnerei;Werkhof;Werkdienst;Gemeindebetriebe;Friedhof;Parks;Sportanlagen;Schulanlagen;Forst;Liegenschaften;Strassenunterhalt;Arealpflege;Winterdienst,DISCOVERY_PENDING,,TO_DISCOVER,NOT_YET_AUDITED,"Puede publicar en portal propio, ATS compartido, cantón, Job-Room o agregador público."
PUB-CH-AG-MUN-4049,MUNICIPALITY,CH,AG,Aargau,4049,Gemeinde/Stadt Ehrendingen,Bezirk Baden,1,GERMAN,NO,2,P1_URBAN_OR_INTERMEDIATE,Stadtgrün;Stadtgärtnerei;Werkhof;Werkdienst;Gemeindebetriebe;Friedhof;Parks;Sportanlagen;Schulanlagen;Forst;Liegenschaften;Strassenunterhalt;Arealpflege;Winterdienst,DISCOVERY_PENDING,,TO_DISCOVER,NOT_YET_AUDITED,"Puede publicar en portal propio, ATS compartido, cantón, Job-Room o agregador público."
PUB-CH-AG-MUN-4161,MUNICIPALITY,CH,AG,Aargau,4161,Gemeinde/Stadt Eiken,Bezirk Laufenburg,1,GERMAN,NO,2,P1_URBAN_OR_INTERMEDIATE,Stadtgrün;Stadtgärtnerei;Werkhof;Werkdienst;Gemeindebetriebe;Friedhof;Parks;Sportanlagen;Schulanlagen;Forst;Liegenschaften;Strassenunterhalt;Arealpflege;Winterdienst,DISCOVERY_PENDING,,TO_DISCOVER,NOT_YET_AUDITED,"Puede publicar en portal propio, ATS compartido, cantón, Job-Room o agregador público."
PUB-CH-AG-MUN-4305,MUNICIPALITY,CH,AG,Aargau,4305,Gemeinde/Stadt Endingen,Bezirk Zurzach,1,GERMAN,NO,3,P2_RURAL,Stadtgrün;Stadtgärtnerei;Werkhof;Werkdienst;Gemeindebetriebe;Friedhof;Parks;Sportanlagen;Schulanlagen;Forst;Liegenschaften;Strassenunterhalt;Arealpflege;Winterdienst,DISCOVERY_PENDING,,TO_DISCOVER,NOT_YET_AUDITED,"Puede publicar en portal propio, ATS compartido, cantón, Job-Room o agregador público."
PUB-CH-AG-MUN-4026,MUNICIPALITY,CH,AG,Aargau,4026,Gemeinde/Stadt Ennetbaden,Bezirk Baden,1,GERMAN,NO,2,P1_URBAN_OR_INTERMEDIATE,Stadtgrün;Stadtgärtnerei;Werkhof;Werkdienst;Gemeindebetriebe;Friedhof;Parks;Sportanlagen;Schulanlagen;Forst;Liegenschaften;Strassenunterhalt;Arealpflege;Winterdienst,DISCOVERY_PENDING,,TO_DISCOVER,NOT_YET_AUDITED,"Puede publicar en portal propio, ATS compartido, cantón, Job-Room o agregador público."
PUB-CH-AG-MUN-4005,MUNICIPALITY,CH,AG,Aargau,4005,Gemeinde/Stadt Erlinsbach (AG),Bezirk Aarau,1,GERMAN,NO,2,P1_URBAN_OR_INTERMEDIATE,Stadtgrün;Stadtgärtnerei;Werkhof;Werkdienst;Gemeindebetriebe;Friedhof;Parks;Sportanlagen;Schulanlagen;Forst;Liegenschaften;Strassenunterhalt;Arealpflege;Winterdienst,DISCOVERY_PENDING,,TO_DISCOVER,NOT_YET_AUDITED,"Puede publicar en portal propio, ATS compartido, cantón, Job-Room o agregador público."
PUB-CH-AG-MUN-4196,MUNICIPALITY,CH,AG,Aargau,4196,Gemeinde/Stadt Fahrwangen,Bezirk Lenzburg,1,GERMAN,NO,2,P1_URBAN_OR_INTERMEDIATE,Stadtgrün;Stadtgärtnerei;Werkhof;Werkdienst;Gemeindebetriebe;Friedhof;Parks;Sportanlagen;Schulanlagen;Forst;Liegenschaften;Strassenunterhalt;Arealpflege;Winterdienst,DISCOVERY_PENDING,,TO_DISCOVER,NOT_YET_AUDITED,"Puede publicar en portal propio, ATS compartido, cantón, Job-Room o agregador público."
PUB-CH-AG-MUN-4067,MUNICIPALITY,CH,AG,Aargau,4067,Gemeinde/Stadt Fischbach-Göslikon,Bezirk Bremgarten,1,GERMAN,NO,2,P1_URBAN_OR_INTERMEDIATE,Stadtgrün;Stadtgärtnerei;Werkhof;Werkdienst;Gemeindebetriebe;Friedhof;Parks;Sportanlagen;Schulanlagen;Forst;Liegenschaften;Strassenunterhalt;Arealpflege;Winterdienst,DISCOVERY_PENDING,,TO_DISCOVER,NOT_YET_AUDITED,"Puede publicar en portal propio, ATS compartido, cantón, Job-Room o agregador público."
PUB-CH-AG-MUN-4306,MUNICIPALITY,CH,AG,Aargau,4306,Gemeinde/Stadt Fisibach,Bezirk Zurzach,1,GERMAN,NO,2,P1_URBAN_OR_INTERMEDIATE,Stadtgrün;Stadtgärtnerei;Werkhof;Werkdienst;Gemeindebetriebe;Friedhof;Parks;Sportanlagen;Schulanlagen;Forst;Liegenschaften;Strassenunterhalt;Arealpflege;Winterdienst,DISCOVERY_PENDING,,TO_DISCOVER,NOT_YET_AUDITED,"Puede publicar en portal propio, ATS compartido, cantón, Job-Room o agregador público."
PUB-CH-AG-MUN-4027,MUNICIPALITY,CH,AG,Aargau,4027,Gemeinde/Stadt Fislisbach,Bezirk Baden,1,GERMAN,NO,2,P1_URBAN_OR_INTERMEDIATE,Stadtgrün;Stadtgärtnerei;Werkhof;Werkdienst;Gemeindebetriebe;Friedhof;Parks;Sportanlagen;Schulanlagen;Forst;Liegenschaften;Strassenunterhalt;Arealpflege;Winterdienst,DISCOVERY_PENDING,,TO_DISCOVER,NOT_YET_AUDITED,"Puede publicar en portal propio, ATS compartido, cantón, Job-Room o agregador público."
PUB-CH-AG-MUN-4028,MUNICIPALITY,CH,AG,Aargau,4028,Gemeinde/Stadt Freienwil,Bezirk Baden,1,GERMAN,NO,2,P1_URBAN_OR_INTERMEDIATE,Stadtgrün;Stadtgärtnerei;Werkhof;Werkdienst;Gemeindebetriebe;Friedhof;Parks;Sportanlagen;Schulanlagen;Forst;Liegenschaften;Strassenunterhalt;Arealpflege;Winterdienst,DISCOVERY_PENDING,,TO_DISCOVER,NOT_YET_AUDITED,"Puede publicar en portal propio, ATS compartido, cantón, Job-Room o agregador público."
PUB-CH-AG-MUN-4163,MUNICIPALITY,CH,AG,Aargau,4163,Gemeinde/Stadt Frick,Bezirk Laufenburg,1,GERMAN,NO,2,P1_URBAN_OR_INTERMEDIATE,Stadtgrün;Stadtgärtnerei;Werkhof;Werkdienst;Gemeindebetriebe;Friedhof;Parks;Sportanlagen;Schulanlagen;Forst;Liegenschaften;Strassenunterhalt;Arealpflege;Winterdienst,DISCOVERY_PENDING,,TO_DISCOVER,NOT_YET_AUDITED,"Puede publicar en portal propio, ATS compartido, cantón, Job-Room o agregador público."
PUB-CH-AG-MUN-4307,MUNICIPALITY,CH,AG,Aargau,4307,Gemeinde/Stadt Full-Reuenthal,Bezirk Zurzach,1,GERMAN,NO,2,P1_URBAN_OR_INTERMEDIATE,Stadtgrün;Stadtgärtnerei;Werkhof;Werkdienst;Gemeindebetriebe;Friedhof;Parks;Sportanlagen;Schulanlagen;Forst;Liegenschaften;Strassenunterhalt;Arealpflege;Winterdienst,DISCOVERY_PENDING,,TO_DISCOVER,NOT_YET_AUDITED,"Puede publicar en portal propio, ATS compartido, cantón, Job-Room o agregador público."
PUB-CH-AG-MUN-4164,MUNICIPALITY,CH,AG,Aargau,4164,Gemeinde/Stadt Gansingen,Bezirk Laufenburg,1,GERMAN,NO,3,P2_RURAL,Stadtgrün;Stadtgärtnerei;Werkhof;Werkdienst;Gemeindebetriebe;Friedhof;Parks;Sportanlagen;Schulanlagen;Forst;Liegenschaften;Strassenunterhalt;Arealpflege;Winterdienst,DISCOVERY_PENDING,,TO_DISCOVER,NOT_YET_AUDITED,"Puede publicar en portal propio, ATS compartido, cantón, Job-Room o agregador público."
PUB-CH-AG-MUN-4029,MUNICIPALITY,CH,AG,Aargau,4029,Gemeinde/Stadt Gebenstorf,Bezirk Baden,1,GERMAN,NO,2,P1_URBAN_OR_INTERMEDIATE,Stadtgrün;Stadtgärtnerei;Werkhof;Werkdienst;Gemeindebetriebe;Friedhof;Parks;Sportanlagen;Schulanlagen;Forst;Liegenschaften;Strassenunterhalt;Arealpflege;Winterdienst,DISCOVERY_PENDING,,TO_DISCOVER,NOT_YET_AUDITED,"Puede publicar en portal propio, ATS compartido, cantón, Job-Room o agregador público."
PUB-CH-AG-MUN-4232,MUNICIPALITY,CH,AG,Aargau,4232,Gemeinde/Stadt Geltwil,Bezirk Muri,1,GERMAN,NO,3,P2_RURAL,Stadtgrün;Stadtgärtnerei;Werkhof;Werkdienst;Gemeindebetriebe;Friedhof;Parks;Sportanlagen;Schulanlagen;Forst;Liegenschaften;Strassenunterhalt;Arealpflege;Winterdienst,DISCOVERY_PENDING,,TO_DISCOVER,NOT_YET_AUDITED,"Puede publicar en portal propio, ATS compartido, cantón, Job-Room o agregador público."
PUB-CH-AG-MUN-4165,MUNICIPALITY,CH,AG,Aargau,4165,Gemeinde/Stadt Gipf-Oberfrick,Bezirk Laufenburg,1,GERMAN,NO,2,P1_URBAN_OR_INTERMEDIATE,Stadtgrün;Stadtgärtnerei;Werkhof;Werkdienst;Gemeindebetriebe;Friedhof;Parks;Sportanlagen;Schulanlagen;Forst;Liegenschaften;Strassenunterhalt;Arealpflege;Winterdienst,DISCOVERY_PENDING,,TO_DISCOVER,NOT_YET_AUDITED,"Puede publicar en portal propio, ATS compartido, cantón, Job-Room o agregador público."
PUB-CH-AG-MUN-4135,MUNICIPALITY,CH,AG,Aargau,4135,Gemeinde/Stadt Gontenschwil,Bezirk Kulm,1,GERMAN,NO,2,P1_URBAN_OR_INTERMEDIATE,Stadtgrün;Stadtgärtnerei;Werkhof;Werkdienst;Gemeindebetriebe;Friedhof;Parks;Sportanlagen;Schulanlagen;Forst;Liegenschaften;Strassenunterhalt;Arealpflege;Winterdienst,DISCOVERY_PENDING,,TO_DISCOVER,NOT_YET_AUDITED,"Puede publicar en portal propio, ATS compartido, cantón, Job-Room o agregador público."
PUB-CH-AG-MUN-4006,MUNICIPALITY,CH,AG,Aargau,4006,Gemeinde/Stadt Gränichen,Bezirk Aarau,1,GERMAN,NO,2,P1_URBAN_OR_INTERMEDIATE,Stadtgrün;Stadtgärtnerei;Werkhof;Werkdienst;Gemeindebetriebe;Friedhof;Parks;Sportanlagen;Schulanlagen;Forst;Liegenschaften;Strassenunterhalt;Arealpflege;Winterdienst,DISCOVERY_PENDING,,TO_DISCOVER,NOT_YET_AUDITED,"Puede publicar en portal propio, ATS compartido, cantón, Job-Room o agregador público."
PUB-CH-AG-MUN-4099,MUNICIPALITY,CH,AG,Aargau,4099,Gemeinde/Stadt Habsburg,Bezirk Brugg,1,GERMAN,NO,2,P1_URBAN_OR_INTERMEDIATE,Stadtgrün;Stadtgärtnerei;Werkhof;Werkdienst;Gemeindebetriebe;Friedhof;Parks;Sportanlagen;Schulanlagen;Forst;Liegenschaften;Strassenunterhalt;Arealpflege;Winterdienst,DISCOVERY_PENDING,,TO_DISCOVER,NOT_YET_AUDITED,"Puede publicar en portal propio, ATS compartido, cantón, Job-Room o agregador público."
PUB-CH-AG-MUN-4197,MUNICIPALITY,CH,AG,Aargau,4197,Gemeinde/Stadt Hallwil,Bezirk Lenzburg,1,GERMAN,NO,2,P1_URBAN_OR_INTERMEDIATE,Stadtgrün;Stadtgärtnerei;Werkhof;Werkdienst;Gemeindebetriebe;Friedhof;Parks;Sportanlagen;Schulanlagen;Forst;Liegenschaften;Strassenunterhalt;Arealpflege;Winterdienst,DISCOVERY_PENDING,,TO_DISCOVER,NOT_YET_AUDITED,"Puede publicar en portal propio, ATS compartido, cantón, Job-Room o agregador público."
PUB-CH-AG-MUN-4100,MUNICIPALITY,CH,AG,Aargau,4100,Gemeinde/Stadt Hausen (AG),Bezirk Brugg,1,GERMAN,NO,2,P1_URBAN_OR_INTERMEDIATE,Stadtgrün;Stadtgärtnerei;Werkhof;Werkdienst;Gemeindebetriebe;Friedhof;Parks;Sportanlagen;Schulanlagen;Forst;Liegenschaften;Strassenunterhalt;Arealpflege;Winterdienst,DISCOVERY_PENDING,,TO_DISCOVER,NOT_YET_AUDITED,"Puede publicar en portal propio, ATS compartido, cantón, Job-Room o agregador público."
PUB-CH-AG-MUN-4251,MUNICIPALITY,CH,AG,Aargau,4251,Gemeinde/Stadt Hellikon,Bezirk Rheinfelden,1,GERMAN,NO,3,P2_RURAL,Stadtgrün;Stadtgärtnerei;Werkhof;Werkdienst;Gemeindebetriebe;Friedhof;Parks;Sportanlagen;Schulanlagen;Forst;Liegenschaften;Strassenunterhalt;Arealpflege;Winterdienst,DISCOVERY_PENDING,,TO_DISCOVER,NOT_YET_AUDITED,"Puede publicar en portal propio, ATS compartido, cantón, Job-Room o agregador público."
PUB-CH-AG-MUN-4198,MUNICIPALITY,CH,AG,Aargau,4198,Gemeinde/Stadt Hendschiken,Bezirk Lenzburg,1,GERMAN,NO,2,P1_URBAN_OR_INTERMEDIATE,Stadtgrün;Stadtgärtnerei;Werkhof;Werkdienst;Gemeindebetriebe;Friedhof;Parks;Sportanlagen;Schulanlagen;Forst;Liegenschaften;Strassenunterhalt;Arealpflege;Winterdienst,DISCOVERY_PENDING,,TO_DISCOVER,NOT_YET_AUDITED,"Puede publicar en portal propio, ATS compartido, cantón, Job-Room o agregador público."
PUB-CH-AG-MUN-4186,MUNICIPALITY,CH,AG,Aargau,4186,Gemeinde/Stadt Herznach-Ueken,Bezirk Laufenburg,1,GERMAN,NO,3,P2_RURAL,Stadtgrün;Stadtgärtnerei;Werkhof;Werkdienst;Gemeindebetriebe;Friedhof;Parks;Sportanlagen;Schulanlagen;Forst;Liegenschaften;Strassenunterhalt;Arealpflege;Winterdienst,DISCOVERY_PENDING,,TO_DISCOVER,NOT_YET_AUDITED,"Puede publicar en portal propio, ATS compartido, cantón, Job-Room o agregador público."
PUB-CH-AG-MUN-4007,MUNICIPALITY,CH,AG,Aargau,4007,Gemeinde/Stadt Hirschthal,Bezirk Aarau,1,GERMAN,NO,2,P1_URBAN_OR_INTERMEDIATE,Stadtgrün;Stadtgärtnerei;Werkhof;Werkdienst;Gemeindebetriebe;Friedhof;Parks;Sportanlagen;Schulanlagen;Forst;Liegenschaften;Strassenunterhalt;Arealpflege;Winterdienst,DISCOVERY_PENDING,,TO_DISCOVER,NOT_YET_AUDITED,"Puede publicar en portal propio, ATS compartido, cantón, Job-Room o agregador público."
PUB-CH-AG-MUN-4199,MUNICIPALITY,CH,AG,Aargau,4199,Gemeinde/Stadt Holderbank (AG),Bezirk Lenzburg,1,GERMAN,NO,2,P1_URBAN_OR_INTERMEDIATE,Stadtgrün;Stadtgärtnerei;Werkhof;Werkdienst;Gemeindebetriebe;Friedhof;Parks;Sportanlagen;Schulanlagen;Forst;Liegenschaften;Strassenunterhalt;Arealpflege;Winterdienst,DISCOVERY_PENDING,,TO_DISCOVER,NOT_YET_AUDITED,"Puede publicar en portal propio, ATS compartido, cantón, Job-Room o agregador público."
PUB-CH-AG-MUN-4136,MUNICIPALITY,CH,AG,Aargau,4136,Gemeinde/Stadt Holziken,Bezirk Kulm,1,GERMAN,NO,2,P1_URBAN_OR_INTERMEDIATE,Stadtgrün;Stadtgärtnerei;Werkhof;Werkdienst;Gemeindebetriebe;Friedhof;Parks;Sportanlagen;Schulanlagen;Forst;Liegenschaften;Strassenunterhalt;Arealpflege;Winterdienst,DISCOVERY_PENDING,,TO_DISCOVER,NOT_YET_AUDITED,"Puede publicar en portal propio, ATS compartido, cantón, Job-Room o agregador público."
PUB-CH-AG-MUN-4200,MUNICIPALITY,CH,AG,Aargau,4200,Gemeinde/Stadt Hunzenschwil,Bezirk Lenzburg,1,GERMAN,NO,2,P1_URBAN_OR_INTERMEDIATE,Stadtgrün;Stadtgärtnerei;Werkhof;Werkdienst;Gemeindebetriebe;Friedhof;Parks;Sportanlagen;Schulanlagen;Forst;Liegenschaften;Strassenunterhalt;Arealpflege;Winterdienst,DISCOVERY_PENDING,,TO_DISCOVER,NOT_YET_AUDITED,"Puede publicar en portal propio, ATS compartido, cantón, Job-Room o agregador público."
PUB-CH-AG-MUN-4068,MUNICIPALITY,CH,AG,Aargau,4068,Gemeinde/Stadt Hägglingen,Bezirk Bremgarten,1,GERMAN,NO,2,P1_URBAN_OR_INTERMEDIATE,Stadtgrün;Stadtgärtnerei;Werkhof;Werkdienst;Gemeindebetriebe;Friedhof;Parks;Sportanlagen;Schulanlagen;Forst;Liegenschaften;Strassenunterhalt;Arealpflege;Winterdienst,DISCOVERY_PENDING,,TO_DISCOVER,NOT_YET_AUDITED,"Puede publicar en portal propio, ATS compartido, cantón, Job-Room o agregador público."
PUB-CH-AG-MUN-4084,MUNICIPALITY,CH,AG,Aargau,4084,Gemeinde/Stadt Islisberg,Bezirk Bremgarten,1,GERMAN,NO,2,P1_URBAN_OR_INTERMEDIATE,Stadtgrün;Stadtgärtnerei;Werkhof;Werkdienst;Gemeindebetriebe;Friedhof;Parks;Sportanlagen;Schulanlagen;Forst;Liegenschaften;Strassenunterhalt;Arealpflege;Winterdienst,DISCOVERY_PENDING,,TO_DISCOVER,NOT_YET_AUDITED,"Puede publicar en portal propio, ATS compartido, cantón, Job-Room o agregador público."
PUB-CH-AG-MUN-4071,MUNICIPALITY,CH,AG,Aargau,4071,Gemeinde/Stadt Jonen,Bezirk Bremgarten,1,GERMAN,NO,2,P1_URBAN_OR_INTERMEDIATE,Stadtgrün;Stadtgärtnerei;Werkhof;Werkdienst;Gemeindebetriebe;Friedhof;Parks;Sportanlagen;Schulanlagen;Forst;Liegenschaften;Strassenunterhalt;Arealpflege;Winterdienst,DISCOVERY_PENDING,,TO_DISCOVER,NOT_YET_AUDITED,"Puede publicar en portal propio, ATS compartido, cantón, Job-Room o agregador público."
PUB-CH-AG-MUN-4252,MUNICIPALITY,CH,AG,Aargau,4252,Gemeinde/Stadt Kaiseraugst,Bezirk Rheinfelden,1,GERMAN,NO,2,P1_URBAN_OR_INTERMEDIATE,Stadtgrün;Stadtgärtnerei;Werkhof;Werkdienst;Gemeindebetriebe;Friedhof;Parks;Sportanlagen;Schulanlagen;Forst;Liegenschaften;Strassenunterhalt;Arealpflege;Winterdienst,DISCOVERY_PENDING,,TO_DISCOVER,NOT_YET_AUDITED,"Puede publicar en portal propio, ATS compartido, cantón, Job-Room o agregador público."
PUB-CH-AG-MUN-4169,MUNICIPALITY,CH,AG,Aargau,4169,Gemeinde/Stadt Kaisten,Bezirk Laufenburg,1,GERMAN,NO,2,P1_URBAN_OR_INTERMEDIATE,Stadtgrün;Stadtgärtnerei;Werkhof;Werkdienst;Gemeindebetriebe;Friedhof;Parks;Sportanlagen;Schulanlagen;Forst;Liegenschaften;Strassenunterhalt;Arealpflege;Winterdienst,DISCOVERY_PENDING,,TO_DISCOVER,NOT_YET_AUDITED,"Puede publicar en portal propio, ATS compartido, cantón, Job-Room o agregador público."
PUB-CH-AG-MUN-4233,MUNICIPALITY,CH,AG,Aargau,4233,Gemeinde/Stadt Kallern,Bezirk Muri,1,GERMAN,NO,3,P2_RURAL,Stadtgrün;Stadtgärtnerei;Werkhof;Werkdienst;Gemeindebetriebe;Friedhof;Parks;Sportanlagen;Schulanlagen;Forst;Liegenschaften;Strassenunterhalt;Arealpflege;Winterdienst,DISCOVERY_PENDING,,TO_DISCOVER,NOT_YET_AUDITED,"Puede publicar en portal propio, ATS compartido, cantón, Job-Room o agregador público."
PUB-CH-AG-MUN-4030,MUNICIPALITY,CH,AG,Aargau,4030,Gemeinde/Stadt Killwangen,Bezirk Baden,1,GERMAN,NO,2,P1_URBAN_OR_INTERMEDIATE,Stadtgrün;Stadtgärtnerei;Werkhof;Werkdienst;Gemeindebetriebe;Friedhof;Parks;Sportanlagen;Schulanlagen;Forst;Liegenschaften;Strassenunterhalt;Arealpflege;Winterdienst,DISCOVERY_PENDING,,TO_DISCOVER,NOT_YET_AUDITED,"Puede publicar en portal propio, ATS compartido, cantón, Job-Room o agregador público."
PUB-CH-AG-MUN-4275,MUNICIPALITY,CH,AG,Aargau,4275,Gemeinde/Stadt Kirchleerau,Bezirk Zofingen,1,GERMAN,NO,3,P2_RURAL,Stadtgrün;Stadtgärtnerei;Werkhof;Werkdienst;Gemeindebetriebe;Friedhof;Parks;Sportanlagen;Schulanlagen;Forst;Liegenschaften;Strassenunterhalt;Arealpflege;Winterdienst,DISCOVERY_PENDING,,TO_DISCOVER,NOT_YET_AUDITED,"Puede publicar en portal propio, ATS compartido, cantón, Job-Room o agregador público."
PUB-CH-AG-MUN-4309,MUNICIPALITY,CH,AG,Aargau,4309,Gemeinde/Stadt Klingnau,Bezirk Zurzach,1,GERMAN,NO,2,P1_URBAN_OR_INTERMEDIATE,Stadtgrün;Stadtgärtnerei;Werkhof;Werkdienst;Gemeindebetriebe;Friedhof;Parks;Sportanlagen;Schulanlagen;Forst;Liegenschaften;Strassenunterhalt;Arealpflege;Winterdienst,DISCOVERY_PENDING,,TO_DISCOVER,NOT_YET_AUDITED,"Puede publicar en portal propio, ATS compartido, cantón, Job-Room o agregador público."
PUB-CH-AG-MUN-4310,MUNICIPALITY,CH,AG,Aargau,4310,Gemeinde/Stadt Koblenz,Bezirk Zurzach,1,GERMAN,NO,2,P1_URBAN_OR_INTERMEDIATE,Stadtgrün;Stadtgärtnerei;Werkhof;Werkdienst;Gemeindebetriebe;Friedhof;Parks;Sportanlagen;Schulanlagen;Forst;Liegenschaften;Strassenunterhalt;Arealpflege;Winterdienst,DISCOVERY_PENDING,,TO_DISCOVER,NOT_YET_AUDITED,"Puede publicar en portal propio, ATS compartido, cantón, Job-Room o agregador público."
PUB-CH-AG-MUN-4276,MUNICIPALITY,CH,AG,Aargau,4276,Gemeinde/Stadt Kölliken,Bezirk Zofingen,1,GERMAN,NO,2,P1_URBAN_OR_INTERMEDIATE,Stadtgrün;Stadtgärtnerei;Werkhof;Werkdienst;Gemeindebetriebe;Friedhof;Parks;Sportanlagen;Schulanlagen;Forst;Liegenschaften;Strassenunterhalt;Arealpflege;Winterdienst,DISCOVERY_PENDING,,TO_DISCOVER,NOT_YET_AUDITED,"Puede publicar en portal propio, ATS compartido, cantón, Job-Room o agregador público."
PUB-CH-AG-MUN-4031,MUNICIPALITY,CH,AG,Aargau,4031,Gemeinde/Stadt Künten,Bezirk Baden,1,GERMAN,NO,2,P1_URBAN_OR_INTERMEDIATE,Stadtgrün;Stadtgärtnerei;Werkhof;Werkdienst;Gemeindebetriebe;Friedhof;Parks;Sportanlagen;Schulanlagen;Forst;Liegenschaften;Strassenunterhalt;Arealpflege;Winterdienst,DISCOVERY_PENDING,,TO_DISCOVER,NOT_YET_AUDITED,"Puede publicar en portal propio, ATS compartido, cantón, Job-Room o agregador público."
PUB-CH-AG-MUN-4008,MUNICIPALITY,CH,AG,Aargau,4008,Gemeinde/Stadt Küttigen,Bezirk Aarau,1,GERMAN,NO,1,P1_URBAN_OR_INTERMEDIATE,Stadtgrün;Stadtgärtnerei;Werkhof;Werkdienst;Gemeindebetriebe;Friedhof;Parks;Sportanlagen;Schulanlagen;Forst;Liegenschaften;Strassenunterhalt;Arealpflege;Winterdienst,DISCOVERY_PENDING,,TO_DISCOVER,NOT_YET_AUDITED,"Puede publicar en portal propio, ATS compartido, cantón, Job-Room o agregador público."
PUB-CH-AG-MUN-4170,MUNICIPALITY,CH,AG,Aargau,4170,Gemeinde/Stadt Laufenburg,Bezirk Laufenburg,1,GERMAN,NO,2,P1_URBAN_OR_INTERMEDIATE,Stadtgrün;Stadtgärtnerei;Werkhof;Werkdienst;Gemeindebetriebe;Friedhof;Parks;Sportanlagen;Schulanlagen;Forst;Liegenschaften;Strassenunterhalt;Arealpflege;Winterdienst,DISCOVERY_PENDING,,TO_DISCOVER,NOT_YET_AUDITED,"Puede publicar en portal propio, ATS compartido, cantón, Job-Room o agregador público."
PUB-CH-AG-MUN-4311,MUNICIPALITY,CH,AG,Aargau,4311,Gemeinde/Stadt Leibstadt,Bezirk Zurzach,1,GERMAN,NO,3,P2_RURAL,Stadtgrün;Stadtgärtnerei;Werkhof;Werkdienst;Gemeindebetriebe;Friedhof;Parks;Sportanlagen;Schulanlagen;Forst;Liegenschaften;Strassenunterhalt;Arealpflege;Winterdienst,DISCOVERY_PENDING,,TO_DISCOVER,NOT_YET_AUDITED,"Puede publicar en portal propio, ATS compartido, cantón, Job-Room o agregador público."
PUB-CH-AG-MUN-4137,MUNICIPALITY,CH,AG,Aargau,4137,Gemeinde/Stadt Leimbach (AG),Bezirk Kulm,1,GERMAN,NO,2,P1_URBAN_OR_INTERMEDIATE,Stadtgrün;Stadtgärtnerei;Werkhof;Werkdienst;Gemeindebetriebe;Friedhof;Parks;Sportanlagen;Schulanlagen;Forst;Liegenschaften;Strassenunterhalt;Arealpflege;Winterdienst,DISCOVERY_PENDING,,TO_DISCOVER,NOT_YET_AUDITED,"Puede publicar en portal propio, ATS compartido, cantón, Job-Room o agregador público."
PUB-CH-AG-MUN-4312,MUNICIPALITY,CH,AG,Aargau,4312,Gemeinde/Stadt Lengnau (AG),Bezirk Zurzach,1,GERMAN,NO,3,P2_RURAL,Stadtgrün;Stadtgärtnerei;Werkhof;Werkdienst;Gemeindebetriebe;Friedhof;Parks;Sportanlagen;Schulanlagen;Forst;Liegenschaften;Strassenunterhalt;Arealpflege;Winterdienst,DISCOVERY_PENDING,,TO_DISCOVER,NOT_YET_AUDITED,"Puede publicar en portal propio, ATS compartido, cantón, Job-Room o agregador público."
PUB-CH-AG-MUN-4201,MUNICIPALITY,CH,AG,Aargau,4201,Gemeinde/Stadt Lenzburg,Bezirk Lenzburg,1,GERMAN,YES,2,P0_CITY,Stadtgrün;Stadtgärtnerei;Werkhof;Werkdienst;Gemeindebetriebe;Friedhof;Parks;Sportanlagen;Schulanlagen;Forst;Liegenschaften;Strassenunterhalt;Arealpflege;Winterdienst,DISCOVERY_PENDING,,TO_DISCOVER,NOT_YET_AUDITED,"Puede publicar en portal propio, ATS compartido, cantón, Job-Room o agregador público."
PUB-CH-AG-MUN-4313,MUNICIPALITY,CH,AG,Aargau,4313,Gemeinde/Stadt Leuggern,Bezirk Zurzach,1,GERMAN,NO,2,P1_URBAN_OR_INTERMEDIATE,Stadtgrün;Stadtgärtnerei;Werkhof;Werkdienst;Gemeindebetriebe;Friedhof;Parks;Sportanlagen;Schulanlagen;Forst;Liegenschaften;Strassenunterhalt;Arealpflege;Winterdienst,DISCOVERY_PENDING,,TO_DISCOVER,NOT_YET_AUDITED,"Puede publicar en portal propio, ATS compartido, cantón, Job-Room o agregador público."
PUB-CH-AG-MUN-4138,MUNICIPALITY,CH,AG,Aargau,4138,Gemeinde/Stadt Leutwil,Bezirk Kulm,1,GERMAN,NO,2,P1_URBAN_OR_INTERMEDIATE,Stadtgrün;Stadtgärtnerei;Werkhof;Werkdienst;Gemeindebetriebe;Friedhof;Parks;Sportanlagen;Schulanlagen;Forst;Liegenschaften;Strassenunterhalt;Arealpflege;Winterdienst,DISCOVERY_PENDING,,TO_DISCOVER,NOT_YET_AUDITED,"Puede publicar en portal propio, ATS compartido, cantón, Job-Room o agregador público."
PUB-CH-AG-MUN-4104,MUNICIPALITY,CH,AG,Aargau,4104,Gemeinde/Stadt Lupfig,Bezirk Brugg,1,GERMAN,NO,2,P1_URBAN_OR_INTERMEDIATE,Stadtgrün;Stadtgärtnerei;Werkhof;Werkdienst;Gemeindebetriebe;Friedhof;Parks;Sportanlagen;Schulanlagen;Forst;Liegenschaften;Strassenunterhalt;Arealpflege;Winterdienst,DISCOVERY_PENDING,,TO_DISCOVER,NOT_YET_AUDITED,"Puede publicar en portal propio, ATS compartido, cantón, Job-Room o agregador público."
PUB-CH-AG-MUN-4253,MUNICIPALITY,CH,AG,Aargau,4253,Gemeinde/Stadt Magden,Bezirk Rheinfelden,1,GERMAN,NO,3,P2_RURAL,Stadtgrün;Stadtgärtnerei;Werkhof;Werkdienst;Gemeindebetriebe;Friedhof;Parks;Sportanlagen;Schulanlagen;Forst;Liegenschaften;Strassenunterhalt;Arealpflege;Winterdienst,DISCOVERY_PENDING,,TO_DISCOVER,NOT_YET_AUDITED,"Puede publicar en portal propio, ATS compartido, cantón, Job-Room o agregador público."
PUB-CH-AG-MUN-4105,MUNICIPALITY,CH,AG,Aargau,4105,Gemeinde/Stadt Mandach,Bezirk Brugg,1,GERMAN,NO,3,P2_RURAL,Stadtgrün;Stadtgärtnerei;Werkhof;Werkdienst;Gemeindebetriebe;Friedhof;Parks;Sportanlagen;Schulanlagen;Forst;Liegenschaften;Strassenunterhalt;Arealpflege;Winterdienst,DISCOVERY_PENDING,,TO_DISCOVER,NOT_YET_AUDITED,"Puede publicar en portal propio, ATS compartido, cantón, Job-Room o agregador público."
PUB-CH-AG-MUN-4202,MUNICIPALITY,CH,AG,Aargau,4202,Gemeinde/Stadt Meisterschwanden,Bezirk Lenzburg,1,GERMAN,NO,2,P1_URBAN_OR_INTERMEDIATE,Stadtgrün;Stadtgärtnerei;Werkhof;Werkdienst;Gemeindebetriebe;Friedhof;Parks;Sportanlagen;Schulanlagen;Forst;Liegenschaften;Strassenunterhalt;Arealpflege;Winterdienst,DISCOVERY_PENDING,,TO_DISCOVER,NOT_YET_AUDITED,"Puede publicar en portal propio, ATS compartido, cantón, Job-Room o agregador público."
PUB-CH-AG-MUN-4314,MUNICIPALITY,CH,AG,Aargau,4314,Gemeinde/Stadt Mellikon,Bezirk Zurzach,1,GERMAN,NO,3,P2_RURAL,Stadtgrün;Stadtgärtnerei;Werkhof;Werkdienst;Gemeindebetriebe;Friedhof;Parks;Sportanlagen;Schulanlagen;Forst;Liegenschaften;Strassenunterhalt;Arealpflege;Winterdienst,DISCOVERY_PENDING,,TO_DISCOVER,NOT_YET_AUDITED,"Puede publicar en portal propio, ATS compartido, cantón, Job-Room o agregador público."
PUB-CH-AG-MUN-4033,MUNICIPALITY,CH,AG,Aargau,4033,Gemeinde/Stadt Mellingen,Bezirk Baden,1,GERMAN,NO,2,P1_URBAN_OR_INTERMEDIATE,Stadtgrün;Stadtgärtnerei;Werkhof;Werkdienst;Gemeindebetriebe;Friedhof;Parks;Sportanlagen;Schulanlagen;Forst;Liegenschaften;Strassenunterhalt;Arealpflege;Winterdienst,DISCOVERY_PENDING,,TO_DISCOVER,NOT_YET_AUDITED,"Puede publicar en portal propio, ATS compartido, cantón, Job-Room o agregador público."
PUB-CH-AG-MUN-4139,MUNICIPALITY,CH,AG,Aargau,4139,Gemeinde/Stadt Menziken,Bezirk Kulm,1,GERMAN,NO,2,P1_URBAN_OR_INTERMEDIATE,Stadtgrün;Stadtgärtnerei;Werkhof;Werkdienst;Gemeindebetriebe;Friedhof;Parks;Sportanlagen;Schulanlagen;Forst;Liegenschaften;Strassenunterhalt;Arealpflege;Winterdienst,DISCOVERY_PENDING,,TO_DISCOVER,NOT_YET_AUDITED,"Puede publicar en portal propio, ATS compartido, cantón, Job-Room o agregador público."
PUB-CH-AG-MUN-4234,MUNICIPALITY,CH,AG,Aargau,4234,Gemeinde/Stadt Merenschwand,Bezirk Muri,1,GERMAN,NO,3,P2_RURAL,Stadtgrün;Stadtgärtnerei;Werkhof;Werkdienst;Gemeindebetriebe;Friedhof;Parks;Sportanlagen;Schulanlagen;Forst;Liegenschaften;Strassenunterhalt;Arealpflege;Winterdienst,DISCOVERY_PENDING,,TO_DISCOVER,NOT_YET_AUDITED,"Puede publicar en portal propio, ATS compartido, cantón, Job-Room o agregador público."
PUB-CH-AG-MUN-4184,MUNICIPALITY,CH,AG,Aargau,4184,Gemeinde/Stadt Mettauertal,Bezirk Laufenburg,1,GERMAN,NO,3,P2_RURAL,Stadtgrün;Stadtgärtnerei;Werkhof;Werkdienst;Gemeindebetriebe;Friedhof;Parks;Sportanlagen;Schulanlagen;Forst;Liegenschaften;Strassenunterhalt;Arealpflege;Winterdienst,DISCOVERY_PENDING,,TO_DISCOVER,NOT_YET_AUDITED,"Puede publicar en portal propio, ATS compartido, cantón, Job-Room o agregador público."
PUB-CH-AG-MUN-4277,MUNICIPALITY,CH,AG,Aargau,4277,Gemeinde/Stadt Moosleerau,Bezirk Zofingen,1,GERMAN,NO,3,P2_RURAL,Stadtgrün;Stadtgärtnerei;Werkhof;Werkdienst;Gemeindebetriebe;Friedhof;Parks;Sportanlagen;Schulanlagen;Forst;Liegenschaften;Strassenunterhalt;Arealpflege;Winterdienst,DISCOVERY_PENDING,,TO_DISCOVER,NOT_YET_AUDITED,"Puede publicar en portal propio, ATS compartido, cantón, Job-Room o agregador público."
PUB-CH-AG-MUN-4009,MUNICIPALITY,CH,AG,Aargau,4009,Gemeinde/Stadt Muhen,Bezirk Aarau,1,GERMAN,NO,2,P1_URBAN_OR_INTERMEDIATE,Stadtgrün;Stadtgärtnerei;Werkhof;Werkdienst;Gemeindebetriebe;Friedhof;Parks;Sportanlagen;Schulanlagen;Forst;Liegenschaften;Strassenunterhalt;Arealpflege;Winterdienst,DISCOVERY_PENDING,,TO_DISCOVER,NOT_YET_AUDITED,"Puede publicar en portal propio, ATS compartido, cantón, Job-Room o agregador público."
PUB-CH-AG-MUN-4255,MUNICIPALITY,CH,AG,Aargau,4255,Gemeinde/Stadt Mumpf,Bezirk Rheinfelden,1,GERMAN,NO,2,P1_URBAN_OR_INTERMEDIATE,Stadtgrün;Stadtgärtnerei;Werkhof;Werkdienst;Gemeindebetriebe;Friedhof;Parks;Sportanlagen;Schulanlagen;Forst;Liegenschaften;Strassenunterhalt;Arealpflege;Winterdienst,DISCOVERY_PENDING,,TO_DISCOVER,NOT_YET_AUDITED,"Puede publicar en portal propio, ATS compartido, cantón, Job-Room o agregador público."
PUB-CH-AG-MUN-4279,MUNICIPALITY,CH,AG,Aargau,4279,Gemeinde/Stadt Murgenthal,Bezirk Zofingen,1,GERMAN,NO,2,P1_URBAN_OR_INTERMEDIATE,Stadtgrün;Stadtgärtnerei;Werkhof;Werkdienst;Gemeindebetriebe;Friedhof;Parks;Sportanlagen;Schulanlagen;Forst;Liegenschaften;Strassenunterhalt;Arealpflege;Winterdienst,DISCOVERY_PENDING,,TO_DISCOVER,NOT_YET_AUDITED,"Puede publicar en portal propio, ATS compartido, cantón, Job-Room o agregador público."
PUB-CH-AG-MUN-4236,MUNICIPALITY,CH,AG,Aargau,4236,Gemeinde/Stadt Muri (AG),Bezirk Muri,1,GERMAN,NO,2,P1_URBAN_OR_INTERMEDIATE,Stadtgrün;Stadtgärtnerei;Werkhof;Werkdienst;Gemeindebetriebe;Friedhof;Parks;Sportanlagen;Schulanlagen;Forst;Liegenschaften;Strassenunterhalt;Arealpflege;Winterdienst,DISCOVERY_PENDING,,TO_DISCOVER,NOT_YET_AUDITED,"Puede publicar en portal propio, ATS compartido, cantón, Job-Room o agregador público."
PUB-CH-AG-MUN-4032,MUNICIPALITY,CH,AG,Aargau,4032,Gemeinde/Stadt Mägenwil,Bezirk Baden,1,GERMAN,NO,2,P1_URBAN_OR_INTERMEDIATE,Stadtgrün;Stadtgärtnerei;Werkhof;Werkdienst;Gemeindebetriebe;Friedhof;Parks;Sportanlagen;Schulanlagen;Forst;Liegenschaften;Strassenunterhalt;Arealpflege;Winterdienst,DISCOVERY_PENDING,,TO_DISCOVER,NOT_YET_AUDITED,"Puede publicar en portal propio, ATS compartido, cantón, Job-Room o agregador público."
PUB-CH-AG-MUN-4254,MUNICIPALITY,CH,AG,Aargau,4254,Gemeinde/Stadt Möhlin,Bezirk Rheinfelden,1,GERMAN,YES,2,P0_CITY,Stadtgrün;Stadtgärtnerei;Werkhof;Werkdienst;Gemeindebetriebe;Friedhof;Parks;Sportanlagen;Schulanlagen;Forst;Liegenschaften;Strassenunterhalt;Arealpflege;Winterdienst,DISCOVERY_PENDING,,TO_DISCOVER,NOT_YET_AUDITED,"Puede publicar en portal propio, ATS compartido, cantón, Job-Room o agregador público."
PUB-CH-AG-MUN-4106,MUNICIPALITY,CH,AG,Aargau,4106,Gemeinde/Stadt Mönthal,Bezirk Brugg,1,GERMAN,NO,3,P2_RURAL,Stadtgrün;Stadtgärtnerei;Werkhof;Werkdienst;Gemeindebetriebe;Friedhof;Parks;Sportanlagen;Schulanlagen;Forst;Liegenschaften;Strassenunterhalt;Arealpflege;Winterdienst,DISCOVERY_PENDING,,TO_DISCOVER,NOT_YET_AUDITED,"Puede publicar en portal propio, ATS compartido, cantón, Job-Room o agregador público."
PUB-CH-AG-MUN-4203,MUNICIPALITY,CH,AG,Aargau,4203,Gemeinde/Stadt Möriken-Wildegg,Bezirk Lenzburg,1,GERMAN,NO,2,P1_URBAN_OR_INTERMEDIATE,Stadtgrün;Stadtgärtnerei;Werkhof;Werkdienst;Gemeindebetriebe;Friedhof;Parks;Sportanlagen;Schulanlagen;Forst;Liegenschaften;Strassenunterhalt;Arealpflege;Winterdienst,DISCOVERY_PENDING,,TO_DISCOVER,NOT_YET_AUDITED,"Puede publicar en portal propio, ATS compartido, cantón, Job-Room o agregador público."
PUB-CH-AG-MUN-4235,MUNICIPALITY,CH,AG,Aargau,4235,Gemeinde/Stadt Mühlau,Bezirk Muri,1,GERMAN,NO,3,P2_RURAL,Stadtgrün;Stadtgärtnerei;Werkhof;Werkdienst;Gemeindebetriebe;Friedhof;Parks;Sportanlagen;Schulanlagen;Forst;Liegenschaften;Strassenunterhalt;Arealpflege;Winterdienst,DISCOVERY_PENDING,,TO_DISCOVER,NOT_YET_AUDITED,"Puede publicar en portal propio, ATS compartido, cantón, Job-Room o agregador público."
PUB-CH-AG-MUN-4107,MUNICIPALITY,CH,AG,Aargau,4107,Gemeinde/Stadt Mülligen,Bezirk Brugg,1,GERMAN,NO,2,P1_URBAN_OR_INTERMEDIATE,Stadtgrün;Stadtgärtnerei;Werkhof;Werkdienst;Gemeindebetriebe;Friedhof;Parks;Sportanlagen;Schulanlagen;Forst;Liegenschaften;Strassenunterhalt;Arealpflege;Winterdienst,DISCOVERY_PENDING,,TO_DISCOVER,NOT_YET_AUDITED,"Puede publicar en portal propio, ATS compartido, cantón, Job-Room o agregador público."
PUB-CH-AG-MUN-4172,MUNICIPALITY,CH,AG,Aargau,4172,Gemeinde/Stadt Münchwilen (AG),Bezirk Laufenburg,1,GERMAN,NO,2,P1_URBAN_OR_INTERMEDIATE,Stadtgrün;Stadtgärtnerei;Werkhof;Werkdienst;Gemeindebetriebe;Friedhof;Parks;Sportanlagen;Schulanlagen;Forst;Liegenschaften;Strassenunterhalt;Arealpflege;Winterdienst,DISCOVERY_PENDING,,TO_DISCOVER,NOT_YET_AUDITED,"Puede publicar en portal propio, ATS compartido, cantón, Job-Room o agregador público."
PUB-CH-AG-MUN-4034,MUNICIPALITY,CH,AG,Aargau,4034,Gemeinde/Stadt Neuenhof,Bezirk Baden,1,GERMAN,NO,2,P1_URBAN_OR_INTERMEDIATE,Stadtgrün;Stadtgärtnerei;Werkhof;Werkdienst;Gemeindebetriebe;Friedhof;Parks;Sportanlagen;Schulanlagen;Forst;Liegenschaften;Strassenunterhalt;Arealpflege;Winterdienst,DISCOVERY_PENDING,,TO_DISCOVER,NOT_YET_AUDITED,"Puede publicar en portal propio, ATS compartido, cantón, Job-Room o agregador público."
PUB-CH-AG-MUN-4204,MUNICIPALITY,CH,AG,Aargau,4204,Gemeinde/Stadt Niederlenz,Bezirk Lenzburg,1,GERMAN,NO,2,P1_URBAN_OR_INTERMEDIATE,Stadtgrün;Stadtgärtnerei;Werkhof;Werkdienst;Gemeindebetriebe;Friedhof;Parks;Sportanlagen;Schulanlagen;Forst;Liegenschaften;Strassenunterhalt;Arealpflege;Winterdienst,DISCOVERY_PENDING,,TO_DISCOVER,NOT_YET_AUDITED,"Puede publicar en portal propio, ATS compartido, cantón, Job-Room o agregador público."
PUB-CH-AG-MUN-4035,MUNICIPALITY,CH,AG,Aargau,4035,Gemeinde/Stadt Niederrohrdorf,Bezirk Baden,1,GERMAN,NO,2,P1_URBAN_OR_INTERMEDIATE,Stadtgrün;Stadtgärtnerei;Werkhof;Werkdienst;Gemeindebetriebe;Friedhof;Parks;Sportanlagen;Schulanlagen;Forst;Liegenschaften;Strassenunterhalt;Arealpflege;Winterdienst,DISCOVERY_PENDING,,TO_DISCOVER,NOT_YET_AUDITED,"Puede publicar en portal propio, ATS compartido, cantón, Job-Room o agregador público."
PUB-CH-AG-MUN-4072,MUNICIPALITY,CH,AG,Aargau,4072,Gemeinde/Stadt Niederwil (AG),Bezirk Bremgarten,1,GERMAN,NO,2,P1_URBAN_OR_INTERMEDIATE,Stadtgrün;Stadtgärtnerei;Werkhof;Werkdienst;Gemeindebetriebe;Friedhof;Parks;Sportanlagen;Schulanlagen;Forst;Liegenschaften;Strassenunterhalt;Arealpflege;Winterdienst,DISCOVERY_PENDING,,TO_DISCOVER,NOT_YET_AUDITED,"Puede publicar en portal propio, ATS compartido, cantón, Job-Room o agregador público."
PUB-CH-AG-MUN-4010,MUNICIPALITY,CH,AG,Aargau,4010,Gemeinde/Stadt Oberentfelden,Bezirk Aarau,1,GERMAN,NO,2,P1_URBAN_OR_INTERMEDIATE,Stadtgrün;Stadtgärtnerei;Werkhof;Werkdienst;Gemeindebetriebe;Friedhof;Parks;Sportanlagen;Schulanlagen;Forst;Liegenschaften;Strassenunterhalt;Arealpflege;Winterdienst,DISCOVERY_PENDING,,TO_DISCOVER,NOT_YET_AUDITED,"Puede publicar en portal propio, ATS compartido, cantón, Job-Room o agregador público."
PUB-CH-AG-MUN-4173,MUNICIPALITY,CH,AG,Aargau,4173,Gemeinde/Stadt Oberhof,Bezirk Laufenburg,1,GERMAN,NO,3,P2_RURAL,Stadtgrün;Stadtgärtnerei;Werkhof;Werkdienst;Gemeindebetriebe;Friedhof;Parks;Sportanlagen;Schulanlagen;Forst;Liegenschaften;Strassenunterhalt;Arealpflege;Winterdienst,DISCOVERY_PENDING,,TO_DISCOVER,NOT_YET_AUDITED,"Puede publicar en portal propio, ATS compartido, cantón, Job-Room o agregador público."
PUB-CH-AG-MUN-4140,MUNICIPALITY,CH,AG,Aargau,4140,Gemeinde/Stadt Oberkulm,Bezirk Kulm,1,GERMAN,NO,2,P1_URBAN_OR_INTERMEDIATE,Stadtgrün;Stadtgärtnerei;Werkhof;Werkdienst;Gemeindebetriebe;Friedhof;Parks;Sportanlagen;Schulanlagen;Forst;Liegenschaften;Strassenunterhalt;Arealpflege;Winterdienst,DISCOVERY_PENDING,,TO_DISCOVER,NOT_YET_AUDITED,"Puede publicar en portal propio, ATS compartido, cantón, Job-Room o agregador público."
PUB-CH-AG-MUN-4073,MUNICIPALITY,CH,AG,Aargau,4073,Gemeinde/Stadt Oberlunkhofen,Bezirk Bremgarten,1,GERMAN,NO,2,P1_URBAN_OR_INTERMEDIATE,Stadtgrün;Stadtgärtnerei;Werkhof;Werkdienst;Gemeindebetriebe;Friedhof;Parks;Sportanlagen;Schulanlagen;Forst;Liegenschaften;Strassenunterhalt;Arealpflege;Winterdienst,DISCOVERY_PENDING,,TO_DISCOVER,NOT_YET_AUDITED,"Puede publicar en portal propio, ATS compartido, cantón, Job-Room o agregador público."
PUB-CH-AG-MUN-4256,MUNICIPALITY,CH,AG,Aargau,4256,Gemeinde/Stadt Obermumpf,Bezirk Rheinfelden,1,GERMAN,NO,2,P1_URBAN_OR_INTERMEDIATE,Stadtgrün;Stadtgärtnerei;Werkhof;Werkdienst;Gemeindebetriebe;Friedhof;Parks;Sportanlagen;Schulanlagen;Forst;Liegenschaften;Strassenunterhalt;Arealpflege;Winterdienst,DISCOVERY_PENDING,,TO_DISCOVER,NOT_YET_AUDITED,"Puede publicar en portal propio, ATS compartido, cantón, Job-Room o agregador público."
PUB-CH-AG-MUN-4037,MUNICIPALITY,CH,AG,Aargau,4037,Gemeinde/Stadt Oberrohrdorf,Bezirk Baden,1,GERMAN,NO,2,P1_URBAN_OR_INTERMEDIATE,Stadtgrün;Stadtgärtnerei;Werkhof;Werkdienst;Gemeindebetriebe;Friedhof;Parks;Sportanlagen;Schulanlagen;Forst;Liegenschaften;Strassenunterhalt;Arealpflege;Winterdienst,DISCOVERY_PENDING,,TO_DISCOVER,NOT_YET_AUDITED,"Puede publicar en portal propio, ATS compartido, cantón, Job-Room o agregador público."
PUB-CH-AG-MUN-4237,MUNICIPALITY,CH,AG,Aargau,4237,Gemeinde/Stadt Oberrüti,Bezirk Muri,1,GERMAN,NO,3,P2_RURAL,Stadtgrün;Stadtgärtnerei;Werkhof;Werkdienst;Gemeindebetriebe;Friedhof;Parks;Sportanlagen;Schulanlagen;Forst;Liegenschaften;Strassenunterhalt;Arealpflege;Winterdienst,DISCOVERY_PENDING,,TO_DISCOVER,NOT_YET_AUDITED,"Puede publicar en portal propio, ATS compartido, cantón, Job-Room o agregador público."
PUB-CH-AG-MUN-4038,MUNICIPALITY,CH,AG,Aargau,4038,Gemeinde/Stadt Obersiggenthal,Bezirk Baden,1,GERMAN,NO,2,P1_URBAN_OR_INTERMEDIATE,Stadtgrün;Stadtgärtnerei;Werkhof;Werkdienst;Gemeindebetriebe;Friedhof;Parks;Sportanlagen;Schulanlagen;Forst;Liegenschaften;Strassenunterhalt;Arealpflege;Winterdienst,DISCOVERY_PENDING,,TO_DISCOVER,NOT_YET_AUDITED,"Puede publicar en portal propio, ATS compartido, cantón, Job-Room o agregador público."
PUB-CH-AG-MUN-4074,MUNICIPALITY,CH,AG,Aargau,4074,Gemeinde/Stadt Oberwil-Lieli,Bezirk Bremgarten,1,GERMAN,NO,2,P1_URBAN_OR_INTERMEDIATE,Stadtgrün;Stadtgärtnerei;Werkhof;Werkdienst;Gemeindebetriebe;Friedhof;Parks;Sportanlagen;Schulanlagen;Forst;Liegenschaften;Strassenunterhalt;Arealpflege;Winterdienst,DISCOVERY_PENDING,,TO_DISCOVER,NOT_YET_AUDITED,"Puede publicar en portal propio, ATS compartido, cantón, Job-Room o agregador público."
PUB-CH-AG-MUN-4175,MUNICIPALITY,CH,AG,Aargau,4175,Gemeinde/Stadt Oeschgen,Bezirk Laufenburg,1,GERMAN,NO,2,P1_URBAN_OR_INTERMEDIATE,Stadtgrün;Stadtgärtnerei;Werkhof;Werkdienst;Gemeindebetriebe;Friedhof;Parks;Sportanlagen;Schulanlagen;Forst;Liegenschaften;Strassenunterhalt;Arealpflege;Winterdienst,DISCOVERY_PENDING,,TO_DISCOVER,NOT_YET_AUDITED,"Puede publicar en portal propio, ATS compartido, cantón, Job-Room o agregador público."
PUB-CH-AG-MUN-4280,MUNICIPALITY,CH,AG,Aargau,4280,Gemeinde/Stadt Oftringen,Bezirk Zofingen,1,GERMAN,YES,2,P0_CITY,Stadtgrün;Stadtgärtnerei;Werkhof;Werkdienst;Gemeindebetriebe;Friedhof;Parks;Sportanlagen;Schulanlagen;Forst;Liegenschaften;Strassenunterhalt;Arealpflege;Winterdienst,DISCOVERY_PENDING,,TO_DISCOVER,NOT_YET_AUDITED,"Puede publicar en portal propio, ATS compartido, cantón, Job-Room o agregador público."
PUB-CH-AG-MUN-4257,MUNICIPALITY,CH,AG,Aargau,4257,Gemeinde/Stadt Olsberg,Bezirk Rheinfelden,1,GERMAN,NO,3,P2_RURAL,Stadtgrün;Stadtgärtnerei;Werkhof;Werkdienst;Gemeindebetriebe;Friedhof;Parks;Sportanlagen;Schulanlagen;Forst;Liegenschaften;Strassenunterhalt;Arealpflege;Winterdienst,DISCOVERY_PENDING,,TO_DISCOVER,NOT_YET_AUDITED,"Puede publicar en portal propio, ATS compartido, cantón, Job-Room o agregador público."
PUB-CH-AG-MUN-4205,MUNICIPALITY,CH,AG,Aargau,4205,Gemeinde/Stadt Othmarsingen,Bezirk Lenzburg,1,GERMAN,NO,2,P1_URBAN_OR_INTERMEDIATE,Stadtgrün;Stadtgärtnerei;Werkhof;Werkdienst;Gemeindebetriebe;Friedhof;Parks;Sportanlagen;Schulanlagen;Forst;Liegenschaften;Strassenunterhalt;Arealpflege;Winterdienst,DISCOVERY_PENDING,,TO_DISCOVER,NOT_YET_AUDITED,"Puede publicar en portal propio, ATS compartido, cantón, Job-Room o agregador público."
PUB-CH-AG-MUN-4141,MUNICIPALITY,CH,AG,Aargau,4141,Gemeinde/Stadt Reinach (AG),Bezirk Kulm,1,GERMAN,NO,2,P1_URBAN_OR_INTERMEDIATE,Stadtgrün;Stadtgärtnerei;Werkhof;Werkdienst;Gemeindebetriebe;Friedhof;Parks;Sportanlagen;Schulanlagen;Forst;Liegenschaften;Strassenunterhalt;Arealpflege;Winterdienst,DISCOVERY_PENDING,,TO_DISCOVER,NOT_YET_AUDITED,"Puede publicar en portal propio, ATS compartido, cantón, Job-Room o agregador público."
PUB-CH-AG-MUN-4281,MUNICIPALITY,CH,AG,Aargau,4281,Gemeinde/Stadt Reitnau,Bezirk Zofingen,1,GERMAN,NO,3,P2_RURAL,Stadtgrün;Stadtgärtnerei;Werkhof;Werkdienst;Gemeindebetriebe;Friedhof;Parks;Sportanlagen;Schulanlagen;Forst;Liegenschaften;Strassenunterhalt;Arealpflege;Winterdienst,DISCOVERY_PENDING,,TO_DISCOVER,NOT_YET_AUDITED,"Puede publicar en portal propio, ATS compartido, cantón, Job-Room o agregador público."
PUB-CH-AG-MUN-4039,MUNICIPALITY,CH,AG,Aargau,4039,Gemeinde/Stadt Remetschwil,Bezirk Baden,1,GERMAN,NO,2,P1_URBAN_OR_INTERMEDIATE,Stadtgrün;Stadtgärtnerei;Werkhof;Werkdienst;Gemeindebetriebe;Friedhof;Parks;Sportanlagen;Schulanlagen;Forst;Liegenschaften;Strassenunterhalt;Arealpflege;Winterdienst,DISCOVERY_PENDING,,TO_DISCOVER,NOT_YET_AUDITED,"Puede publicar en portal propio, ATS compartido, cantón, Job-Room o agregador público."
PUB-CH-AG-MUN-4110,MUNICIPALITY,CH,AG,Aargau,4110,Gemeinde/Stadt Remigen,Bezirk Brugg,1,GERMAN,NO,2,P1_URBAN_OR_INTERMEDIATE,Stadtgrün;Stadtgärtnerei;Werkhof;Werkdienst;Gemeindebetriebe;Friedhof;Parks;Sportanlagen;Schulanlagen;Forst;Liegenschaften;Strassenunterhalt;Arealpflege;Winterdienst,DISCOVERY_PENDING,,TO_DISCOVER,NOT_YET_AUDITED,"Puede publicar en portal propio, ATS compartido, cantón, Job-Room o agregador público."
PUB-CH-AG-MUN-4258,MUNICIPALITY,CH,AG,Aargau,4258,Gemeinde/Stadt Rheinfelden,Bezirk Rheinfelden,1,GERMAN,YES,2,P0_CITY,Stadtgrün;Stadtgärtnerei;Werkhof;Werkdienst;Gemeindebetriebe;Friedhof;Parks;Sportanlagen;Schulanlagen;Forst;Liegenschaften;Strassenunterhalt;Arealpflege;Winterdienst,DISCOVERY_PENDING,,TO_DISCOVER,NOT_YET_AUDITED,"Puede publicar en portal propio, ATS compartido, cantón, Job-Room o agregador público."
PUB-CH-AG-MUN-4111,MUNICIPALITY,CH,AG,Aargau,4111,Gemeinde/Stadt Riniken,Bezirk Brugg,1,GERMAN,NO,2,P1_URBAN_OR_INTERMEDIATE,Stadtgrün;Stadtgärtnerei;Werkhof;Werkdienst;Gemeindebetriebe;Friedhof;Parks;Sportanlagen;Schulanlagen;Forst;Liegenschaften;Strassenunterhalt;Arealpflege;Winterdienst,DISCOVERY_PENDING,,TO_DISCOVER,NOT_YET_AUDITED,"Puede publicar en portal propio, ATS compartido, cantón, Job-Room o agregador público."
PUB-CH-AG-MUN-4282,MUNICIPALITY,CH,AG,Aargau,4282,Gemeinde/Stadt Rothrist,Bezirk Zofingen,1,GERMAN,YES,2,P0_CITY,Stadtgrün;Stadtgärtnerei;Werkhof;Werkdienst;Gemeindebetriebe;Friedhof;Parks;Sportanlagen;Schulanlagen;Forst;Liegenschaften;Strassenunterhalt;Arealpflege;Winterdienst,DISCOVERY_PENDING,,TO_DISCOVER,NOT_YET_AUDITED,"Puede publicar en portal propio, ATS compartido, cantón, Job-Room o agregador público."
PUB-CH-AG-MUN-4238,MUNICIPALITY,CH,AG,Aargau,4238,Gemeinde/Stadt Rottenschwil,Bezirk Muri,1,GERMAN,NO,2,P1_URBAN_OR_INTERMEDIATE,Stadtgrün;Stadtgärtnerei;Werkhof;Werkdienst;Gemeindebetriebe;Friedhof;Parks;Sportanlagen;Schulanlagen;Forst;Liegenschaften;Strassenunterhalt;Arealpflege;Winterdienst,DISCOVERY_PENDING,,TO_DISCOVER,NOT_YET_AUDITED,"Puede publicar en portal propio, ATS compartido, cantón, Job-Room o agregador público."
PUB-CH-AG-MUN-4075,MUNICIPALITY,CH,AG,Aargau,4075,Gemeinde/Stadt Rudolfstetten-Friedlisberg,Bezirk Bremgarten,1,GERMAN,NO,2,P1_URBAN_OR_INTERMEDIATE,Stadtgrün;Stadtgärtnerei;Werkhof;Werkdienst;Gemeindebetriebe;Friedhof;Parks;Sportanlagen;Schulanlagen;Forst;Liegenschaften;Strassenunterhalt;Arealpflege;Winterdienst,DISCOVERY_PENDING,,TO_DISCOVER,NOT_YET_AUDITED,"Puede publicar en portal propio, ATS compartido, cantón, Job-Room o agregador público."
PUB-CH-AG-MUN-4206,MUNICIPALITY,CH,AG,Aargau,4206,Gemeinde/Stadt Rupperswil,Bezirk Lenzburg,1,GERMAN,NO,2,P1_URBAN_OR_INTERMEDIATE,Stadtgrün;Stadtgärtnerei;Werkhof;Werkdienst;Gemeindebetriebe;Friedhof;Parks;Sportanlagen;Schulanlagen;Forst;Liegenschaften;Strassenunterhalt;Arealpflege;Winterdienst,DISCOVERY_PENDING,,TO_DISCOVER,NOT_YET_AUDITED,"Puede publicar en portal propio, ATS compartido, cantón, Job-Room o agregador público."
PUB-CH-AG-MUN-4112,MUNICIPALITY,CH,AG,Aargau,4112,Gemeinde/Stadt Rüfenach,Bezirk Brugg,1,GERMAN,NO,2,P1_URBAN_OR_INTERMEDIATE,Stadtgrün;Stadtgärtnerei;Werkhof;Werkdienst;Gemeindebetriebe;Friedhof;Parks;Sportanlagen;Schulanlagen;Forst;Liegenschaften;Strassenunterhalt;Arealpflege;Winterdienst,DISCOVERY_PENDING,,TO_DISCOVER,NOT_YET_AUDITED,"Puede publicar en portal propio, ATS compartido, cantón, Job-Room o agregador público."
PUB-CH-AG-MUN-4283,MUNICIPALITY,CH,AG,Aargau,4283,Gemeinde/Stadt Safenwil,Bezirk Zofingen,1,GERMAN,NO,3,P2_RURAL,Stadtgrün;Stadtgärtnerei;Werkhof;Werkdienst;Gemeindebetriebe;Friedhof;Parks;Sportanlagen;Schulanlagen;Forst;Liegenschaften;Strassenunterhalt;Arealpflege;Winterdienst,DISCOVERY_PENDING,,TO_DISCOVER,NOT_YET_AUDITED,"Puede publicar en portal propio, ATS compartido, cantón, Job-Room o agregador público."
PUB-CH-AG-MUN-4076,MUNICIPALITY,CH,AG,Aargau,4076,Gemeinde/Stadt Sarmenstorf,Bezirk Bremgarten,1,GERMAN,NO,2,P1_URBAN_OR_INTERMEDIATE,Stadtgrün;Stadtgärtnerei;Werkhof;Werkdienst;Gemeindebetriebe;Friedhof;Parks;Sportanlagen;Schulanlagen;Forst;Liegenschaften;Strassenunterhalt;Arealpflege;Winterdienst,DISCOVERY_PENDING,,TO_DISCOVER,NOT_YET_AUDITED,"Puede publicar en portal propio, ATS compartido, cantón, Job-Room o agregador público."
PUB-CH-AG-MUN-4207,MUNICIPALITY,CH,AG,Aargau,4207,Gemeinde/Stadt Schafisheim,Bezirk Lenzburg,1,GERMAN,NO,2,P1_URBAN_OR_INTERMEDIATE,Stadtgrün;Stadtgärtnerei;Werkhof;Werkdienst;Gemeindebetriebe;Friedhof;Parks;Sportanlagen;Schulanlagen;Forst;Liegenschaften;Strassenunterhalt;Arealpflege;Winterdienst,DISCOVERY_PENDING,,TO_DISCOVER,NOT_YET_AUDITED,"Puede publicar en portal propio, ATS compartido, cantón, Job-Room o agregador público."
PUB-CH-AG-MUN-4125,MUNICIPALITY,CH,AG,Aargau,4125,Gemeinde/Stadt Schinznach,Bezirk Brugg,1,GERMAN,NO,2,P1_URBAN_OR_INTERMEDIATE,Stadtgrün;Stadtgärtnerei;Werkhof;Werkdienst;Gemeindebetriebe;Friedhof;Parks;Sportanlagen;Schulanlagen;Forst;Liegenschaften;Strassenunterhalt;Arealpflege;Winterdienst,DISCOVERY_PENDING,,TO_DISCOVER,NOT_YET_AUDITED,"Puede publicar en portal propio, ATS compartido, cantón, Job-Room o agregador público."
PUB-CH-AG-MUN-4142,MUNICIPALITY,CH,AG,Aargau,4142,Gemeinde/Stadt Schlossrued,Bezirk Kulm,1,GERMAN,NO,3,P2_RURAL,Stadtgrün;Stadtgärtnerei;Werkhof;Werkdienst;Gemeindebetriebe;Friedhof;Parks;Sportanlagen;Schulanlagen;Forst;Liegenschaften;Strassenunterhalt;Arealpflege;Winterdienst,DISCOVERY_PENDING,,TO_DISCOVER,NOT_YET_AUDITED,"Puede publicar en portal propio, ATS compartido, cantón, Job-Room o agregador público."
PUB-CH-AG-MUN-4143,MUNICIPALITY,CH,AG,Aargau,4143,Gemeinde/Stadt Schmiedrued,Bezirk Kulm,1,GERMAN,NO,3,P2_RURAL,Stadtgrün;Stadtgärtnerei;Werkhof;Werkdienst;Gemeindebetriebe;Friedhof;Parks;Sportanlagen;Schulanlagen;Forst;Liegenschaften;Strassenunterhalt;Arealpflege;Winterdienst,DISCOVERY_PENDING,,TO_DISCOVER,NOT_YET_AUDITED,"Puede publicar en portal propio, ATS compartido, cantón, Job-Room o agregador público."
PUB-CH-AG-MUN-4318,MUNICIPALITY,CH,AG,Aargau,4318,Gemeinde/Stadt Schneisingen,Bezirk Zurzach,1,GERMAN,NO,2,P1_URBAN_OR_INTERMEDIATE,Stadtgrün;Stadtgärtnerei;Werkhof;Werkdienst;Gemeindebetriebe;Friedhof;Parks;Sportanlagen;Schulanlagen;Forst;Liegenschaften;Strassenunterhalt;Arealpflege;Winterdienst,DISCOVERY_PENDING,,TO_DISCOVER,NOT_YET_AUDITED,"Puede publicar en portal propio, ATS compartido, cantón, Job-Room o agregador público."
PUB-CH-AG-MUN-4259,MUNICIPALITY,CH,AG,Aargau,4259,Gemeinde/Stadt Schupfart,Bezirk Rheinfelden,1,GERMAN,NO,3,P2_RURAL,Stadtgrün;Stadtgärtnerei;Werkhof;Werkdienst;Gemeindebetriebe;Friedhof;Parks;Sportanlagen;Schulanlagen;Forst;Liegenschaften;Strassenunterhalt;Arealpflege;Winterdienst,DISCOVERY_PENDING,,TO_DISCOVER,NOT_YET_AUDITED,"Puede publicar en portal propio, ATS compartido, cantón, Job-Room o agregador público."
PUB-CH-AG-MUN-4176,MUNICIPALITY,CH,AG,Aargau,4176,Gemeinde/Stadt Schwaderloch,Bezirk Laufenburg,1,GERMAN,NO,2,P1_URBAN_OR_INTERMEDIATE,Stadtgrün;Stadtgärtnerei;Werkhof;Werkdienst;Gemeindebetriebe;Friedhof;Parks;Sportanlagen;Schulanlagen;Forst;Liegenschaften;Strassenunterhalt;Arealpflege;Winterdienst,DISCOVERY_PENDING,,TO_DISCOVER,NOT_YET_AUDITED,"Puede publicar en portal propio, ATS compartido, cantón, Job-Room o agregador público."
PUB-CH-AG-MUN-4144,MUNICIPALITY,CH,AG,Aargau,4144,Gemeinde/Stadt Schöftland,Bezirk Kulm,1,GERMAN,NO,2,P1_URBAN_OR_INTERMEDIATE,Stadtgrün;Stadtgärtnerei;Werkhof;Werkdienst;Gemeindebetriebe;Friedhof;Parks;Sportanlagen;Schulanlagen;Forst;Liegenschaften;Strassenunterhalt;Arealpflege;Winterdienst,DISCOVERY_PENDING,,TO_DISCOVER,NOT_YET_AUDITED,"Puede publicar en portal propio, ATS compartido, cantón, Job-Room o agregador público."
PUB-CH-AG-MUN-4208,MUNICIPALITY,CH,AG,Aargau,4208,Gemeinde/Stadt Seengen,Bezirk Lenzburg,1,GERMAN,NO,2,P1_URBAN_OR_INTERMEDIATE,Stadtgrün;Stadtgärtnerei;Werkhof;Werkdienst;Gemeindebetriebe;Friedhof;Parks;Sportanlagen;Schulanlagen;Forst;Liegenschaften;Strassenunterhalt;Arealpflege;Winterdienst,DISCOVERY_PENDING,,TO_DISCOVER,NOT_YET_AUDITED,"Puede publicar en portal propio, ATS compartido, cantón, Job-Room o agregador público."
PUB-CH-AG-MUN-4209,MUNICIPALITY,CH,AG,Aargau,4209,Gemeinde/Stadt Seon,Bezirk Lenzburg,1,GERMAN,NO,2,P1_URBAN_OR_INTERMEDIATE,Stadtgrün;Stadtgärtnerei;Werkhof;Werkdienst;Gemeindebetriebe;Friedhof;Parks;Sportanlagen;Schulanlagen;Forst;Liegenschaften;Strassenunterhalt;Arealpflege;Winterdienst,DISCOVERY_PENDING,,TO_DISCOVER,NOT_YET_AUDITED,"Puede publicar en portal propio, ATS compartido, cantón, Job-Room o agregador público."
PUB-CH-AG-MUN-4319,MUNICIPALITY,CH,AG,Aargau,4319,Gemeinde/Stadt Siglistorf,Bezirk Zurzach,1,GERMAN,NO,3,P2_RURAL,Stadtgrün;Stadtgärtnerei;Werkhof;Werkdienst;Gemeindebetriebe;Friedhof;Parks;Sportanlagen;Schulanlagen;Forst;Liegenschaften;Strassenunterhalt;Arealpflege;Winterdienst,DISCOVERY_PENDING,,TO_DISCOVER,NOT_YET_AUDITED,"Puede publicar en portal propio, ATS compartido, cantón, Job-Room o agregador público."
PUB-CH-AG-MUN-4239,MUNICIPALITY,CH,AG,Aargau,4239,Gemeinde/Stadt Sins,Bezirk Muri,1,GERMAN,NO,2,P1_URBAN_OR_INTERMEDIATE,Stadtgrün;Stadtgärtnerei;Werkhof;Werkdienst;Gemeindebetriebe;Friedhof;Parks;Sportanlagen;Schulanlagen;Forst;Liegenschaften;Strassenunterhalt;Arealpflege;Winterdienst,DISCOVERY_PENDING,,TO_DISCOVER,NOT_YET_AUDITED,"Puede publicar en portal propio, ATS compartido, cantón, Job-Room o agregador público."
PUB-CH-AG-MUN-4177,MUNICIPALITY,CH,AG,Aargau,4177,Gemeinde/Stadt Sisseln,Bezirk Laufenburg,1,GERMAN,NO,2,P1_URBAN_OR_INTERMEDIATE,Stadtgrün;Stadtgärtnerei;Werkhof;Werkdienst;Gemeindebetriebe;Friedhof;Parks;Sportanlagen;Schulanlagen;Forst;Liegenschaften;Strassenunterhalt;Arealpflege;Winterdienst,DISCOVERY_PENDING,,TO_DISCOVER,NOT_YET_AUDITED,"Puede publicar en portal propio, ATS compartido, cantón, Job-Room o agregador público."
PUB-CH-AG-MUN-4040,MUNICIPALITY,CH,AG,Aargau,4040,Gemeinde/Stadt Spreitenbach,Bezirk Baden,1,GERMAN,YES,2,P0_CITY,Stadtgrün;Stadtgärtnerei;Werkhof;Werkdienst;Gemeindebetriebe;Friedhof;Parks;Sportanlagen;Schulanlagen;Forst;Liegenschaften;Strassenunterhalt;Arealpflege;Winterdienst,DISCOVERY_PENDING,,TO_DISCOVER,NOT_YET_AUDITED,"Puede publicar en portal propio, ATS compartido, cantón, Job-Room o agregador público."
PUB-CH-AG-MUN-4284,MUNICIPALITY,CH,AG,Aargau,4284,Gemeinde/Stadt Staffelbach,Bezirk Zofingen,1,GERMAN,NO,3,P2_RURAL,Stadtgrün;Stadtgärtnerei;Werkhof;Werkdienst;Gemeindebetriebe;Friedhof;Parks;Sportanlagen;Schulanlagen;Forst;Liegenschaften;Strassenunterhalt;Arealpflege;Winterdienst,DISCOVERY_PENDING,,TO_DISCOVER,NOT_YET_AUDITED,"Puede publicar en portal propio, ATS compartido, cantón, Job-Room o agregador público."
PUB-CH-AG-MUN-4210,MUNICIPALITY,CH,AG,Aargau,4210,Gemeinde/Stadt Staufen,Bezirk Lenzburg,1,GERMAN,NO,2,P1_URBAN_OR_INTERMEDIATE,Stadtgrün;Stadtgärtnerei;Werkhof;Werkdienst;Gemeindebetriebe;Friedhof;Parks;Sportanlagen;Schulanlagen;Forst;Liegenschaften;Strassenunterhalt;Arealpflege;Winterdienst,DISCOVERY_PENDING,,TO_DISCOVER,NOT_YET_AUDITED,"Puede publicar en portal propio, ATS compartido, cantón, Job-Room o agregador público."
PUB-CH-AG-MUN-4260,MUNICIPALITY,CH,AG,Aargau,4260,Gemeinde/Stadt Stein (AG),Bezirk Rheinfelden,1,GERMAN,NO,2,P1_URBAN_OR_INTERMEDIATE,Stadtgrün;Stadtgärtnerei;Werkhof;Werkdienst;Gemeindebetriebe;Friedhof;Parks;Sportanlagen;Schulanlagen;Forst;Liegenschaften;Strassenunterhalt;Arealpflege;Winterdienst,DISCOVERY_PENDING,,TO_DISCOVER,NOT_YET_AUDITED,"Puede publicar en portal propio, ATS compartido, cantón, Job-Room o agregador público."
PUB-CH-AG-MUN-4041,MUNICIPALITY,CH,AG,Aargau,4041,Gemeinde/Stadt Stetten (AG),Bezirk Baden,1,GERMAN,NO,2,P1_URBAN_OR_INTERMEDIATE,Stadtgrün;Stadtgärtnerei;Werkhof;Werkdienst;Gemeindebetriebe;Friedhof;Parks;Sportanlagen;Schulanlagen;Forst;Liegenschaften;Strassenunterhalt;Arealpflege;Winterdienst,DISCOVERY_PENDING,,TO_DISCOVER,NOT_YET_AUDITED,"Puede publicar en portal propio, ATS compartido, cantón, Job-Room o agregador público."
PUB-CH-AG-MUN-4285,MUNICIPALITY,CH,AG,Aargau,4285,Gemeinde/Stadt Strengelbach,Bezirk Zofingen,1,GERMAN,NO,2,P1_URBAN_OR_INTERMEDIATE,Stadtgrün;Stadtgärtnerei;Werkhof;Werkdienst;Gemeindebetriebe;Friedhof;Parks;Sportanlagen;Schulanlagen;Forst;Liegenschaften;Strassenunterhalt;Arealpflege;Winterdienst,DISCOVERY_PENDING,,TO_DISCOVER,NOT_YET_AUDITED,"Puede publicar en portal propio, ATS compartido, cantón, Job-Room o agregador público."
PUB-CH-AG-MUN-4012,MUNICIPALITY,CH,AG,Aargau,4012,Gemeinde/Stadt Suhr,Bezirk Aarau,1,GERMAN,YES,1,P0_CITY,Stadtgrün;Stadtgärtnerei;Werkhof;Werkdienst;Gemeindebetriebe;Friedhof;Parks;Sportanlagen;Schulanlagen;Forst;Liegenschaften;Strassenunterhalt;Arealpflege;Winterdienst,DISCOVERY_PENDING,,TO_DISCOVER,NOT_YET_AUDITED,"Puede publicar en portal propio, ATS compartido, cantón, Job-Room o agregador público."
PUB-CH-AG-MUN-4320,MUNICIPALITY,CH,AG,Aargau,4320,Gemeinde/Stadt Tegerfelden,Bezirk Zurzach,1,GERMAN,NO,2,P1_URBAN_OR_INTERMEDIATE,Stadtgrün;Stadtgärtnerei;Werkhof;Werkdienst;Gemeindebetriebe;Friedhof;Parks;Sportanlagen;Schulanlagen;Forst;Liegenschaften;Strassenunterhalt;Arealpflege;Winterdienst,DISCOVERY_PENDING,,TO_DISCOVER,NOT_YET_AUDITED,"Puede publicar en portal propio, ATS compartido, cantón, Job-Room o agregador público."
PUB-CH-AG-MUN-4145,MUNICIPALITY,CH,AG,Aargau,4145,Gemeinde/Stadt Teufenthal (AG),Bezirk Kulm,1,GERMAN,NO,2,P1_URBAN_OR_INTERMEDIATE,Stadtgrün;Stadtgärtnerei;Werkhof;Werkdienst;Gemeindebetriebe;Friedhof;Parks;Sportanlagen;Schulanlagen;Forst;Liegenschaften;Strassenunterhalt;Arealpflege;Winterdienst,DISCOVERY_PENDING,,TO_DISCOVER,NOT_YET_AUDITED,"Puede publicar en portal propio, ATS compartido, cantón, Job-Room o agregador público."
PUB-CH-AG-MUN-4117,MUNICIPALITY,CH,AG,Aargau,4117,Gemeinde/Stadt Thalheim (AG),Bezirk Brugg,1,GERMAN,NO,3,P2_RURAL,Stadtgrün;Stadtgärtnerei;Werkhof;Werkdienst;Gemeindebetriebe;Friedhof;Parks;Sportanlagen;Schulanlagen;Forst;Liegenschaften;Strassenunterhalt;Arealpflege;Winterdienst,DISCOVERY_PENDING,,TO_DISCOVER,NOT_YET_AUDITED,"Puede publicar en portal propio, ATS compartido, cantón, Job-Room o agregador público."
PUB-CH-AG-MUN-4077,MUNICIPALITY,CH,AG,Aargau,4077,Gemeinde/Stadt Tägerig,Bezirk Bremgarten,1,GERMAN,NO,2,P1_URBAN_OR_INTERMEDIATE,Stadtgrün;Stadtgärtnerei;Werkhof;Werkdienst;Gemeindebetriebe;Friedhof;Parks;Sportanlagen;Schulanlagen;Forst;Liegenschaften;Strassenunterhalt;Arealpflege;Winterdienst,DISCOVERY_PENDING,,TO_DISCOVER,NOT_YET_AUDITED,"Puede publicar en portal propio, ATS compartido, cantón, Job-Room o agregador público."
PUB-CH-AG-MUN-4286,MUNICIPALITY,CH,AG,Aargau,4286,Gemeinde/Stadt Uerkheim,Bezirk Zofingen,1,GERMAN,NO,2,P1_URBAN_OR_INTERMEDIATE,Stadtgrün;Stadtgärtnerei;Werkhof;Werkdienst;Gemeindebetriebe;Friedhof;Parks;Sportanlagen;Schulanlagen;Forst;Liegenschaften;Strassenunterhalt;Arealpflege;Winterdienst,DISCOVERY_PENDING,,TO_DISCOVER,NOT_YET_AUDITED,"Puede publicar en portal propio, ATS compartido, cantón, Job-Room o agregador público."
PUB-CH-AG-MUN-4078,MUNICIPALITY,CH,AG,Aargau,4078,Gemeinde/Stadt Uezwil,Bezirk Bremgarten,1,GERMAN,NO,2,P1_URBAN_OR_INTERMEDIATE,Stadtgrün;Stadtgärtnerei;Werkhof;Werkdienst;Gemeindebetriebe;Friedhof;Parks;Sportanlagen;Schulanlagen;Forst;Liegenschaften;Strassenunterhalt;Arealpflege;Winterdienst,DISCOVERY_PENDING,,TO_DISCOVER,NOT_YET_AUDITED,"Puede publicar en portal propio, ATS compartido, cantón, Job-Room o agregador público."
PUB-CH-AG-MUN-4013,MUNICIPALITY,CH,AG,Aargau,4013,Gemeinde/Stadt Unterentfelden,Bezirk Aarau,1,GERMAN,NO,2,P1_URBAN_OR_INTERMEDIATE,Stadtgrün;Stadtgärtnerei;Werkhof;Werkdienst;Gemeindebetriebe;Friedhof;Parks;Sportanlagen;Schulanlagen;Forst;Liegenschaften;Strassenunterhalt;Arealpflege;Winterdienst,DISCOVERY_PENDING,,TO_DISCOVER,NOT_YET_AUDITED,"Puede publicar en portal propio, ATS compartido, cantón, Job-Room o agregador público."
PUB-CH-AG-MUN-4146,MUNICIPALITY,CH,AG,Aargau,4146,Gemeinde/Stadt Unterkulm,Bezirk Kulm,1,GERMAN,NO,2,P1_URBAN_OR_INTERMEDIATE,Stadtgrün;Stadtgärtnerei;Werkhof;Werkdienst;Gemeindebetriebe;Friedhof;Parks;Sportanlagen;Schulanlagen;Forst;Liegenschaften;Strassenunterhalt;Arealpflege;Winterdienst,DISCOVERY_PENDING,,TO_DISCOVER,NOT_YET_AUDITED,"Puede publicar en portal propio, ATS compartido, cantón, Job-Room o agregador público."
PUB-CH-AG-MUN-4079,MUNICIPALITY,CH,AG,Aargau,4079,Gemeinde/Stadt Unterlunkhofen,Bezirk Bremgarten,1,GERMAN,NO,2,P1_URBAN_OR_INTERMEDIATE,Stadtgrün;Stadtgärtnerei;Werkhof;Werkdienst;Gemeindebetriebe;Friedhof;Parks;Sportanlagen;Schulanlagen;Forst;Liegenschaften;Strassenunterhalt;Arealpflege;Winterdienst,DISCOVERY_PENDING,,TO_DISCOVER,NOT_YET_AUDITED,"Puede publicar en portal propio, ATS compartido, cantón, Job-Room o agregador público."
PUB-CH-AG-MUN-4044,MUNICIPALITY,CH,AG,Aargau,4044,Gemeinde/Stadt Untersiggenthal,Bezirk Baden,1,GERMAN,NO,2,P1_URBAN_OR_INTERMEDIATE,Stadtgrün;Stadtgärtnerei;Werkhof;Werkdienst;Gemeindebetriebe;Friedhof;Parks;Sportanlagen;Schulanlagen;Forst;Liegenschaften;Strassenunterhalt;Arealpflege;Winterdienst,DISCOVERY_PENDING,,TO_DISCOVER,NOT_YET_AUDITED,"Puede publicar en portal propio, ATS compartido, cantón, Job-Room o agregador público."
PUB-CH-AG-MUN-4120,MUNICIPALITY,CH,AG,Aargau,4120,Gemeinde/Stadt Veltheim (AG),Bezirk Brugg,1,GERMAN,NO,2,P1_URBAN_OR_INTERMEDIATE,Stadtgrün;Stadtgärtnerei;Werkhof;Werkdienst;Gemeindebetriebe;Friedhof;Parks;Sportanlagen;Schulanlagen;Forst;Liegenschaften;Strassenunterhalt;Arealpflege;Winterdienst,DISCOVERY_PENDING,,TO_DISCOVER,NOT_YET_AUDITED,"Puede publicar en portal propio, ATS compartido, cantón, Job-Room o agregador público."
PUB-CH-AG-MUN-4121,MUNICIPALITY,CH,AG,Aargau,4121,Gemeinde/Stadt Villigen,Bezirk Brugg,1,GERMAN,NO,2,P1_URBAN_OR_INTERMEDIATE,Stadtgrün;Stadtgärtnerei;Werkhof;Werkdienst;Gemeindebetriebe;Friedhof;Parks;Sportanlagen;Schulanlagen;Forst;Liegenschaften;Strassenunterhalt;Arealpflege;Winterdienst,DISCOVERY_PENDING,,TO_DISCOVER,NOT_YET_AUDITED,"Puede publicar en portal propio, ATS compartido, cantón, Job-Room o agregador público."
PUB-CH-AG-MUN-4080,MUNICIPALITY,CH,AG,Aargau,4080,Gemeinde/Stadt Villmergen,Bezirk Bremgarten,1,GERMAN,NO,2,P1_URBAN_OR_INTERMEDIATE,Stadtgrün;Stadtgärtnerei;Werkhof;Werkdienst;Gemeindebetriebe;Friedhof;Parks;Sportanlagen;Schulanlagen;Forst;Liegenschaften;Strassenunterhalt;Arealpflege;Winterdienst,DISCOVERY_PENDING,,TO_DISCOVER,NOT_YET_AUDITED,"Puede publicar en portal propio, ATS compartido, cantón, Job-Room o agregador público."
PUB-CH-AG-MUN-4287,MUNICIPALITY,CH,AG,Aargau,4287,Gemeinde/Stadt Vordemwald,Bezirk Zofingen,1,GERMAN,NO,2,P1_URBAN_OR_INTERMEDIATE,Stadtgrün;Stadtgärtnerei;Werkhof;Werkdienst;Gemeindebetriebe;Friedhof;Parks;Sportanlagen;Schulanlagen;Forst;Liegenschaften;Strassenunterhalt;Arealpflege;Winterdienst,DISCOVERY_PENDING,,TO_DISCOVER,NOT_YET_AUDITED,"Puede publicar en portal propio, ATS compartido, cantón, Job-Room o agregador público."
PUB-CH-AG-MUN-4261,MUNICIPALITY,CH,AG,Aargau,4261,Gemeinde/Stadt Wallbach,Bezirk Rheinfelden,1,GERMAN,NO,2,P1_URBAN_OR_INTERMEDIATE,Stadtgrün;Stadtgärtnerei;Werkhof;Werkdienst;Gemeindebetriebe;Friedhof;Parks;Sportanlagen;Schulanlagen;Forst;Liegenschaften;Strassenunterhalt;Arealpflege;Winterdienst,DISCOVERY_PENDING,,TO_DISCOVER,NOT_YET_AUDITED,"Puede publicar en portal propio, ATS compartido, cantón, Job-Room o agregador público."
PUB-CH-AG-MUN-4240,MUNICIPALITY,CH,AG,Aargau,4240,Gemeinde/Stadt Waltenschwil,Bezirk Muri,1,GERMAN,NO,2,P1_URBAN_OR_INTERMEDIATE,Stadtgrün;Stadtgärtnerei;Werkhof;Werkdienst;Gemeindebetriebe;Friedhof;Parks;Sportanlagen;Schulanlagen;Forst;Liegenschaften;Strassenunterhalt;Arealpflege;Winterdienst,DISCOVERY_PENDING,,TO_DISCOVER,NOT_YET_AUDITED,"Puede publicar en portal propio, ATS compartido, cantón, Job-Room o agregador público."
PUB-CH-AG-MUN-4262,MUNICIPALITY,CH,AG,Aargau,4262,Gemeinde/Stadt Wegenstetten,Bezirk Rheinfelden,1,GERMAN,NO,3,P2_RURAL,Stadtgrün;Stadtgärtnerei;Werkhof;Werkdienst;Gemeindebetriebe;Friedhof;Parks;Sportanlagen;Schulanlagen;Forst;Liegenschaften;Strassenunterhalt;Arealpflege;Winterdienst,DISCOVERY_PENDING,,TO_DISCOVER,NOT_YET_AUDITED,"Puede publicar en portal propio, ATS compartido, cantón, Job-Room o agregador público."
PUB-CH-AG-MUN-4045,MUNICIPALITY,CH,AG,Aargau,4045,Gemeinde/Stadt Wettingen,Bezirk Baden,1,GERMAN,YES,2,P0_CITY,Stadtgrün;Stadtgärtnerei;Werkhof;Werkdienst;Gemeindebetriebe;Friedhof;Parks;Sportanlagen;Schulanlagen;Forst;Liegenschaften;Strassenunterhalt;Arealpflege;Winterdienst,DISCOVERY_PENDING,,TO_DISCOVER,NOT_YET_AUDITED,"Puede publicar en portal propio, ATS compartido, cantón, Job-Room o agregador público."
PUB-CH-AG-MUN-4081,MUNICIPALITY,CH,AG,Aargau,4081,Gemeinde/Stadt Widen,Bezirk Bremgarten,1,GERMAN,NO,2,P1_URBAN_OR_INTERMEDIATE,Stadtgrün;Stadtgärtnerei;Werkhof;Werkdienst;Gemeindebetriebe;Friedhof;Parks;Sportanlagen;Schulanlagen;Forst;Liegenschaften;Strassenunterhalt;Arealpflege;Winterdienst,DISCOVERY_PENDING,,TO_DISCOVER,NOT_YET_AUDITED,"Puede publicar en portal propio, ATS compartido, cantón, Job-Room o agregador público."
PUB-CH-AG-MUN-4288,MUNICIPALITY,CH,AG,Aargau,4288,Gemeinde/Stadt Wiliberg,Bezirk Zofingen,1,GERMAN,NO,3,P2_RURAL,Stadtgrün;Stadtgärtnerei;Werkhof;Werkdienst;Gemeindebetriebe;Friedhof;Parks;Sportanlagen;Schulanlagen;Forst;Liegenschaften;Strassenunterhalt;Arealpflege;Winterdienst,DISCOVERY_PENDING,,TO_DISCOVER,NOT_YET_AUDITED,"Puede publicar en portal propio, ATS compartido, cantón, Job-Room o agregador público."
PUB-CH-AG-MUN-4123,MUNICIPALITY,CH,AG,Aargau,4123,Gemeinde/Stadt Windisch,Bezirk Brugg,1,GERMAN,NO,2,P1_URBAN_OR_INTERMEDIATE,Stadtgrün;Stadtgärtnerei;Werkhof;Werkdienst;Gemeindebetriebe;Friedhof;Parks;Sportanlagen;Schulanlagen;Forst;Liegenschaften;Strassenunterhalt;Arealpflege;Winterdienst,DISCOVERY_PENDING,,TO_DISCOVER,NOT_YET_AUDITED,"Puede publicar en portal propio, ATS compartido, cantón, Job-Room o agregador público."
PUB-CH-AG-MUN-4181,MUNICIPALITY,CH,AG,Aargau,4181,Gemeinde/Stadt Wittnau,Bezirk Laufenburg,1,GERMAN,NO,2,P1_URBAN_OR_INTERMEDIATE,Stadtgrün;Stadtgärtnerei;Werkhof;Werkdienst;Gemeindebetriebe;Friedhof;Parks;Sportanlagen;Schulanlagen;Forst;Liegenschaften;Strassenunterhalt;Arealpflege;Winterdienst,DISCOVERY_PENDING,,TO_DISCOVER,NOT_YET_AUDITED,"Puede publicar en portal propio, ATS compartido, cantón, Job-Room o agregador público."
PUB-CH-AG-MUN-4082,MUNICIPALITY,CH,AG,Aargau,4082,Gemeinde/Stadt Wohlen (AG),Bezirk Bremgarten,1,GERMAN,YES,2,P0_CITY,Stadtgrün;Stadtgärtnerei;Werkhof;Werkdienst;Gemeindebetriebe;Friedhof;Parks;Sportanlagen;Schulanlagen;Forst;Liegenschaften;Strassenunterhalt;Arealpflege;Winterdienst,DISCOVERY_PENDING,,TO_DISCOVER,NOT_YET_AUDITED,"Puede publicar en portal propio, ATS compartido, cantón, Job-Room o agregador público."
PUB-CH-AG-MUN-4046,MUNICIPALITY,CH,AG,Aargau,4046,Gemeinde/Stadt Wohlenschwil,Bezirk Baden,1,GERMAN,NO,2,P1_URBAN_OR_INTERMEDIATE,Stadtgrün;Stadtgärtnerei;Werkhof;Werkdienst;Gemeindebetriebe;Friedhof;Parks;Sportanlagen;Schulanlagen;Forst;Liegenschaften;Strassenunterhalt;Arealpflege;Winterdienst,DISCOVERY_PENDING,,TO_DISCOVER,NOT_YET_AUDITED,"Puede publicar en portal propio, ATS compartido, cantón, Job-Room o agregador público."
PUB-CH-AG-MUN-4182,MUNICIPALITY,CH,AG,Aargau,4182,Gemeinde/Stadt Wölflinswil,Bezirk Laufenburg,1,GERMAN,NO,3,P2_RURAL,Stadtgrün;Stadtgärtnerei;Werkhof;Werkdienst;Gemeindebetriebe;Friedhof;Parks;Sportanlagen;Schulanlagen;Forst;Liegenschaften;Strassenunterhalt;Arealpflege;Winterdienst,DISCOVERY_PENDING,,TO_DISCOVER,NOT_YET_AUDITED,"Puede publicar en portal propio, ATS compartido, cantón, Job-Room o agregador público."
PUB-CH-AG-MUN-4047,MUNICIPALITY,CH,AG,Aargau,4047,Gemeinde/Stadt Würenlingen,Bezirk Baden,1,GERMAN,NO,2,P1_URBAN_OR_INTERMEDIATE,Stadtgrün;Stadtgärtnerei;Werkhof;Werkdienst;Gemeindebetriebe;Friedhof;Parks;Sportanlagen;Schulanlagen;Forst;Liegenschaften;Strassenunterhalt;Arealpflege;Winterdienst,DISCOVERY_PENDING,,TO_DISCOVER,NOT_YET_AUDITED,"Puede publicar en portal propio, ATS compartido, cantón, Job-Room o agregador público."
PUB-CH-AG-MUN-4048,MUNICIPALITY,CH,AG,Aargau,4048,Gemeinde/Stadt Würenlos,Bezirk Baden,1,GERMAN,NO,2,P1_URBAN_OR_INTERMEDIATE,Stadtgrün;Stadtgärtnerei;Werkhof;Werkdienst;Gemeindebetriebe;Friedhof;Parks;Sportanlagen;Schulanlagen;Forst;Liegenschaften;Strassenunterhalt;Arealpflege;Winterdienst,DISCOVERY_PENDING,,TO_DISCOVER,NOT_YET_AUDITED,"Puede publicar en portal propio, ATS compartido, cantón, Job-Room o agregador público."
PUB-CH-AG-MUN-4183,MUNICIPALITY,CH,AG,Aargau,4183,Gemeinde/Stadt Zeihen,Bezirk Laufenburg,1,GERMAN,NO,3,P2_RURAL,Stadtgrün;Stadtgärtnerei;Werkhof;Werkdienst;Gemeindebetriebe;Friedhof;Parks;Sportanlagen;Schulanlagen;Forst;Liegenschaften;Strassenunterhalt;Arealpflege;Winterdienst,DISCOVERY_PENDING,,TO_DISCOVER,NOT_YET_AUDITED,"Puede publicar en portal propio, ATS compartido, cantón, Job-Room o agregador público."
PUB-CH-AG-MUN-4263,MUNICIPALITY,CH,AG,Aargau,4263,Gemeinde/Stadt Zeiningen,Bezirk Rheinfelden,1,GERMAN,NO,2,P1_URBAN_OR_INTERMEDIATE,Stadtgrün;Stadtgärtnerei;Werkhof;Werkdienst;Gemeindebetriebe;Friedhof;Parks;Sportanlagen;Schulanlagen;Forst;Liegenschaften;Strassenunterhalt;Arealpflege;Winterdienst,DISCOVERY_PENDING,,TO_DISCOVER,NOT_YET_AUDITED,"Puede publicar en portal propio, ATS compartido, cantón, Job-Room o agregador público."
PUB-CH-AG-MUN-4147,MUNICIPALITY,CH,AG,Aargau,4147,Gemeinde/Stadt Zetzwil,Bezirk Kulm,1,GERMAN,NO,2,P1_URBAN_OR_INTERMEDIATE,Stadtgrün;Stadtgärtnerei;Werkhof;Werkdienst;Gemeindebetriebe;Friedhof;Parks;Sportanlagen;Schulanlagen;Forst;Liegenschaften;Strassenunterhalt;Arealpflege;Winterdienst,DISCOVERY_PENDING,,TO_DISCOVER,NOT_YET_AUDITED,"Puede publicar en portal propio, ATS compartido, cantón, Job-Room o agregador público."
PUB-CH-AG-MUN-4289,MUNICIPALITY,CH,AG,Aargau,4289,Gemeinde/Stadt Zofingen,Bezirk Zofingen,1,GERMAN,YES,2,P0_CITY,Stadtgrün;Stadtgärtnerei;Werkhof;Werkdienst;Gemeindebetriebe;Friedhof;Parks;Sportanlagen;Schulanlagen;Forst;Liegenschaften;Strassenunterhalt;Arealpflege;Winterdienst,DISCOVERY_PENDING,,TO_DISCOVER,NOT_YET_AUDITED,"Puede publicar en portal propio, ATS compartido, cantón, Job-Room o agregador público."
PUB-CH-AG-MUN-4083,MUNICIPALITY,CH,AG,Aargau,4083,Gemeinde/Stadt Zufikon,Bezirk Bremgarten,1,GERMAN,NO,2,P1_URBAN_OR_INTERMEDIATE,Stadtgrün;Stadtgärtnerei;Werkhof;Werkdienst;Gemeindebetriebe;Friedhof;Parks;Sportanlagen;Schulanlagen;Forst;Liegenschaften;Strassenunterhalt;Arealpflege;Winterdienst,DISCOVERY_PENDING,,TO_DISCOVER,NOT_YET_AUDITED,"Puede publicar en portal propio, ATS compartido, cantón, Job-Room o agregador público."
PUB-CH-AG-MUN-4324,MUNICIPALITY,CH,AG,Aargau,4324,Gemeinde/Stadt Zurzach,Bezirk Zurzach,1,GERMAN,NO,2,P1_URBAN_OR_INTERMEDIATE,Stadtgrün;Stadtgärtnerei;Werkhof;Werkdienst;Gemeindebetriebe;Friedhof;Parks;Sportanlagen;Schulanlagen;Forst;Liegenschaften;Strassenunterhalt;Arealpflege;Winterdienst,DISCOVERY_PENDING,,TO_DISCOVER,NOT_YET_AUDITED,"Puede publicar en portal propio, ATS compartido, cantón, Job-Room o agregador público."
PUB-CH-AG-MUN-4264,MUNICIPALITY,CH,AG,Aargau,4264,Gemeinde/Stadt Zuzgen,Bezirk Rheinfelden,1,GERMAN,NO,3,P2_RURAL,Stadtgrün;Stadtgärtnerei;Werkhof;Werkdienst;Gemeindebetriebe;Friedhof;Parks;Sportanlagen;Schulanlagen;Forst;Liegenschaften;Strassenunterhalt;Arealpflege;Winterdienst,DISCOVERY_PENDING,,TO_DISCOVER,NOT_YET_AUDITED,"Puede publicar en portal propio, ATS compartido, cantón, Job-Room o agregador público."
PUB-CH-AI-MUN-3101,MUNICIPALITY,CH,AI,Appenzell Innerrhoden,3101,Gemeinde/Stadt Appenzell,Kanton Appenzell Innerrhoden,1,GERMAN,NO,2,P1_URBAN_OR_INTERMEDIATE,Stadtgrün;Stadtgärtnerei;Werkhof;Werkdienst;Gemeindebetriebe;Friedhof;Parks;Sportanlagen;Schulanlagen;Forst;Liegenschaften;Strassenunterhalt;Arealpflege;Winterdienst,DISCOVERY_PENDING,,TO_DISCOVER,NOT_YET_AUDITED,"Puede publicar en portal propio, ATS compartido, cantón, Job-Room o agregador público."
PUB-CH-AI-MUN-3102,MUNICIPALITY,CH,AI,Appenzell Innerrhoden,3102,Gemeinde/Stadt Gonten,Kanton Appenzell Innerrhoden,1,GERMAN,NO,3,P2_RURAL,Stadtgrün;Stadtgärtnerei;Werkhof;Werkdienst;Gemeindebetriebe;Friedhof;Parks;Sportanlagen;Schulanlagen;Forst;Liegenschaften;Strassenunterhalt;Arealpflege;Winterdienst,DISCOVERY_PENDING,,TO_DISCOVER,NOT_YET_AUDITED,"Puede publicar en portal propio, ATS compartido, cantón, Job-Room o agregador público."
PUB-CH-AI-MUN-3111,MUNICIPALITY,CH,AI,Appenzell Innerrhoden,3111,Gemeinde/Stadt Oberegg,Kanton Appenzell Innerrhoden,1,GERMAN,NO,3,P2_RURAL,Stadtgrün;Stadtgärtnerei;Werkhof;Werkdienst;Gemeindebetriebe;Friedhof;Parks;Sportanlagen;Schulanlagen;Forst;Liegenschaften;Strassenunterhalt;Arealpflege;Winterdienst,DISCOVERY_PENDING,,TO_DISCOVER,NOT_YET_AUDITED,"Puede publicar en portal propio, ATS compartido, cantón, Job-Room o agregador público."
PUB-CH-AI-MUN-3104,MUNICIPALITY,CH,AI,Appenzell Innerrhoden,3104,Gemeinde/Stadt Schlatt-Haslen,Kanton Appenzell Innerrhoden,1,GERMAN,NO,3,P2_RURAL,Stadtgrün;Stadtgärtnerei;Werkhof;Werkdienst;Gemeindebetriebe;Friedhof;Parks;Sportanlagen;Schulanlagen;Forst;Liegenschaften;Strassenunterhalt;Arealpflege;Winterdienst,DISCOVERY_PENDING,,TO_DISCOVER,NOT_YET_AUDITED,"Puede publicar en portal propio, ATS compartido, cantón, Job-Room o agregador público."
PUB-CH-AI-MUN-3112,MUNICIPALITY,CH,AI,Appenzell Innerrhoden,3112,Gemeinde/Stadt Schwende-Rüte,Kanton Appenzell Innerrhoden,1,GERMAN,NO,2,P1_URBAN_OR_INTERMEDIATE,Stadtgrün;Stadtgärtnerei;Werkhof;Werkdienst;Gemeindebetriebe;Friedhof;Parks;Sportanlagen;Schulanlagen;Forst;Liegenschaften;Strassenunterhalt;Arealpflege;Winterdienst,DISCOVERY_PENDING,,TO_DISCOVER,NOT_YET_AUDITED,"Puede publicar en portal propio, ATS compartido, cantón, Job-Room o agregador público."
PUB-CH-AR-MUN-3021,MUNICIPALITY,CH,AR,Appenzell Ausserrhoden,3021,Gemeinde/Stadt Bühler,Bezirk Mittelland,1,GERMAN,NO,3,P2_RURAL,Stadtgrün;Stadtgärtnerei;Werkhof;Werkdienst;Gemeindebetriebe;Friedhof;Parks;Sportanlagen;Schulanlagen;Forst;Liegenschaften;Strassenunterhalt;Arealpflege;Winterdienst,DISCOVERY_PENDING,,TO_DISCOVER,NOT_YET_AUDITED,"Puede publicar en portal propio, ATS compartido, cantón, Job-Room o agregador público."
PUB-CH-AR-MUN-3022,MUNICIPALITY,CH,AR,Appenzell Ausserrhoden,3022,Gemeinde/Stadt Gais,Bezirk Mittelland,1,GERMAN,NO,3,P2_RURAL,Stadtgrün;Stadtgärtnerei;Werkhof;Werkdienst;Gemeindebetriebe;Friedhof;Parks;Sportanlagen;Schulanlagen;Forst;Liegenschaften;Strassenunterhalt;Arealpflege;Winterdienst,DISCOVERY_PENDING,,TO_DISCOVER,NOT_YET_AUDITED,"Puede publicar en portal propio, ATS compartido, cantón, Job-Room o agregador público."
PUB-CH-AR-MUN-3031,MUNICIPALITY,CH,AR,Appenzell Ausserrhoden,3031,Gemeinde/Stadt Grub (AR),Bezirk Vorderland,1,GERMAN,NO,2,P1_URBAN_OR_INTERMEDIATE,Stadtgrün;Stadtgärtnerei;Werkhof;Werkdienst;Gemeindebetriebe;Friedhof;Parks;Sportanlagen;Schulanlagen;Forst;Liegenschaften;Strassenunterhalt;Arealpflege;Winterdienst,DISCOVERY_PENDING,,TO_DISCOVER,NOT_YET_AUDITED,"Puede publicar en portal propio, ATS compartido, cantón, Job-Room o agregador público."
PUB-CH-AR-MUN-3032,MUNICIPALITY,CH,AR,Appenzell Ausserrhoden,3032,Gemeinde/Stadt Heiden,Bezirk Vorderland,1,GERMAN,NO,2,P1_URBAN_OR_INTERMEDIATE,Stadtgrün;Stadtgärtnerei;Werkhof;Werkdienst;Gemeindebetriebe;Friedhof;Parks;Sportanlagen;Schulanlagen;Forst;Liegenschaften;Strassenunterhalt;Arealpflege;Winterdienst,DISCOVERY_PENDING,,TO_DISCOVER,NOT_YET_AUDITED,"Puede publicar en portal propio, ATS compartido, cantón, Job-Room o agregador público."
PUB-CH-AR-MUN-3001,MUNICIPALITY,CH,AR,Appenzell Ausserrhoden,3001,Gemeinde/Stadt Herisau,Bezirk Hinterland,1,GERMAN,YES,2,P0_CITY,Stadtgrün;Stadtgärtnerei;Werkhof;Werkdienst;Gemeindebetriebe;Friedhof;Parks;Sportanlagen;Schulanlagen;Forst;Liegenschaften;Strassenunterhalt;Arealpflege;Winterdienst,DISCOVERY_PENDING,,TO_DISCOVER,NOT_YET_AUDITED,"Puede publicar en portal propio, ATS compartido, cantón, Job-Room o agregador público."
PUB-CH-AR-MUN-3002,MUNICIPALITY,CH,AR,Appenzell Ausserrhoden,3002,Gemeinde/Stadt Hundwil,Bezirk Hinterland,1,GERMAN,NO,3,P2_RURAL,Stadtgrün;Stadtgärtnerei;Werkhof;Werkdienst;Gemeindebetriebe;Friedhof;Parks;Sportanlagen;Schulanlagen;Forst;Liegenschaften;Strassenunterhalt;Arealpflege;Winterdienst,DISCOVERY_PENDING,,TO_DISCOVER,NOT_YET_AUDITED,"Puede publicar en portal propio, ATS compartido, cantón, Job-Room o agregador público."
PUB-CH-AR-MUN-3033,MUNICIPALITY,CH,AR,Appenzell Ausserrhoden,3033,Gemeinde/Stadt Lutzenberg,Bezirk Vorderland,1,GERMAN,NO,2,P1_URBAN_OR_INTERMEDIATE,Stadtgrün;Stadtgärtnerei;Werkhof;Werkdienst;Gemeindebetriebe;Friedhof;Parks;Sportanlagen;Schulanlagen;Forst;Liegenschaften;Strassenunterhalt;Arealpflege;Winterdienst,DISCOVERY_PENDING,,TO_DISCOVER,NOT_YET_AUDITED,"Puede publicar en portal propio, ATS compartido, cantón, Job-Room o agregador público."
PUB-CH-AR-MUN-3034,MUNICIPALITY,CH,AR,Appenzell Ausserrhoden,3034,Gemeinde/Stadt Rehetobel,Bezirk Vorderland,1,GERMAN,NO,3,P2_RURAL,Stadtgrün;Stadtgärtnerei;Werkhof;Werkdienst;Gemeindebetriebe;Friedhof;Parks;Sportanlagen;Schulanlagen;Forst;Liegenschaften;Strassenunterhalt;Arealpflege;Winterdienst,DISCOVERY_PENDING,,TO_DISCOVER,NOT_YET_AUDITED,"Puede publicar en portal propio, ATS compartido, cantón, Job-Room o agregador público."
PUB-CH-AR-MUN-3035,MUNICIPALITY,CH,AR,Appenzell Ausserrhoden,3035,Gemeinde/Stadt Reute (AR),Bezirk Vorderland,1,GERMAN,NO,3,P2_RURAL,Stadtgrün;Stadtgärtnerei;Werkhof;Werkdienst;Gemeindebetriebe;Friedhof;Parks;Sportanlagen;Schulanlagen;Forst;Liegenschaften;Strassenunterhalt;Arealpflege;Winterdienst,DISCOVERY_PENDING,,TO_DISCOVER,NOT_YET_AUDITED,"Puede publicar en portal propio, ATS compartido, cantón, Job-Room o agregador público."
PUB-CH-AR-MUN-3004,MUNICIPALITY,CH,AR,Appenzell Ausserrhoden,3004,Gemeinde/Stadt Schwellbrunn,Bezirk Hinterland,1,GERMAN,NO,3,P2_RURAL,Stadtgrün;Stadtgärtnerei;Werkhof;Werkdienst;Gemeindebetriebe;Friedhof;Parks;Sportanlagen;Schulanlagen;Forst;Liegenschaften;Strassenunterhalt;Arealpflege;Winterdienst,DISCOVERY_PENDING,,TO_DISCOVER,NOT_YET_AUDITED,"Puede publicar en portal propio, ATS compartido, cantón, Job-Room o agregador público."
PUB-CH-AR-MUN-3003,MUNICIPALITY,CH,AR,Appenzell Ausserrhoden,3003,Gemeinde/Stadt Schönengrund,Bezirk Hinterland,1,GERMAN,NO,3,P2_RURAL,Stadtgrün;Stadtgärtnerei;Werkhof;Werkdienst;Gemeindebetriebe;Friedhof;Parks;Sportanlagen;Schulanlagen;Forst;Liegenschaften;Strassenunterhalt;Arealpflege;Winterdienst,DISCOVERY_PENDING,,TO_DISCOVER,NOT_YET_AUDITED,"Puede publicar en portal propio, ATS compartido, cantón, Job-Room o agregador público."
PUB-CH-AR-MUN-3023,MUNICIPALITY,CH,AR,Appenzell Ausserrhoden,3023,Gemeinde/Stadt Speicher,Bezirk Mittelland,1,GERMAN,NO,2,P1_URBAN_OR_INTERMEDIATE,Stadtgrün;Stadtgärtnerei;Werkhof;Werkdienst;Gemeindebetriebe;Friedhof;Parks;Sportanlagen;Schulanlagen;Forst;Liegenschaften;Strassenunterhalt;Arealpflege;Winterdienst,DISCOVERY_PENDING,,TO_DISCOVER,NOT_YET_AUDITED,"Puede publicar en portal propio, ATS compartido, cantón, Job-Room o agregador público."
PUB-CH-AR-MUN-3005,MUNICIPALITY,CH,AR,Appenzell Ausserrhoden,3005,Gemeinde/Stadt Stein (AR),Bezirk Hinterland,1,GERMAN,NO,3,P2_RURAL,Stadtgrün;Stadtgärtnerei;Werkhof;Werkdienst;Gemeindebetriebe;Friedhof;Parks;Sportanlagen;Schulanlagen;Forst;Liegenschaften;Strassenunterhalt;Arealpflege;Winterdienst,DISCOVERY_PENDING,,TO_DISCOVER,NOT_YET_AUDITED,"Puede publicar en portal propio, ATS compartido, cantón, Job-Room o agregador público."
PUB-CH-AR-MUN-3024,MUNICIPALITY,CH,AR,Appenzell Ausserrhoden,3024,Gemeinde/Stadt Teufen (AR),Bezirk Mittelland,1,GERMAN,NO,2,P1_URBAN_OR_INTERMEDIATE,Stadtgrün;Stadtgärtnerei;Werkhof;Werkdienst;Gemeindebetriebe;Friedhof;Parks;Sportanlagen;Schulanlagen;Forst;Liegenschaften;Strassenunterhalt;Arealpflege;Winterdienst,DISCOVERY_PENDING,,TO_DISCOVER,NOT_YET_AUDITED,"Puede publicar en portal propio, ATS compartido, cantón, Job-Room o agregador público."
PUB-CH-AR-MUN-3025,MUNICIPALITY,CH,AR,Appenzell Ausserrhoden,3025,Gemeinde/Stadt Trogen,Bezirk Mittelland,1,GERMAN,NO,2,P1_URBAN_OR_INTERMEDIATE,Stadtgrün;Stadtgärtnerei;Werkhof;Werkdienst;Gemeindebetriebe;Friedhof;Parks;Sportanlagen;Schulanlagen;Forst;Liegenschaften;Strassenunterhalt;Arealpflege;Winterdienst,DISCOVERY_PENDING,,TO_DISCOVER,NOT_YET_AUDITED,"Puede publicar en portal propio, ATS compartido, cantón, Job-Room o agregador público."
PUB-CH-AR-MUN-3006,MUNICIPALITY,CH,AR,Appenzell Ausserrhoden,3006,Gemeinde/Stadt Urnäsch,Bezirk Hinterland,1,GERMAN,NO,3,P2_RURAL,Stadtgrün;Stadtgärtnerei;Werkhof;Werkdienst;Gemeindebetriebe;Friedhof;Parks;Sportanlagen;Schulanlagen;Forst;Liegenschaften;Strassenunterhalt;Arealpflege;Winterdienst,DISCOVERY_PENDING,,TO_DISCOVER,NOT_YET_AUDITED,"Puede publicar en portal propio, ATS compartido, cantón, Job-Room o agregador público."
PUB-CH-AR-MUN-3036,MUNICIPALITY,CH,AR,Appenzell Ausserrhoden,3036,Gemeinde/Stadt Wald (AR),Bezirk Vorderland,1,GERMAN,NO,3,P2_RURAL,Stadtgrün;Stadtgärtnerei;Werkhof;Werkdienst;Gemeindebetriebe;Friedhof;Parks;Sportanlagen;Schulanlagen;Forst;Liegenschaften;Strassenunterhalt;Arealpflege;Winterdienst,DISCOVERY_PENDING,,TO_DISCOVER,NOT_YET_AUDITED,"Puede publicar en portal propio, ATS compartido, cantón, Job-Room o agregador público."
PUB-CH-AR-MUN-3007,MUNICIPALITY,CH,AR,Appenzell Ausserrhoden,3007,Gemeinde/Stadt Waldstatt,Bezirk Hinterland,1,GERMAN,NO,2,P1_URBAN_OR_INTERMEDIATE,Stadtgrün;Stadtgärtnerei;Werkhof;Werkdienst;Gemeindebetriebe;Friedhof;Parks;Sportanlagen;Schulanlagen;Forst;Liegenschaften;Strassenunterhalt;Arealpflege;Winterdienst,DISCOVERY_PENDING,,TO_DISCOVER,NOT_YET_AUDITED,"Puede publicar en portal propio, ATS compartido, cantón, Job-Room o agregador público."
PUB-CH-AR-MUN-3037,MUNICIPALITY,CH,AR,Appenzell Ausserrhoden,3037,Gemeinde/Stadt Walzenhausen,Bezirk Vorderland,1,GERMAN,NO,2,P1_URBAN_OR_INTERMEDIATE,Stadtgrün;Stadtgärtnerei;Werkhof;Werkdienst;Gemeindebetriebe;Friedhof;Parks;Sportanlagen;Schulanlagen;Forst;Liegenschaften;Strassenunterhalt;Arealpflege;Winterdienst,DISCOVERY_PENDING,,TO_DISCOVER,NOT_YET_AUDITED,"Puede publicar en portal propio, ATS compartido, cantón, Job-Room o agregador público."
PUB-CH-AR-MUN-3038,MUNICIPALITY,CH,AR,Appenzell Ausserrhoden,3038,Gemeinde/Stadt Wolfhalden,Bezirk Vorderland,1,GERMAN,NO,2,P1_URBAN_OR_INTERMEDIATE,Stadtgrün;Stadtgärtnerei;Werkhof;Werkdienst;Gemeindebetriebe;Friedhof;Parks;Sportanlagen;Schulanlagen;Forst;Liegenschaften;Strassenunterhalt;Arealpflege;Winterdienst,DISCOVERY_PENDING,,TO_DISCOVER,NOT_YET_AUDITED,"Puede publicar en portal propio, ATS compartido, cantón, Job-Room o agregador público."
PUB-CH-BE-MUN-0301,MUNICIPALITY,CH,BE,Bern,301,Gemeinde/Stadt Aarberg,Verwaltungskreis Seeland,1,GERMAN,NO,2,P1_URBAN_OR_INTERMEDIATE,Stadtgrün;Stadtgärtnerei;Werkhof;Werkdienst;Gemeindebetriebe;Friedhof;Parks;Sportanlagen;Schulanlagen;Forst;Liegenschaften;Strassenunterhalt;Arealpflege;Winterdienst,DISCOVERY_PENDING,,TO_DISCOVER,NOT_YET_AUDITED,"Puede publicar en portal propio, ATS compartido, cantón, Job-Room o agregador público."
PUB-CH-BE-MUN-0321,MUNICIPALITY,CH,BE,Bern,321,Gemeinde/Stadt Aarwangen,Verwaltungskreis Oberaargau,1,GERMAN,NO,2,P1_URBAN_OR_INTERMEDIATE,Stadtgrün;Stadtgärtnerei;Werkhof;Werkdienst;Gemeindebetriebe;Friedhof;Parks;Sportanlagen;Schulanlagen;Forst;Liegenschaften;Strassenunterhalt;Arealpflege;Winterdienst,DISCOVERY_PENDING,,TO_DISCOVER,NOT_YET_AUDITED,"Puede publicar en portal propio, ATS compartido, cantón, Job-Room o agregador público."
PUB-CH-BE-MUN-0561,MUNICIPALITY,CH,BE,Bern,561,Gemeinde/Stadt Adelboden,Verwaltungskreis Frutigen-Niedersimmental,1,GERMAN,NO,3,P2_RURAL,Stadtgrün;Stadtgärtnerei;Werkhof;Werkdienst;Gemeindebetriebe;Friedhof;Parks;Sportanlagen;Schulanlagen;Forst;Liegenschaften;Strassenunterhalt;Arealpflege;Winterdienst,DISCOVERY_PENDING,,TO_DISCOVER,NOT_YET_AUDITED,"Puede publicar en portal propio, ATS compartido, cantón, Job-Room o agregador público."
PUB-CH-BE-MUN-0401,MUNICIPALITY,CH,BE,Bern,401,Gemeinde/Stadt Aefligen,Verwaltungskreis Emmental,1,GERMAN,NO,2,P1_URBAN_OR_INTERMEDIATE,Stadtgrün;Stadtgärtnerei;Werkhof;Werkdienst;Gemeindebetriebe;Friedhof;Parks;Sportanlagen;Schulanlagen;Forst;Liegenschaften;Strassenunterhalt;Arealpflege;Winterdienst,DISCOVERY_PENDING,,TO_DISCOVER,NOT_YET_AUDITED,"Puede publicar en portal propio, ATS compartido, cantón, Job-Room o agregador público."
PUB-CH-BE-MUN-0731,MUNICIPALITY,CH,BE,Bern,731,Gemeinde/Stadt Aegerten,Verwaltungskreis Biel/Bienne,1,GERMAN,NO,2,P1_URBAN_OR_INTERMEDIATE,Stadtgrün;Stadtgärtnerei;Werkhof;Werkdienst;Gemeindebetriebe;Friedhof;Parks;Sportanlagen;Schulanlagen;Forst;Liegenschaften;Strassenunterhalt;Arealpflege;Winterdienst,DISCOVERY_PENDING,,TO_DISCOVER,NOT_YET_AUDITED,"Puede publicar en portal propio, ATS compartido, cantón, Job-Room o agregador público."
PUB-CH-BE-MUN-0562,MUNICIPALITY,CH,BE,Bern,562,Gemeinde/Stadt Aeschi bei Spiez,Verwaltungskreis Frutigen-Niedersimmental,1,GERMAN,NO,3,P2_RURAL,Stadtgrün;Stadtgärtnerei;Werkhof;Werkdienst;Gemeindebetriebe;Friedhof;Parks;Sportanlagen;Schulanlagen;Forst;Liegenschaften;Strassenunterhalt;Arealpflege;Winterdienst,DISCOVERY_PENDING,,TO_DISCOVER,NOT_YET_AUDITED,"Puede publicar en portal propio, ATS compartido, cantón, Job-Room o agregador público."
PUB-CH-BE-MUN-0951,MUNICIPALITY,CH,BE,Bern,951,Gemeinde/Stadt Affoltern im Emmental,Verwaltungskreis Emmental,1,GERMAN,NO,3,P2_RURAL,Stadtgrün;Stadtgärtnerei;Werkhof;Werkdienst;Gemeindebetriebe;Friedhof;Parks;Sportanlagen;Schulanlagen;Forst;Liegenschaften;Strassenunterhalt;Arealpflege;Winterdienst,DISCOVERY_PENDING,,TO_DISCOVER,NOT_YET_AUDITED,"Puede publicar en portal propio, ATS compartido, cantón, Job-Room o agregador público."
PUB-CH-BE-MUN-0402,MUNICIPALITY,CH,BE,Bern,402,Gemeinde/Stadt Alchenstorf,Verwaltungskreis Emmental,1,GERMAN,NO,3,P2_RURAL,Stadtgrün;Stadtgärtnerei;Werkhof;Werkdienst;Gemeindebetriebe;Friedhof;Parks;Sportanlagen;Schulanlagen;Forst;Liegenschaften;Strassenunterhalt;Arealpflege;Winterdienst,DISCOVERY_PENDING,,TO_DISCOVER,NOT_YET_AUDITED,"Puede publicar en portal propio, ATS compartido, cantón, Job-Room o agregador público."
PUB-CH-BE-MUN-0630,MUNICIPALITY,CH,BE,Bern,630,Gemeinde/Stadt Allmendingen,Verwaltungskreis Bern-Mittelland,1,GERMAN,NO,3,P2_RURAL,Stadtgrün;Stadtgärtnerei;Werkhof;Werkdienst;Gemeindebetriebe;Friedhof;Parks;Sportanlagen;Schulanlagen;Forst;Liegenschaften;Strassenunterhalt;Arealpflege;Winterdienst,DISCOVERY_PENDING,,TO_DISCOVER,NOT_YET_AUDITED,"Puede publicar en portal propio, ATS compartido, cantón, Job-Room o agregador público."
PUB-CH-BE-MUN-0921,MUNICIPALITY,CH,BE,Bern,921,Gemeinde/Stadt Amsoldingen,Verwaltungskreis Thun,1,GERMAN,NO,2,P1_URBAN_OR_INTERMEDIATE,Stadtgrün;Stadtgärtnerei;Werkhof;Werkdienst;Gemeindebetriebe;Friedhof;Parks;Sportanlagen;Schulanlagen;Forst;Liegenschaften;Strassenunterhalt;Arealpflege;Winterdienst,DISCOVERY_PENDING,,TO_DISCOVER,NOT_YET_AUDITED,"Puede publicar en portal propio, ATS compartido, cantón, Job-Room o agregador público."
PUB-CH-BE-MUN-0381,MUNICIPALITY,CH,BE,Bern,381,Gemeinde/Stadt Arch,Verwaltungskreis Seeland,1,GERMAN,NO,3,P2_RURAL,Stadtgrün;Stadtgärtnerei;Werkhof;Werkdienst;Gemeindebetriebe;Friedhof;Parks;Sportanlagen;Schulanlagen;Forst;Liegenschaften;Strassenunterhalt;Arealpflege;Winterdienst,DISCOVERY_PENDING,,TO_DISCOVER,NOT_YET_AUDITED,"Puede publicar en portal propio, ATS compartido, cantón, Job-Room o agregador público."
PUB-CH-BE-MUN-0602,MUNICIPALITY,CH,BE,Bern,602,Gemeinde/Stadt Arni (BE),Verwaltungskreis Bern-Mittelland,1,GERMAN,NO,3,P2_RURAL,Stadtgrün;Stadtgärtnerei;Werkhof;Werkdienst;Gemeindebetriebe;Friedhof;Parks;Sportanlagen;Schulanlagen;Forst;Liegenschaften;Strassenunterhalt;Arealpflege;Winterdienst,DISCOVERY_PENDING,,TO_DISCOVER,NOT_YET_AUDITED,"Puede publicar en portal propio, ATS compartido, cantón, Job-Room o agregador público."
PUB-CH-BE-MUN-0971,MUNICIPALITY,CH,BE,Bern,971,Gemeinde/Stadt Attiswil,Verwaltungskreis Oberaargau,1,GERMAN,NO,2,P1_URBAN_OR_INTERMEDIATE,Stadtgrün;Stadtgärtnerei;Werkhof;Werkdienst;Gemeindebetriebe;Friedhof;Parks;Sportanlagen;Schulanlagen;Forst;Liegenschaften;Strassenunterhalt;Arealpflege;Winterdienst,DISCOVERY_PENDING,,TO_DISCOVER,NOT_YET_AUDITED,"Puede publicar en portal propio, ATS compartido, cantón, Job-Room o agregador público."
PUB-CH-BE-MUN-0322,MUNICIPALITY,CH,BE,Bern,322,Gemeinde/Stadt Auswil,Verwaltungskreis Oberaargau,1,GERMAN,NO,3,P2_RURAL,Stadtgrün;Stadtgärtnerei;Werkhof;Werkdienst;Gemeindebetriebe;Friedhof;Parks;Sportanlagen;Schulanlagen;Forst;Liegenschaften;Strassenunterhalt;Arealpflege;Winterdienst,DISCOVERY_PENDING,,TO_DISCOVER,NOT_YET_AUDITED,"Puede publicar en portal propio, ATS compartido, cantón, Job-Room o agregador público."
PUB-CH-BE-MUN-0323,MUNICIPALITY,CH,BE,Bern,323,Gemeinde/Stadt Bannwil,Verwaltungskreis Oberaargau,1,GERMAN,NO,3,P2_RURAL,Stadtgrün;Stadtgärtnerei;Werkhof;Werkdienst;Gemeindebetriebe;Friedhof;Parks;Sportanlagen;Schulanlagen;Forst;Liegenschaften;Strassenunterhalt;Arealpflege;Winterdienst,DISCOVERY_PENDING,,TO_DISCOVER,NOT_YET_AUDITED,"Puede publicar en portal propio, ATS compartido, cantón, Job-Room o agregador público."
PUB-CH-BE-MUN-0302,MUNICIPALITY,CH,BE,Bern,302,Gemeinde/Stadt Bargen (BE),Verwaltungskreis Seeland,1,GERMAN,NO,2,P1_URBAN_OR_INTERMEDIATE,Stadtgrün;Stadtgärtnerei;Werkhof;Werkdienst;Gemeindebetriebe;Friedhof;Parks;Sportanlagen;Schulanlagen;Forst;Liegenschaften;Strassenunterhalt;Arealpflege;Winterdienst,DISCOVERY_PENDING,,TO_DISCOVER,NOT_YET_AUDITED,"Puede publicar en portal propio, ATS compartido, cantón, Job-Room o agregador público."
PUB-CH-BE-MUN-0571,MUNICIPALITY,CH,BE,Bern,571,Gemeinde/Stadt Beatenberg,Verwaltungskreis Interlaken-Oberhasli,1,GERMAN,NO,3,P2_RURAL,Stadtgrün;Stadtgärtnerei;Werkhof;Werkdienst;Gemeindebetriebe;Friedhof;Parks;Sportanlagen;Schulanlagen;Forst;Liegenschaften;Strassenunterhalt;Arealpflege;Winterdienst,DISCOVERY_PENDING,,TO_DISCOVER,NOT_YET_AUDITED,"Puede publicar en portal propio, ATS compartido, cantón, Job-Room o agregador público."
PUB-CH-BE-MUN-0732,MUNICIPALITY,CH,BE,Bern,732,Gemeinde/Stadt Bellmund,Verwaltungskreis Biel/Bienne,1,GERMAN,NO,2,P1_URBAN_OR_INTERMEDIATE,Stadtgrün;Stadtgärtnerei;Werkhof;Werkdienst;Gemeindebetriebe;Friedhof;Parks;Sportanlagen;Schulanlagen;Forst;Liegenschaften;Strassenunterhalt;Arealpflege;Winterdienst,DISCOVERY_PENDING,,TO_DISCOVER,NOT_YET_AUDITED,"Puede publicar en portal propio, ATS compartido, cantón, Job-Room o agregador público."
PUB-CH-BE-MUN-0861,MUNICIPALITY,CH,BE,Bern,861,Gemeinde/Stadt Belp,Verwaltungskreis Bern-Mittelland,1,GERMAN,YES,2,P0_CITY,Stadtgrün;Stadtgärtnerei;Werkhof;Werkdienst;Gemeindebetriebe;Friedhof;Parks;Sportanlagen;Schulanlagen;Forst;Liegenschaften;Strassenunterhalt;Arealpflege;Winterdienst,DISCOVERY_PENDING,,TO_DISCOVER,NOT_YET_AUDITED,"Puede publicar en portal propio, ATS compartido, cantón, Job-Room o agregador público."
PUB-CH-BE-MUN-0972,MUNICIPALITY,CH,BE,Bern,972,Gemeinde/Stadt Berken,Verwaltungskreis Oberaargau,1,GERMAN,NO,3,P2_RURAL,Stadtgrün;Stadtgärtnerei;Werkhof;Werkdienst;Gemeindebetriebe;Friedhof;Parks;Sportanlagen;Schulanlagen;Forst;Liegenschaften;Strassenunterhalt;Arealpflege;Winterdienst,DISCOVERY_PENDING,,TO_DISCOVER,NOT_YET_AUDITED,"Puede publicar en portal propio, ATS compartido, cantón, Job-Room o agregador público."
PUB-CH-BE-MUN-0351,MUNICIPALITY,CH,BE,Bern,351,Gemeinde/Stadt Bern,Verwaltungskreis Bern-Mittelland,1,GERMAN,YES,1,P0_CITY,Stadtgrün;Stadtgärtnerei;Werkhof;Werkdienst;Gemeindebetriebe;Friedhof;Parks;Sportanlagen;Schulanlagen;Forst;Liegenschaften;Strassenunterhalt;Arealpflege;Winterdienst,VERIFIED,https://www.bern.ch/themen/arbeiten-fuer-die-stadt-bern/offene-stellen,JOBS_BERN_CH,VERIFIED_OFFICIAL_PORTAL,Unidad verde conocida: Stadtgrün Bern.
PUB-CH-BE-MUN-0973,MUNICIPALITY,CH,BE,Bern,973,Gemeinde/Stadt Bettenhausen,Verwaltungskreis Oberaargau,1,GERMAN,NO,2,P1_URBAN_OR_INTERMEDIATE,Stadtgrün;Stadtgärtnerei;Werkhof;Werkdienst;Gemeindebetriebe;Friedhof;Parks;Sportanlagen;Schulanlagen;Forst;Liegenschaften;Strassenunterhalt;Arealpflege;Winterdienst,DISCOVERY_PENDING,,TO_DISCOVER,NOT_YET_AUDITED,"Puede publicar en portal propio, ATS compartido, cantón, Job-Room o agregador público."
PUB-CH-BE-MUN-0371,MUNICIPALITY,CH,BE,Bern,371,Gemeinde/Stadt Biel/Bienne,Verwaltungskreis Biel/Bienne,1,GERMAN,YES,1,P0_CITY,Stadtgrün;Stadtgärtnerei;Werkhof;Werkdienst;Gemeindebetriebe;Friedhof;Parks;Sportanlagen;Schulanlagen;Forst;Liegenschaften;Strassenunterhalt;Arealpflege;Winterdienst,DISCOVERY_PENDING,,TO_DISCOVER,NOT_YET_AUDITED,"Puede publicar en portal propio, ATS compartido, cantón, Job-Room o agregador público."
PUB-CH-BE-MUN-0603,MUNICIPALITY,CH,BE,Bern,603,Gemeinde/Stadt Biglen,Verwaltungskreis Bern-Mittelland,1,GERMAN,NO,2,P1_URBAN_OR_INTERMEDIATE,Stadtgrün;Stadtgärtnerei;Werkhof;Werkdienst;Gemeindebetriebe;Friedhof;Parks;Sportanlagen;Schulanlagen;Forst;Liegenschaften;Strassenunterhalt;Arealpflege;Winterdienst,DISCOVERY_PENDING,,TO_DISCOVER,NOT_YET_AUDITED,"Puede publicar en portal propio, ATS compartido, cantón, Job-Room o agregador público."
PUB-CH-BE-MUN-0324,MUNICIPALITY,CH,BE,Bern,324,Gemeinde/Stadt Bleienbach,Verwaltungskreis Oberaargau,1,GERMAN,NO,3,P2_RURAL,Stadtgrün;Stadtgärtnerei;Werkhof;Werkdienst;Gemeindebetriebe;Friedhof;Parks;Sportanlagen;Schulanlagen;Forst;Liegenschaften;Strassenunterhalt;Arealpflege;Winterdienst,DISCOVERY_PENDING,,TO_DISCOVER,NOT_YET_AUDITED,"Puede publicar en portal propio, ATS compartido, cantón, Job-Room o agregador público."
PUB-CH-BE-MUN-0922,MUNICIPALITY,CH,BE,Bern,922,Gemeinde/Stadt Blumenstein,Verwaltungskreis Thun,1,GERMAN,NO,3,P2_RURAL,Stadtgrün;Stadtgärtnerei;Werkhof;Werkdienst;Gemeindebetriebe;Friedhof;Parks;Sportanlagen;Schulanlagen;Forst;Liegenschaften;Strassenunterhalt;Arealpflege;Winterdienst,DISCOVERY_PENDING,,TO_DISCOVER,NOT_YET_AUDITED,"Puede publicar en portal propio, ATS compartido, cantón, Job-Room o agregador público."
PUB-CH-BE-MUN-0352,MUNICIPALITY,CH,BE,Bern,352,Gemeinde/Stadt Bolligen,Verwaltungskreis Bern-Mittelland,1,GERMAN,NO,1,P1_URBAN_OR_INTERMEDIATE,Stadtgrün;Stadtgärtnerei;Werkhof;Werkdienst;Gemeindebetriebe;Friedhof;Parks;Sportanlagen;Schulanlagen;Forst;Liegenschaften;Strassenunterhalt;Arealpflege;Winterdienst,DISCOVERY_PENDING,,TO_DISCOVER,NOT_YET_AUDITED,"Puede publicar en portal propio, ATS compartido, cantón, Job-Room o agregador público."
PUB-CH-BE-MUN-0791,MUNICIPALITY,CH,BE,Bern,791,Gemeinde/Stadt Boltigen,Verwaltungskreis Obersimmental-Saanen,1,GERMAN,NO,3,P2_RURAL,Stadtgrün;Stadtgärtnerei;Werkhof;Werkdienst;Gemeindebetriebe;Friedhof;Parks;Sportanlagen;Schulanlagen;Forst;Liegenschaften;Strassenunterhalt;Arealpflege;Winterdienst,DISCOVERY_PENDING,,TO_DISCOVER,NOT_YET_AUDITED,"Puede publicar en portal propio, ATS compartido, cantón, Job-Room o agregador público."
PUB-CH-BE-MUN-0605,MUNICIPALITY,CH,BE,Bern,605,Gemeinde/Stadt Bowil,Verwaltungskreis Bern-Mittelland,1,GERMAN,NO,3,P2_RURAL,Stadtgrün;Stadtgärtnerei;Werkhof;Werkdienst;Gemeindebetriebe;Friedhof;Parks;Sportanlagen;Schulanlagen;Forst;Liegenschaften;Strassenunterhalt;Arealpflege;Winterdienst,DISCOVERY_PENDING,,TO_DISCOVER,NOT_YET_AUDITED,"Puede publicar en portal propio, ATS compartido, cantón, Job-Room o agregador público."
PUB-CH-BE-MUN-0353,MUNICIPALITY,CH,BE,Bern,353,Gemeinde/Stadt Bremgarten bei Bern,Verwaltungskreis Bern-Mittelland,1,GERMAN,NO,1,P1_URBAN_OR_INTERMEDIATE,Stadtgrün;Stadtgärtnerei;Werkhof;Werkdienst;Gemeindebetriebe;Friedhof;Parks;Sportanlagen;Schulanlagen;Forst;Liegenschaften;Strassenunterhalt;Arealpflege;Winterdienst,DISCOVERY_PENDING,,TO_DISCOVER,NOT_YET_AUDITED,"Puede publicar en portal propio, ATS compartido, cantón, Job-Room o agregador público."
PUB-CH-BE-MUN-0606,MUNICIPALITY,CH,BE,Bern,606,Gemeinde/Stadt Brenzikofen,Verwaltungskreis Bern-Mittelland,1,GERMAN,NO,3,P2_RURAL,Stadtgrün;Stadtgärtnerei;Werkhof;Werkdienst;Gemeindebetriebe;Friedhof;Parks;Sportanlagen;Schulanlagen;Forst;Liegenschaften;Strassenunterhalt;Arealpflege;Winterdienst,DISCOVERY_PENDING,,TO_DISCOVER,NOT_YET_AUDITED,"Puede publicar en portal propio, ATS compartido, cantón, Job-Room o agregador público."
PUB-CH-BE-MUN-0573,MUNICIPALITY,CH,BE,Bern,573,Gemeinde/Stadt Brienz (BE),Verwaltungskreis Interlaken-Oberhasli,1,GERMAN,NO,3,P2_RURAL,Stadtgrün;Stadtgärtnerei;Werkhof;Werkdienst;Gemeindebetriebe;Friedhof;Parks;Sportanlagen;Schulanlagen;Forst;Liegenschaften;Strassenunterhalt;Arealpflege;Winterdienst,DISCOVERY_PENDING,,TO_DISCOVER,NOT_YET_AUDITED,"Puede publicar en portal propio, ATS compartido, cantón, Job-Room o agregador público."
PUB-CH-BE-MUN-0574,MUNICIPALITY,CH,BE,Bern,574,Gemeinde/Stadt Brienzwiler,Verwaltungskreis Interlaken-Oberhasli,1,GERMAN,NO,3,P2_RURAL,Stadtgrün;Stadtgärtnerei;Werkhof;Werkdienst;Gemeindebetriebe;Friedhof;Parks;Sportanlagen;Schulanlagen;Forst;Liegenschaften;Strassenunterhalt;Arealpflege;Winterdienst,DISCOVERY_PENDING,,TO_DISCOVER,NOT_YET_AUDITED,"Puede publicar en portal propio, ATS compartido, cantón, Job-Room o agregador público."
PUB-CH-BE-MUN-0733,MUNICIPALITY,CH,BE,Bern,733,Gemeinde/Stadt Brügg,Verwaltungskreis Biel/Bienne,1,GERMAN,NO,1,P1_URBAN_OR_INTERMEDIATE,Stadtgrün;Stadtgärtnerei;Werkhof;Werkdienst;Gemeindebetriebe;Friedhof;Parks;Sportanlagen;Schulanlagen;Forst;Liegenschaften;Strassenunterhalt;Arealpflege;Winterdienst,DISCOVERY_PENDING,,TO_DISCOVER,NOT_YET_AUDITED,"Puede publicar en portal propio, ATS compartido, cantón, Job-Room o agregador público."
PUB-CH-BE-MUN-0491,MUNICIPALITY,CH,BE,Bern,491,Gemeinde/Stadt Brüttelen,Verwaltungskreis Seeland,1,GERMAN,NO,3,P2_RURAL,Stadtgrün;Stadtgärtnerei;Werkhof;Werkdienst;Gemeindebetriebe;Friedhof;Parks;Sportanlagen;Schulanlagen;Forst;Liegenschaften;Strassenunterhalt;Arealpflege;Winterdienst,DISCOVERY_PENDING,,TO_DISCOVER,NOT_YET_AUDITED,"Puede publicar en portal propio, ATS compartido, cantón, Job-Room o agregador público."
PUB-CH-BE-MUN-0923,MUNICIPALITY,CH,BE,Bern,923,Gemeinde/Stadt Buchholterberg,Verwaltungskreis Thun,1,GERMAN,NO,3,P2_RURAL,Stadtgrün;Stadtgärtnerei;Werkhof;Werkdienst;Gemeindebetriebe;Friedhof;Parks;Sportanlagen;Schulanlagen;Forst;Liegenschaften;Strassenunterhalt;Arealpflege;Winterdienst,DISCOVERY_PENDING,,TO_DISCOVER,NOT_YET_AUDITED,"Puede publicar en portal propio, ATS compartido, cantón, Job-Room o agregador público."
PUB-CH-BE-MUN-0404,MUNICIPALITY,CH,BE,Bern,404,Gemeinde/Stadt Burgdorf,Verwaltungskreis Emmental,1,GERMAN,YES,2,P0_CITY,Stadtgrün;Stadtgärtnerei;Werkhof;Werkdienst;Gemeindebetriebe;Friedhof;Parks;Sportanlagen;Schulanlagen;Forst;Liegenschaften;Strassenunterhalt;Arealpflege;Winterdienst,DISCOVERY_PENDING,,TO_DISCOVER,NOT_YET_AUDITED,"Puede publicar en portal propio, ATS compartido, cantón, Job-Room o agregador público."
PUB-CH-BE-MUN-0863,MUNICIPALITY,CH,BE,Bern,863,Gemeinde/Stadt Burgistein,Verwaltungskreis Thun,1,GERMAN,NO,3,P2_RURAL,Stadtgrün;Stadtgärtnerei;Werkhof;Werkdienst;Gemeindebetriebe;Friedhof;Parks;Sportanlagen;Schulanlagen;Forst;Liegenschaften;Strassenunterhalt;Arealpflege;Winterdienst,DISCOVERY_PENDING,,TO_DISCOVER,NOT_YET_AUDITED,"Puede publicar en portal propio, ATS compartido, cantón, Job-Room o agregador público."
PUB-CH-BE-MUN-0325,MUNICIPALITY,CH,BE,Bern,325,Gemeinde/Stadt Busswil bei Melchnau,Verwaltungskreis Oberaargau,1,GERMAN,NO,3,P2_RURAL,Stadtgrün;Stadtgärtnerei;Werkhof;Werkdienst;Gemeindebetriebe;Friedhof;Parks;Sportanlagen;Schulanlagen;Forst;Liegenschaften;Strassenunterhalt;Arealpflege;Winterdienst,DISCOVERY_PENDING,,TO_DISCOVER,NOT_YET_AUDITED,"Puede publicar en portal propio, ATS compartido, cantón, Job-Room o agregador público."
PUB-CH-BE-MUN-0403,MUNICIPALITY,CH,BE,Bern,403,Gemeinde/Stadt Bäriswil,Verwaltungskreis Bern-Mittelland,1,GERMAN,NO,2,P1_URBAN_OR_INTERMEDIATE,Stadtgrün;Stadtgärtnerei;Werkhof;Werkdienst;Gemeindebetriebe;Friedhof;Parks;Sportanlagen;Schulanlagen;Forst;Liegenschaften;Strassenunterhalt;Arealpflege;Winterdienst,DISCOVERY_PENDING,,TO_DISCOVER,NOT_YET_AUDITED,"Puede publicar en portal propio, ATS compartido, cantón, Job-Room o agregador público."
PUB-CH-BE-MUN-0533,MUNICIPALITY,CH,BE,Bern,533,Gemeinde/Stadt Bätterkinden,Verwaltungskreis Emmental,1,GERMAN,NO,2,P1_URBAN_OR_INTERMEDIATE,Stadtgrün;Stadtgärtnerei;Werkhof;Werkdienst;Gemeindebetriebe;Friedhof;Parks;Sportanlagen;Schulanlagen;Forst;Liegenschaften;Strassenunterhalt;Arealpflege;Winterdienst,DISCOVERY_PENDING,,TO_DISCOVER,NOT_YET_AUDITED,"Puede publicar en portal propio, ATS compartido, cantón, Job-Room o agregador público."
PUB-CH-BE-MUN-0572,MUNICIPALITY,CH,BE,Bern,572,Gemeinde/Stadt Bönigen,Verwaltungskreis Interlaken-Oberhasli,1,GERMAN,NO,2,P1_URBAN_OR_INTERMEDIATE,Stadtgrün;Stadtgärtnerei;Werkhof;Werkdienst;Gemeindebetriebe;Friedhof;Parks;Sportanlagen;Schulanlagen;Forst;Liegenschaften;Strassenunterhalt;Arealpflege;Winterdienst,DISCOVERY_PENDING,,TO_DISCOVER,NOT_YET_AUDITED,"Puede publicar en portal propio, ATS compartido, cantón, Job-Room o agregador público."
PUB-CH-BE-MUN-0382,MUNICIPALITY,CH,BE,Bern,382,Gemeinde/Stadt Büetigen,Verwaltungskreis Seeland,1,GERMAN,NO,2,P1_URBAN_OR_INTERMEDIATE,Stadtgrün;Stadtgärtnerei;Werkhof;Werkdienst;Gemeindebetriebe;Friedhof;Parks;Sportanlagen;Schulanlagen;Forst;Liegenschaften;Strassenunterhalt;Arealpflege;Winterdienst,DISCOVERY_PENDING,,TO_DISCOVER,NOT_YET_AUDITED,"Puede publicar en portal propio, ATS compartido, cantón, Job-Room o agregador público."
PUB-CH-BE-MUN-0734,MUNICIPALITY,CH,BE,Bern,734,Gemeinde/Stadt Bühl,Verwaltungskreis Seeland,1,GERMAN,NO,3,P2_RURAL,Stadtgrün;Stadtgärtnerei;Werkhof;Werkdienst;Gemeindebetriebe;Friedhof;Parks;Sportanlagen;Schulanlagen;Forst;Liegenschaften;Strassenunterhalt;Arealpflege;Winterdienst,DISCOVERY_PENDING,,TO_DISCOVER,NOT_YET_AUDITED,"Puede publicar en portal propio, ATS compartido, cantón, Job-Room o agregador público."
PUB-CH-BE-MUN-0383,MUNICIPALITY,CH,BE,Bern,383,Gemeinde/Stadt Büren an der Aare,Verwaltungskreis Seeland,1,GERMAN,NO,3,P2_RURAL,Stadtgrün;Stadtgärtnerei;Werkhof;Werkdienst;Gemeindebetriebe;Friedhof;Parks;Sportanlagen;Schulanlagen;Forst;Liegenschaften;Strassenunterhalt;Arealpflege;Winterdienst,DISCOVERY_PENDING,,TO_DISCOVER,NOT_YET_AUDITED,"Puede publicar en portal propio, ATS compartido, cantón, Job-Room o agregador público."
PUB-CH-BE-MUN-0535,MUNICIPALITY,CH,BE,Bern,535,Gemeinde/Stadt Deisswil bei Münchenbuchsee,Verwaltungskreis Bern-Mittelland,1,GERMAN,NO,3,P2_RURAL,Stadtgrün;Stadtgärtnerei;Werkhof;Werkdienst;Gemeindebetriebe;Friedhof;Parks;Sportanlagen;Schulanlagen;Forst;Liegenschaften;Strassenunterhalt;Arealpflege;Winterdienst,DISCOVERY_PENDING,,TO_DISCOVER,NOT_YET_AUDITED,"Puede publicar en portal propio, ATS compartido, cantón, Job-Room o agregador público."
PUB-CH-BE-MUN-0762,MUNICIPALITY,CH,BE,Bern,762,Gemeinde/Stadt Diemtigen,Verwaltungskreis Frutigen-Niedersimmental,1,GERMAN,NO,3,P2_RURAL,Stadtgrün;Stadtgärtnerei;Werkhof;Werkdienst;Gemeindebetriebe;Friedhof;Parks;Sportanlagen;Schulanlagen;Forst;Liegenschaften;Strassenunterhalt;Arealpflege;Winterdienst,DISCOVERY_PENDING,,TO_DISCOVER,NOT_YET_AUDITED,"Puede publicar en portal propio, ATS compartido, cantón, Job-Room o agregador público."
PUB-CH-BE-MUN-0385,MUNICIPALITY,CH,BE,Bern,385,Gemeinde/Stadt Diessbach bei Büren,Verwaltungskreis Seeland,1,GERMAN,NO,2,P1_URBAN_OR_INTERMEDIATE,Stadtgrün;Stadtgärtnerei;Werkhof;Werkdienst;Gemeindebetriebe;Friedhof;Parks;Sportanlagen;Schulanlagen;Forst;Liegenschaften;Strassenunterhalt;Arealpflege;Winterdienst,DISCOVERY_PENDING,,TO_DISCOVER,NOT_YET_AUDITED,"Puede publicar en portal propio, ATS compartido, cantón, Job-Room o agregador público."
PUB-CH-BE-MUN-0386,MUNICIPALITY,CH,BE,Bern,386,Gemeinde/Stadt Dotzigen,Verwaltungskreis Seeland,1,GERMAN,NO,2,P1_URBAN_OR_INTERMEDIATE,Stadtgrün;Stadtgärtnerei;Werkhof;Werkdienst;Gemeindebetriebe;Friedhof;Parks;Sportanlagen;Schulanlagen;Forst;Liegenschaften;Strassenunterhalt;Arealpflege;Winterdienst,DISCOVERY_PENDING,,TO_DISCOVER,NOT_YET_AUDITED,"Puede publicar en portal propio, ATS compartido, cantón, Job-Room o agregador público."
PUB-CH-BE-MUN-0575,MUNICIPALITY,CH,BE,Bern,575,Gemeinde/Stadt Därligen,Verwaltungskreis Interlaken-Oberhasli,1,GERMAN,NO,3,P2_RURAL,Stadtgrün;Stadtgärtnerei;Werkhof;Werkdienst;Gemeindebetriebe;Friedhof;Parks;Sportanlagen;Schulanlagen;Forst;Liegenschaften;Strassenunterhalt;Arealpflege;Winterdienst,DISCOVERY_PENDING,,TO_DISCOVER,NOT_YET_AUDITED,"Puede publicar en portal propio, ATS compartido, cantón, Job-Room o agregador público."
PUB-CH-BE-MUN-0761,MUNICIPALITY,CH,BE,Bern,761,Gemeinde/Stadt Därstetten,Verwaltungskreis Frutigen-Niedersimmental,1,GERMAN,NO,3,P2_RURAL,Stadtgrün;Stadtgärtnerei;Werkhof;Werkdienst;Gemeindebetriebe;Friedhof;Parks;Sportanlagen;Schulanlagen;Forst;Liegenschaften;Strassenunterhalt;Arealpflege;Winterdienst,DISCOVERY_PENDING,,TO_DISCOVER,NOT_YET_AUDITED,"Puede publicar en portal propio, ATS compartido, cantón, Job-Room o agregador público."
PUB-CH-BE-MUN-0952,MUNICIPALITY,CH,BE,Bern,952,Gemeinde/Stadt Dürrenroth,Verwaltungskreis Emmental,1,GERMAN,NO,3,P2_RURAL,Stadtgrün;Stadtgärtnerei;Werkhof;Werkdienst;Gemeindebetriebe;Friedhof;Parks;Sportanlagen;Schulanlagen;Forst;Liegenschaften;Strassenunterhalt;Arealpflege;Winterdienst,DISCOVERY_PENDING,,TO_DISCOVER,NOT_YET_AUDITED,"Puede publicar en portal propio, ATS compartido, cantón, Job-Room o agregador público."
PUB-CH-BE-MUN-0901,MUNICIPALITY,CH,BE,Bern,901,Gemeinde/Stadt Eggiwil,Verwaltungskreis Emmental,1,GERMAN,NO,3,P2_RURAL,Stadtgrün;Stadtgärtnerei;Werkhof;Werkdienst;Gemeindebetriebe;Friedhof;Parks;Sportanlagen;Schulanlagen;Forst;Liegenschaften;Strassenunterhalt;Arealpflege;Winterdienst,DISCOVERY_PENDING,,TO_DISCOVER,NOT_YET_AUDITED,"Puede publicar en portal propio, ATS compartido, cantón, Job-Room o agregador público."
PUB-CH-BE-MUN-0735,MUNICIPALITY,CH,BE,Bern,735,Gemeinde/Stadt Epsach,Verwaltungskreis Seeland,1,GERMAN,NO,3,P2_RURAL,Stadtgrün;Stadtgärtnerei;Werkhof;Werkdienst;Gemeindebetriebe;Friedhof;Parks;Sportanlagen;Schulanlagen;Forst;Liegenschaften;Strassenunterhalt;Arealpflege;Winterdienst,DISCOVERY_PENDING,,TO_DISCOVER,NOT_YET_AUDITED,"Puede publicar en portal propio, ATS compartido, cantón, Job-Room o agregador público."
PUB-CH-BE-MUN-0953,MUNICIPALITY,CH,BE,Bern,953,Gemeinde/Stadt Eriswil,Verwaltungskreis Oberaargau,1,GERMAN,NO,3,P2_RURAL,Stadtgrün;Stadtgärtnerei;Werkhof;Werkdienst;Gemeindebetriebe;Friedhof;Parks;Sportanlagen;Schulanlagen;Forst;Liegenschaften;Strassenunterhalt;Arealpflege;Winterdienst,DISCOVERY_PENDING,,TO_DISCOVER,NOT_YET_AUDITED,"Puede publicar en portal propio, ATS compartido, cantón, Job-Room o agregador público."
PUB-CH-BE-MUN-0924,MUNICIPALITY,CH,BE,Bern,924,Gemeinde/Stadt Eriz,Verwaltungskreis Thun,1,GERMAN,NO,3,P2_RURAL,Stadtgrün;Stadtgärtnerei;Werkhof;Werkdienst;Gemeindebetriebe;Friedhof;Parks;Sportanlagen;Schulanlagen;Forst;Liegenschaften;Strassenunterhalt;Arealpflege;Winterdienst,DISCOVERY_PENDING,,TO_DISCOVER,NOT_YET_AUDITED,"Puede publicar en portal propio, ATS compartido, cantón, Job-Room o agregador público."
PUB-CH-BE-MUN-0492,MUNICIPALITY,CH,BE,Bern,492,Gemeinde/Stadt Erlach,Verwaltungskreis Seeland,1,GERMAN,NO,2,P1_URBAN_OR_INTERMEDIATE,Stadtgrün;Stadtgärtnerei;Werkhof;Werkdienst;Gemeindebetriebe;Friedhof;Parks;Sportanlagen;Schulanlagen;Forst;Liegenschaften;Strassenunterhalt;Arealpflege;Winterdienst,DISCOVERY_PENDING,,TO_DISCOVER,NOT_YET_AUDITED,"Puede publicar en portal propio, ATS compartido, cantón, Job-Room o agregador público."
PUB-CH-BE-MUN-0763,MUNICIPALITY,CH,BE,Bern,763,Gemeinde/Stadt Erlenbach im Simmental,Verwaltungskreis Frutigen-Niedersimmental,1,GERMAN,NO,3,P2_RURAL,Stadtgrün;Stadtgärtnerei;Werkhof;Werkdienst;Gemeindebetriebe;Friedhof;Parks;Sportanlagen;Schulanlagen;Forst;Liegenschaften;Strassenunterhalt;Arealpflege;Winterdienst,DISCOVERY_PENDING,,TO_DISCOVER,NOT_YET_AUDITED,"Puede publicar en portal propio, ATS compartido, cantón, Job-Room o agregador público."
PUB-CH-BE-MUN-0405,MUNICIPALITY,CH,BE,Bern,405,Gemeinde/Stadt Ersigen,Verwaltungskreis Emmental,1,GERMAN,NO,2,P1_URBAN_OR_INTERMEDIATE,Stadtgrün;Stadtgärtnerei;Werkhof;Werkdienst;Gemeindebetriebe;Friedhof;Parks;Sportanlagen;Schulanlagen;Forst;Liegenschaften;Strassenunterhalt;Arealpflege;Winterdienst,DISCOVERY_PENDING,,TO_DISCOVER,NOT_YET_AUDITED,"Puede publicar en portal propio, ATS compartido, cantón, Job-Room o agregador público."
PUB-CH-BE-MUN-0372,MUNICIPALITY,CH,BE,Bern,372,Gemeinde/Stadt Evilard,Verwaltungskreis Biel/Bienne,1,GERMAN,NO,2,P1_URBAN_OR_INTERMEDIATE,Stadtgrün;Stadtgärtnerei;Werkhof;Werkdienst;Gemeindebetriebe;Friedhof;Parks;Sportanlagen;Schulanlagen;Forst;Liegenschaften;Strassenunterhalt;Arealpflege;Winterdienst,DISCOVERY_PENDING,,TO_DISCOVER,NOT_YET_AUDITED,"Puede publicar en portal propio, ATS compartido, cantón, Job-Room o agregador público."
PUB-CH-BE-MUN-0925,MUNICIPALITY,CH,BE,Bern,925,Gemeinde/Stadt Fahrni,Verwaltungskreis Thun,1,GERMAN,NO,3,P2_RURAL,Stadtgrün;Stadtgärtnerei;Werkhof;Werkdienst;Gemeindebetriebe;Friedhof;Parks;Sportanlagen;Schulanlagen;Forst;Liegenschaften;Strassenunterhalt;Arealpflege;Winterdienst,DISCOVERY_PENDING,,TO_DISCOVER,NOT_YET_AUDITED,"Puede publicar en portal propio, ATS compartido, cantón, Job-Room o agregador público."
PUB-CH-BE-MUN-0975,MUNICIPALITY,CH,BE,Bern,975,Gemeinde/Stadt Farnern,Verwaltungskreis Oberaargau,1,GERMAN,NO,3,P2_RURAL,Stadtgrün;Stadtgärtnerei;Werkhof;Werkdienst;Gemeindebetriebe;Friedhof;Parks;Sportanlagen;Schulanlagen;Forst;Liegenschaften;Strassenunterhalt;Arealpflege;Winterdienst,DISCOVERY_PENDING,,TO_DISCOVER,NOT_YET_AUDITED,"Puede publicar en portal propio, ATS compartido, cantón, Job-Room o agregador público."
PUB-CH-BE-MUN-0662,MUNICIPALITY,CH,BE,Bern,662,Gemeinde/Stadt Ferenbalm,Verwaltungskreis Bern-Mittelland,1,GERMAN,NO,3,P2_RURAL,Stadtgrün;Stadtgärtnerei;Werkhof;Werkdienst;Gemeindebetriebe;Friedhof;Parks;Sportanlagen;Schulanlagen;Forst;Liegenschaften;Strassenunterhalt;Arealpflege;Winterdienst,DISCOVERY_PENDING,,TO_DISCOVER,NOT_YET_AUDITED,"Puede publicar en portal propio, ATS compartido, cantón, Job-Room o agregador público."
PUB-CH-BE-MUN-0493,MUNICIPALITY,CH,BE,Bern,493,Gemeinde/Stadt Finsterhennen,Verwaltungskreis Seeland,1,GERMAN,NO,3,P2_RURAL,Stadtgrün;Stadtgärtnerei;Werkhof;Werkdienst;Gemeindebetriebe;Friedhof;Parks;Sportanlagen;Schulanlagen;Forst;Liegenschaften;Strassenunterhalt;Arealpflege;Winterdienst,DISCOVERY_PENDING,,TO_DISCOVER,NOT_YET_AUDITED,"Puede publicar en portal propio, ATS compartido, cantón, Job-Room o agregador público."
PUB-CH-BE-MUN-0948,MUNICIPALITY,CH,BE,Bern,948,Gemeinde/Stadt Forst-Längenbühl,Verwaltungskreis Thun,1,GERMAN,NO,3,P2_RURAL,Stadtgrün;Stadtgärtnerei;Werkhof;Werkdienst;Gemeindebetriebe;Friedhof;Parks;Sportanlagen;Schulanlagen;Forst;Liegenschaften;Strassenunterhalt;Arealpflege;Winterdienst,DISCOVERY_PENDING,,TO_DISCOVER,NOT_YET_AUDITED,"Puede publicar en portal propio, ATS compartido, cantón, Job-Room o agregador público."
PUB-CH-BE-MUN-0538,MUNICIPALITY,CH,BE,Bern,538,Gemeinde/Stadt Fraubrunnen,Verwaltungskreis Bern-Mittelland,1,GERMAN,NO,3,P2_RURAL,Stadtgrün;Stadtgärtnerei;Werkhof;Werkdienst;Gemeindebetriebe;Friedhof;Parks;Sportanlagen;Schulanlagen;Forst;Liegenschaften;Strassenunterhalt;Arealpflege;Winterdienst,DISCOVERY_PENDING,,TO_DISCOVER,NOT_YET_AUDITED,"Puede publicar en portal propio, ATS compartido, cantón, Job-Room o agregador público."
PUB-CH-BE-MUN-0663,MUNICIPALITY,CH,BE,Bern,663,Gemeinde/Stadt Frauenkappelen,Verwaltungskreis Bern-Mittelland,1,GERMAN,NO,3,P2_RURAL,Stadtgrün;Stadtgärtnerei;Werkhof;Werkdienst;Gemeindebetriebe;Friedhof;Parks;Sportanlagen;Schulanlagen;Forst;Liegenschaften;Strassenunterhalt;Arealpflege;Winterdienst,DISCOVERY_PENDING,,TO_DISCOVER,NOT_YET_AUDITED,"Puede publicar en portal propio, ATS compartido, cantón, Job-Room o agregador público."
PUB-CH-BE-MUN-0607,MUNICIPALITY,CH,BE,Bern,607,Gemeinde/Stadt Freimettigen,Verwaltungskreis Bern-Mittelland,1,GERMAN,NO,2,P1_URBAN_OR_INTERMEDIATE,Stadtgrün;Stadtgärtnerei;Werkhof;Werkdienst;Gemeindebetriebe;Friedhof;Parks;Sportanlagen;Schulanlagen;Forst;Liegenschaften;Strassenunterhalt;Arealpflege;Winterdienst,DISCOVERY_PENDING,,TO_DISCOVER,NOT_YET_AUDITED,"Puede publicar en portal propio, ATS compartido, cantón, Job-Room o agregador público."
PUB-CH-BE-MUN-0563,MUNICIPALITY,CH,BE,Bern,563,Gemeinde/Stadt Frutigen,Verwaltungskreis Frutigen-Niedersimmental,1,GERMAN,NO,2,P1_URBAN_OR_INTERMEDIATE,Stadtgrün;Stadtgärtnerei;Werkhof;Werkdienst;Gemeindebetriebe;Friedhof;Parks;Sportanlagen;Schulanlagen;Forst;Liegenschaften;Strassenunterhalt;Arealpflege;Winterdienst,DISCOVERY_PENDING,,TO_DISCOVER,NOT_YET_AUDITED,"Puede publicar en portal propio, ATS compartido, cantón, Job-Room o agregador público."
PUB-CH-BE-MUN-0494,MUNICIPALITY,CH,BE,Bern,494,Gemeinde/Stadt Gals,Verwaltungskreis Seeland,1,GERMAN,NO,2,P1_URBAN_OR_INTERMEDIATE,Stadtgrün;Stadtgärtnerei;Werkhof;Werkdienst;Gemeindebetriebe;Friedhof;Parks;Sportanlagen;Schulanlagen;Forst;Liegenschaften;Strassenunterhalt;Arealpflege;Winterdienst,DISCOVERY_PENDING,,TO_DISCOVER,NOT_YET_AUDITED,"Puede publicar en portal propio, ATS compartido, cantón, Job-Room o agregador público."
PUB-CH-BE-MUN-0495,MUNICIPALITY,CH,BE,Bern,495,Gemeinde/Stadt Gampelen,Verwaltungskreis Seeland,1,GERMAN,NO,2,P1_URBAN_OR_INTERMEDIATE,Stadtgrün;Stadtgärtnerei;Werkhof;Werkdienst;Gemeindebetriebe;Friedhof;Parks;Sportanlagen;Schulanlagen;Forst;Liegenschaften;Strassenunterhalt;Arealpflege;Winterdienst,DISCOVERY_PENDING,,TO_DISCOVER,NOT_YET_AUDITED,"Puede publicar en portal propio, ATS compartido, cantón, Job-Room o agregador público."
PUB-CH-BE-MUN-0866,MUNICIPALITY,CH,BE,Bern,866,Gemeinde/Stadt Gerzensee,Verwaltungskreis Bern-Mittelland,1,GERMAN,NO,2,P1_URBAN_OR_INTERMEDIATE,Stadtgrün;Stadtgärtnerei;Werkhof;Werkdienst;Gemeindebetriebe;Friedhof;Parks;Sportanlagen;Schulanlagen;Forst;Liegenschaften;Strassenunterhalt;Arealpflege;Winterdienst,DISCOVERY_PENDING,,TO_DISCOVER,NOT_YET_AUDITED,"Puede publicar en portal propio, ATS compartido, cantón, Job-Room o agregador público."
PUB-CH-BE-MUN-0326,MUNICIPALITY,CH,BE,Bern,326,Gemeinde/Stadt Gondiswil,Verwaltungskreis Oberaargau,1,GERMAN,NO,3,P2_RURAL,Stadtgrün;Stadtgärtnerei;Werkhof;Werkdienst;Gemeindebetriebe;Friedhof;Parks;Sportanlagen;Schulanlagen;Forst;Liegenschaften;Strassenunterhalt;Arealpflege;Winterdienst,DISCOVERY_PENDING,,TO_DISCOVER,NOT_YET_AUDITED,"Puede publicar en portal propio, ATS compartido, cantón, Job-Room o agregador público."
PUB-CH-BE-MUN-0976,MUNICIPALITY,CH,BE,Bern,976,Gemeinde/Stadt Graben,Verwaltungskreis Oberaargau,1,GERMAN,NO,3,P2_RURAL,Stadtgrün;Stadtgärtnerei;Werkhof;Werkdienst;Gemeindebetriebe;Friedhof;Parks;Sportanlagen;Schulanlagen;Forst;Liegenschaften;Strassenunterhalt;Arealpflege;Winterdienst,DISCOVERY_PENDING,,TO_DISCOVER,NOT_YET_AUDITED,"Puede publicar en portal propio, ATS compartido, cantón, Job-Room o agregador público."
PUB-CH-BE-MUN-0576,MUNICIPALITY,CH,BE,Bern,576,Gemeinde/Stadt Grindelwald,Verwaltungskreis Interlaken-Oberhasli,1,GERMAN,NO,3,P2_RURAL,Stadtgrün;Stadtgärtnerei;Werkhof;Werkdienst;Gemeindebetriebe;Friedhof;Parks;Sportanlagen;Schulanlagen;Forst;Liegenschaften;Strassenunterhalt;Arealpflege;Winterdienst,DISCOVERY_PENDING,,TO_DISCOVER,NOT_YET_AUDITED,"Puede publicar en portal propio, ATS compartido, cantón, Job-Room o agregador público."
PUB-CH-BE-MUN-0303,MUNICIPALITY,CH,BE,Bern,303,Gemeinde/Stadt Grossaffoltern,Verwaltungskreis Seeland,1,GERMAN,NO,2,P1_URBAN_OR_INTERMEDIATE,Stadtgrün;Stadtgärtnerei;Werkhof;Werkdienst;Gemeindebetriebe;Friedhof;Parks;Sportanlagen;Schulanlagen;Forst;Liegenschaften;Strassenunterhalt;Arealpflege;Winterdienst,DISCOVERY_PENDING,,TO_DISCOVER,NOT_YET_AUDITED,"Puede publicar en portal propio, ATS compartido, cantón, Job-Room o agregador público."
PUB-CH-BE-MUN-0608,MUNICIPALITY,CH,BE,Bern,608,Gemeinde/Stadt Grosshöchstetten,Verwaltungskreis Bern-Mittelland,1,GERMAN,NO,2,P1_URBAN_OR_INTERMEDIATE,Stadtgrün;Stadtgärtnerei;Werkhof;Werkdienst;Gemeindebetriebe;Friedhof;Parks;Sportanlagen;Schulanlagen;Forst;Liegenschaften;Strassenunterhalt;Arealpflege;Winterdienst,DISCOVERY_PENDING,,TO_DISCOVER,NOT_YET_AUDITED,"Puede publicar en portal propio, ATS compartido, cantón, Job-Room o agregador público."
PUB-CH-BE-MUN-0841,MUNICIPALITY,CH,BE,Bern,841,Gemeinde/Stadt Gsteig,Verwaltungskreis Obersimmental-Saanen,1,GERMAN,NO,3,P2_RURAL,Stadtgrün;Stadtgärtnerei;Werkhof;Werkdienst;Gemeindebetriebe;Friedhof;Parks;Sportanlagen;Schulanlagen;Forst;Liegenschaften;Strassenunterhalt;Arealpflege;Winterdienst,DISCOVERY_PENDING,,TO_DISCOVER,NOT_YET_AUDITED,"Puede publicar en portal propio, ATS compartido, cantón, Job-Room o agregador público."
PUB-CH-BE-MUN-0577,MUNICIPALITY,CH,BE,Bern,577,Gemeinde/Stadt Gsteigwiler,Verwaltungskreis Interlaken-Oberhasli,1,GERMAN,NO,2,P1_URBAN_OR_INTERMEDIATE,Stadtgrün;Stadtgärtnerei;Werkhof;Werkdienst;Gemeindebetriebe;Friedhof;Parks;Sportanlagen;Schulanlagen;Forst;Liegenschaften;Strassenunterhalt;Arealpflege;Winterdienst,DISCOVERY_PENDING,,TO_DISCOVER,NOT_YET_AUDITED,"Puede publicar en portal propio, ATS compartido, cantón, Job-Room o agregador público."
PUB-CH-BE-MUN-0852,MUNICIPALITY,CH,BE,Bern,852,Gemeinde/Stadt Guggisberg,Verwaltungskreis Bern-Mittelland,1,GERMAN,NO,3,P2_RURAL,Stadtgrün;Stadtgärtnerei;Werkhof;Werkdienst;Gemeindebetriebe;Friedhof;Parks;Sportanlagen;Schulanlagen;Forst;Liegenschaften;Strassenunterhalt;Arealpflege;Winterdienst,DISCOVERY_PENDING,,TO_DISCOVER,NOT_YET_AUDITED,"Puede publicar en portal propio, ATS compartido, cantón, Job-Room o agregador público."
PUB-CH-BE-MUN-0665,MUNICIPALITY,CH,BE,Bern,665,Gemeinde/Stadt Gurbrü,Verwaltungskreis Bern-Mittelland,1,GERMAN,NO,3,P2_RURAL,Stadtgrün;Stadtgärtnerei;Werkhof;Werkdienst;Gemeindebetriebe;Friedhof;Parks;Sportanlagen;Schulanlagen;Forst;Liegenschaften;Strassenunterhalt;Arealpflege;Winterdienst,DISCOVERY_PENDING,,TO_DISCOVER,NOT_YET_AUDITED,"Puede publicar en portal propio, ATS compartido, cantón, Job-Room o agregador público."
PUB-CH-BE-MUN-0867,MUNICIPALITY,CH,BE,Bern,867,Gemeinde/Stadt Gurzelen,Verwaltungskreis Thun,1,GERMAN,NO,3,P2_RURAL,Stadtgrün;Stadtgärtnerei;Werkhof;Werkdienst;Gemeindebetriebe;Friedhof;Parks;Sportanlagen;Schulanlagen;Forst;Liegenschaften;Strassenunterhalt;Arealpflege;Winterdienst,DISCOVERY_PENDING,,TO_DISCOVER,NOT_YET_AUDITED,"Puede publicar en portal propio, ATS compartido, cantón, Job-Room o agregador público."
PUB-CH-BE-MUN-0782,MUNICIPALITY,CH,BE,Bern,782,Gemeinde/Stadt Guttannen,Verwaltungskreis Interlaken-Oberhasli,1,GERMAN,NO,3,P2_RURAL,Stadtgrün;Stadtgärtnerei;Werkhof;Werkdienst;Gemeindebetriebe;Friedhof;Parks;Sportanlagen;Schulanlagen;Forst;Liegenschaften;Strassenunterhalt;Arealpflege;Winterdienst,DISCOVERY_PENDING,,TO_DISCOVER,NOT_YET_AUDITED,"Puede publicar en portal propio, ATS compartido, cantón, Job-Room o agregador público."
PUB-CH-BE-MUN-0578,MUNICIPALITY,CH,BE,Bern,578,Gemeinde/Stadt Gündlischwand,Verwaltungskreis Interlaken-Oberhasli,1,GERMAN,NO,3,P2_RURAL,Stadtgrün;Stadtgärtnerei;Werkhof;Werkdienst;Gemeindebetriebe;Friedhof;Parks;Sportanlagen;Schulanlagen;Forst;Liegenschaften;Strassenunterhalt;Arealpflege;Winterdienst,DISCOVERY_PENDING,,TO_DISCOVER,NOT_YET_AUDITED,"Puede publicar en portal propio, ATS compartido, cantón, Job-Room o agregador público."
PUB-CH-BE-MUN-0579,MUNICIPALITY,CH,BE,Bern,579,Gemeinde/Stadt Habkern,Verwaltungskreis Interlaken-Oberhasli,1,GERMAN,NO,3,P2_RURAL,Stadtgrün;Stadtgärtnerei;Werkhof;Werkdienst;Gemeindebetriebe;Friedhof;Parks;Sportanlagen;Schulanlagen;Forst;Liegenschaften;Strassenunterhalt;Arealpflege;Winterdienst,DISCOVERY_PENDING,,TO_DISCOVER,NOT_YET_AUDITED,"Puede publicar en portal propio, ATS compartido, cantón, Job-Room o agregador público."
PUB-CH-BE-MUN-0736,MUNICIPALITY,CH,BE,Bern,736,Gemeinde/Stadt Hagneck,Verwaltungskreis Seeland,1,GERMAN,NO,2,P1_URBAN_OR_INTERMEDIATE,Stadtgrün;Stadtgärtnerei;Werkhof;Werkdienst;Gemeindebetriebe;Friedhof;Parks;Sportanlagen;Schulanlagen;Forst;Liegenschaften;Strassenunterhalt;Arealpflege;Winterdienst,DISCOVERY_PENDING,,TO_DISCOVER,NOT_YET_AUDITED,"Puede publicar en portal propio, ATS compartido, cantón, Job-Room o agregador público."
PUB-CH-BE-MUN-0406,MUNICIPALITY,CH,BE,Bern,406,Gemeinde/Stadt Hasle bei Burgdorf,Verwaltungskreis Emmental,1,GERMAN,NO,2,P1_URBAN_OR_INTERMEDIATE,Stadtgrün;Stadtgärtnerei;Werkhof;Werkdienst;Gemeindebetriebe;Friedhof;Parks;Sportanlagen;Schulanlagen;Forst;Liegenschaften;Strassenunterhalt;Arealpflege;Winterdienst,DISCOVERY_PENDING,,TO_DISCOVER,NOT_YET_AUDITED,"Puede publicar en portal propio, ATS compartido, cantón, Job-Room o agregador público."
PUB-CH-BE-MUN-0783,MUNICIPALITY,CH,BE,Bern,783,Gemeinde/Stadt Hasliberg,Verwaltungskreis Interlaken-Oberhasli,1,GERMAN,NO,3,P2_RURAL,Stadtgrün;Stadtgärtnerei;Werkhof;Werkdienst;Gemeindebetriebe;Friedhof;Parks;Sportanlagen;Schulanlagen;Forst;Liegenschaften;Strassenunterhalt;Arealpflege;Winterdienst,DISCOVERY_PENDING,,TO_DISCOVER,NOT_YET_AUDITED,"Puede publicar en portal propio, ATS compartido, cantón, Job-Room o agregador público."
PUB-CH-BE-MUN-0927,MUNICIPALITY,CH,BE,Bern,927,Gemeinde/Stadt Heiligenschwendi,Verwaltungskreis Thun,1,GERMAN,NO,3,P2_RURAL,Stadtgrün;Stadtgärtnerei;Werkhof;Werkdienst;Gemeindebetriebe;Friedhof;Parks;Sportanlagen;Schulanlagen;Forst;Liegenschaften;Strassenunterhalt;Arealpflege;Winterdienst,DISCOVERY_PENDING,,TO_DISCOVER,NOT_YET_AUDITED,"Puede publicar en portal propio, ATS compartido, cantón, Job-Room o agregador público."
PUB-CH-BE-MUN-0928,MUNICIPALITY,CH,BE,Bern,928,Gemeinde/Stadt Heimberg,Verwaltungskreis Thun,1,GERMAN,NO,1,P1_URBAN_OR_INTERMEDIATE,Stadtgrün;Stadtgärtnerei;Werkhof;Werkdienst;Gemeindebetriebe;Friedhof;Parks;Sportanlagen;Schulanlagen;Forst;Liegenschaften;Strassenunterhalt;Arealpflege;Winterdienst,DISCOVERY_PENDING,,TO_DISCOVER,NOT_YET_AUDITED,"Puede publicar en portal propio, ATS compartido, cantón, Job-Room o agregador público."
PUB-CH-BE-MUN-0977,MUNICIPALITY,CH,BE,Bern,977,Gemeinde/Stadt Heimenhausen,Verwaltungskreis Oberaargau,1,GERMAN,NO,2,P1_URBAN_OR_INTERMEDIATE,Stadtgrün;Stadtgärtnerei;Werkhof;Werkdienst;Gemeindebetriebe;Friedhof;Parks;Sportanlagen;Schulanlagen;Forst;Liegenschaften;Strassenunterhalt;Arealpflege;Winterdienst,DISCOVERY_PENDING,,TO_DISCOVER,NOT_YET_AUDITED,"Puede publicar en portal propio, ATS compartido, cantón, Job-Room o agregador público."
PUB-CH-BE-MUN-0407,MUNICIPALITY,CH,BE,Bern,407,Gemeinde/Stadt Heimiswil,Verwaltungskreis Emmental,1,GERMAN,NO,3,P2_RURAL,Stadtgrün;Stadtgärtnerei;Werkhof;Werkdienst;Gemeindebetriebe;Friedhof;Parks;Sportanlagen;Schulanlagen;Forst;Liegenschaften;Strassenunterhalt;Arealpflege;Winterdienst,DISCOVERY_PENDING,,TO_DISCOVER,NOT_YET_AUDITED,"Puede publicar en portal propio, ATS compartido, cantón, Job-Room o agregador público."
PUB-CH-BE-MUN-0408,MUNICIPALITY,CH,BE,Bern,408,Gemeinde/Stadt Hellsau,Verwaltungskreis Emmental,1,GERMAN,NO,3,P2_RURAL,Stadtgrün;Stadtgärtnerei;Werkhof;Werkdienst;Gemeindebetriebe;Friedhof;Parks;Sportanlagen;Schulanlagen;Forst;Liegenschaften;Strassenunterhalt;Arealpflege;Winterdienst,DISCOVERY_PENDING,,TO_DISCOVER,NOT_YET_AUDITED,"Puede publicar en portal propio, ATS compartido, cantón, Job-Room o agregador público."
PUB-CH-BE-MUN-0610,MUNICIPALITY,CH,BE,Bern,610,Gemeinde/Stadt Herbligen,Verwaltungskreis Bern-Mittelland,1,GERMAN,NO,3,P2_RURAL,Stadtgrün;Stadtgärtnerei;Werkhof;Werkdienst;Gemeindebetriebe;Friedhof;Parks;Sportanlagen;Schulanlagen;Forst;Liegenschaften;Strassenunterhalt;Arealpflege;Winterdienst,DISCOVERY_PENDING,,TO_DISCOVER,NOT_YET_AUDITED,"Puede publicar en portal propio, ATS compartido, cantón, Job-Room o agregador público."
PUB-CH-BE-MUN-0737,MUNICIPALITY,CH,BE,Bern,737,Gemeinde/Stadt Hermrigen,Verwaltungskreis Seeland,1,GERMAN,NO,3,P2_RURAL,Stadtgrün;Stadtgärtnerei;Werkhof;Werkdienst;Gemeindebetriebe;Friedhof;Parks;Sportanlagen;Schulanlagen;Forst;Liegenschaften;Strassenunterhalt;Arealpflege;Winterdienst,DISCOVERY_PENDING,,TO_DISCOVER,NOT_YET_AUDITED,"Puede publicar en portal propio, ATS compartido, cantón, Job-Room o agregador público."
PUB-CH-BE-MUN-0979,MUNICIPALITY,CH,BE,Bern,979,Gemeinde/Stadt Herzogenbuchsee,Verwaltungskreis Oberaargau,1,GERMAN,NO,2,P1_URBAN_OR_INTERMEDIATE,Stadtgrün;Stadtgärtnerei;Werkhof;Werkdienst;Gemeindebetriebe;Friedhof;Parks;Sportanlagen;Schulanlagen;Forst;Liegenschaften;Strassenunterhalt;Arealpflege;Winterdienst,DISCOVERY_PENDING,,TO_DISCOVER,NOT_YET_AUDITED,"Puede publicar en portal propio, ATS compartido, cantón, Job-Room o agregador público."
PUB-CH-BE-MUN-0929,MUNICIPALITY,CH,BE,Bern,929,Gemeinde/Stadt Hilterfingen,Verwaltungskreis Thun,1,GERMAN,NO,1,P1_URBAN_OR_INTERMEDIATE,Stadtgrün;Stadtgärtnerei;Werkhof;Werkdienst;Gemeindebetriebe;Friedhof;Parks;Sportanlagen;Schulanlagen;Forst;Liegenschaften;Strassenunterhalt;Arealpflege;Winterdienst,DISCOVERY_PENDING,,TO_DISCOVER,NOT_YET_AUDITED,"Puede publicar en portal propio, ATS compartido, cantón, Job-Room o agregador público."
PUB-CH-BE-MUN-0409,MUNICIPALITY,CH,BE,Bern,409,Gemeinde/Stadt Hindelbank,Verwaltungskreis Emmental,1,GERMAN,NO,2,P1_URBAN_OR_INTERMEDIATE,Stadtgrün;Stadtgärtnerei;Werkhof;Werkdienst;Gemeindebetriebe;Friedhof;Parks;Sportanlagen;Schulanlagen;Forst;Liegenschaften;Strassenunterhalt;Arealpflege;Winterdienst,DISCOVERY_PENDING,,TO_DISCOVER,NOT_YET_AUDITED,"Puede publicar en portal propio, ATS compartido, cantón, Job-Room o agregador público."
PUB-CH-BE-MUN-0580,MUNICIPALITY,CH,BE,Bern,580,Gemeinde/Stadt Hofstetten bei Brienz,Verwaltungskreis Interlaken-Oberhasli,1,GERMAN,NO,3,P2_RURAL,Stadtgrün;Stadtgärtnerei;Werkhof;Werkdienst;Gemeindebetriebe;Friedhof;Parks;Sportanlagen;Schulanlagen;Forst;Liegenschaften;Strassenunterhalt;Arealpflege;Winterdienst,DISCOVERY_PENDING,,TO_DISCOVER,NOT_YET_AUDITED,"Puede publicar en portal propio, ATS compartido, cantón, Job-Room o agregador público."
PUB-CH-BE-MUN-0931,MUNICIPALITY,CH,BE,Bern,931,Gemeinde/Stadt Homberg,Verwaltungskreis Thun,1,GERMAN,NO,3,P2_RURAL,Stadtgrün;Stadtgärtnerei;Werkhof;Werkdienst;Gemeindebetriebe;Friedhof;Parks;Sportanlagen;Schulanlagen;Forst;Liegenschaften;Strassenunterhalt;Arealpflege;Winterdienst,DISCOVERY_PENDING,,TO_DISCOVER,NOT_YET_AUDITED,"Puede publicar en portal propio, ATS compartido, cantón, Job-Room o agregador público."
PUB-CH-BE-MUN-0932,MUNICIPALITY,CH,BE,Bern,932,Gemeinde/Stadt Horrenbach-Buchen,Verwaltungskreis Thun,1,GERMAN,NO,3,P2_RURAL,Stadtgrün;Stadtgärtnerei;Werkhof;Werkdienst;Gemeindebetriebe;Friedhof;Parks;Sportanlagen;Schulanlagen;Forst;Liegenschaften;Strassenunterhalt;Arealpflege;Winterdienst,DISCOVERY_PENDING,,TO_DISCOVER,NOT_YET_AUDITED,"Puede publicar en portal propio, ATS compartido, cantón, Job-Room o agregador público."
PUB-CH-BE-MUN-0954,MUNICIPALITY,CH,BE,Bern,954,Gemeinde/Stadt Huttwil,Verwaltungskreis Oberaargau,1,GERMAN,NO,3,P2_RURAL,Stadtgrün;Stadtgärtnerei;Werkhof;Werkdienst;Gemeindebetriebe;Friedhof;Parks;Sportanlagen;Schulanlagen;Forst;Liegenschaften;Strassenunterhalt;Arealpflege;Winterdienst,DISCOVERY_PENDING,,TO_DISCOVER,NOT_YET_AUDITED,"Puede publicar en portal propio, ATS compartido, cantón, Job-Room o agregador público."
PUB-CH-BE-MUN-0609,MUNICIPALITY,CH,BE,Bern,609,Gemeinde/Stadt Häutligen,Verwaltungskreis Bern-Mittelland,1,GERMAN,NO,3,P2_RURAL,Stadtgrün;Stadtgärtnerei;Werkhof;Werkdienst;Gemeindebetriebe;Friedhof;Parks;Sportanlagen;Schulanlagen;Forst;Liegenschaften;Strassenunterhalt;Arealpflege;Winterdienst,DISCOVERY_PENDING,,TO_DISCOVER,NOT_YET_AUDITED,"Puede publicar en portal propio, ATS compartido, cantón, Job-Room o agregador público."
PUB-CH-BE-MUN-0410,MUNICIPALITY,CH,BE,Bern,410,Gemeinde/Stadt Höchstetten,Verwaltungskreis Emmental,1,GERMAN,NO,3,P2_RURAL,Stadtgrün;Stadtgärtnerei;Werkhof;Werkdienst;Gemeindebetriebe;Friedhof;Parks;Sportanlagen;Schulanlagen;Forst;Liegenschaften;Strassenunterhalt;Arealpflege;Winterdienst,DISCOVERY_PENDING,,TO_DISCOVER,NOT_YET_AUDITED,"Puede publicar en portal propio, ATS compartido, cantón, Job-Room o agregador público."
PUB-CH-BE-MUN-0541,MUNICIPALITY,CH,BE,Bern,541,Gemeinde/Stadt Iffwil,Verwaltungskreis Bern-Mittelland,1,GERMAN,NO,3,P2_RURAL,Stadtgrün;Stadtgärtnerei;Werkhof;Werkdienst;Gemeindebetriebe;Friedhof;Parks;Sportanlagen;Schulanlagen;Forst;Liegenschaften;Strassenunterhalt;Arealpflege;Winterdienst,DISCOVERY_PENDING,,TO_DISCOVER,NOT_YET_AUDITED,"Puede publicar en portal propio, ATS compartido, cantón, Job-Room o agregador público."
PUB-CH-BE-MUN-0980,MUNICIPALITY,CH,BE,Bern,980,Gemeinde/Stadt Inkwil,Verwaltungskreis Oberaargau,1,GERMAN,NO,2,P1_URBAN_OR_INTERMEDIATE,Stadtgrün;Stadtgärtnerei;Werkhof;Werkdienst;Gemeindebetriebe;Friedhof;Parks;Sportanlagen;Schulanlagen;Forst;Liegenschaften;Strassenunterhalt;Arealpflege;Winterdienst,DISCOVERY_PENDING,,TO_DISCOVER,NOT_YET_AUDITED,"Puede publicar en portal propio, ATS compartido, cantón, Job-Room o agregador público."
PUB-CH-BE-MUN-0784,MUNICIPALITY,CH,BE,Bern,784,Gemeinde/Stadt Innertkirchen,Verwaltungskreis Interlaken-Oberhasli,1,GERMAN,NO,3,P2_RURAL,Stadtgrün;Stadtgärtnerei;Werkhof;Werkdienst;Gemeindebetriebe;Friedhof;Parks;Sportanlagen;Schulanlagen;Forst;Liegenschaften;Strassenunterhalt;Arealpflege;Winterdienst,DISCOVERY_PENDING,,TO_DISCOVER,NOT_YET_AUDITED,"Puede publicar en portal propio, ATS compartido, cantón, Job-Room o agregador público."
PUB-CH-BE-MUN-0496,MUNICIPALITY,CH,BE,Bern,496,Gemeinde/Stadt Ins,Verwaltungskreis Seeland,1,GERMAN,NO,3,P2_RURAL,Stadtgrün;Stadtgärtnerei;Werkhof;Werkdienst;Gemeindebetriebe;Friedhof;Parks;Sportanlagen;Schulanlagen;Forst;Liegenschaften;Strassenunterhalt;Arealpflege;Winterdienst,DISCOVERY_PENDING,,TO_DISCOVER,NOT_YET_AUDITED,"Puede publicar en portal propio, ATS compartido, cantón, Job-Room o agregador público."
PUB-CH-BE-MUN-0581,MUNICIPALITY,CH,BE,Bern,581,Gemeinde/Stadt Interlaken,Verwaltungskreis Interlaken-Oberhasli,1,GERMAN,YES,2,P0_CITY,Stadtgrün;Stadtgärtnerei;Werkhof;Werkdienst;Gemeindebetriebe;Friedhof;Parks;Sportanlagen;Schulanlagen;Forst;Liegenschaften;Strassenunterhalt;Arealpflege;Winterdienst,DISCOVERY_PENDING,,TO_DISCOVER,NOT_YET_AUDITED,"Puede publicar en portal propio, ATS compartido, cantón, Job-Room o agregador público."
PUB-CH-BE-MUN-0739,MUNICIPALITY,CH,BE,Bern,739,Gemeinde/Stadt Ipsach,Verwaltungskreis Biel/Bienne,1,GERMAN,NO,1,P1_URBAN_OR_INTERMEDIATE,Stadtgrün;Stadtgärtnerei;Werkhof;Werkdienst;Gemeindebetriebe;Friedhof;Parks;Sportanlagen;Schulanlagen;Forst;Liegenschaften;Strassenunterhalt;Arealpflege;Winterdienst,DISCOVERY_PENDING,,TO_DISCOVER,NOT_YET_AUDITED,"Puede publicar en portal propio, ATS compartido, cantón, Job-Room o agregador público."
PUB-CH-BE-MUN-0582,MUNICIPALITY,CH,BE,Bern,582,Gemeinde/Stadt Iseltwald,Verwaltungskreis Interlaken-Oberhasli,1,GERMAN,NO,3,P2_RURAL,Stadtgrün;Stadtgärtnerei;Werkhof;Werkdienst;Gemeindebetriebe;Friedhof;Parks;Sportanlagen;Schulanlagen;Forst;Liegenschaften;Strassenunterhalt;Arealpflege;Winterdienst,DISCOVERY_PENDING,,TO_DISCOVER,NOT_YET_AUDITED,"Puede publicar en portal propio, ATS compartido, cantón, Job-Room o agregador público."
PUB-CH-BE-MUN-0362,MUNICIPALITY,CH,BE,Bern,362,Gemeinde/Stadt Ittigen,Verwaltungskreis Bern-Mittelland,1,GERMAN,YES,1,P0_CITY,Stadtgrün;Stadtgärtnerei;Werkhof;Werkdienst;Gemeindebetriebe;Friedhof;Parks;Sportanlagen;Schulanlagen;Forst;Liegenschaften;Strassenunterhalt;Arealpflege;Winterdienst,DISCOVERY_PENDING,,TO_DISCOVER,NOT_YET_AUDITED,"Puede publicar en portal propio, ATS compartido, cantón, Job-Room o agregador público."
PUB-CH-BE-MUN-0868,MUNICIPALITY,CH,BE,Bern,868,Gemeinde/Stadt Jaberg,Verwaltungskreis Bern-Mittelland,1,GERMAN,NO,3,P2_RURAL,Stadtgrün;Stadtgärtnerei;Werkhof;Werkdienst;Gemeindebetriebe;Friedhof;Parks;Sportanlagen;Schulanlagen;Forst;Liegenschaften;Strassenunterhalt;Arealpflege;Winterdienst,DISCOVERY_PENDING,,TO_DISCOVER,NOT_YET_AUDITED,"Puede publicar en portal propio, ATS compartido, cantón, Job-Room o agregador público."
PUB-CH-BE-MUN-0540,MUNICIPALITY,CH,BE,Bern,540,Gemeinde/Stadt Jegenstorf,Verwaltungskreis Bern-Mittelland,1,GERMAN,NO,2,P1_URBAN_OR_INTERMEDIATE,Stadtgrün;Stadtgärtnerei;Werkhof;Werkdienst;Gemeindebetriebe;Friedhof;Parks;Sportanlagen;Schulanlagen;Forst;Liegenschaften;Strassenunterhalt;Arealpflege;Winterdienst,DISCOVERY_PENDING,,TO_DISCOVER,NOT_YET_AUDITED,"Puede publicar en portal propio, ATS compartido, cantón, Job-Room o agregador público."
PUB-CH-BE-MUN-0738,MUNICIPALITY,CH,BE,Bern,738,Gemeinde/Stadt Jens,Verwaltungskreis Seeland,1,GERMAN,NO,2,P1_URBAN_OR_INTERMEDIATE,Stadtgrün;Stadtgärtnerei;Werkhof;Werkdienst;Gemeindebetriebe;Friedhof;Parks;Sportanlagen;Schulanlagen;Forst;Liegenschaften;Strassenunterhalt;Arealpflege;Winterdienst,DISCOVERY_PENDING,,TO_DISCOVER,NOT_YET_AUDITED,"Puede publicar en portal propio, ATS compartido, cantón, Job-Room o agregador público."
PUB-CH-BE-MUN-0304,MUNICIPALITY,CH,BE,Bern,304,Gemeinde/Stadt Kallnach,Verwaltungskreis Seeland,1,GERMAN,NO,3,P2_RURAL,Stadtgrün;Stadtgärtnerei;Werkhof;Werkdienst;Gemeindebetriebe;Friedhof;Parks;Sportanlagen;Schulanlagen;Forst;Liegenschaften;Strassenunterhalt;Arealpflege;Winterdienst,DISCOVERY_PENDING,,TO_DISCOVER,NOT_YET_AUDITED,"Puede publicar en portal propio, ATS compartido, cantón, Job-Room o agregador público."
PUB-CH-BE-MUN-0564,MUNICIPALITY,CH,BE,Bern,564,Gemeinde/Stadt Kandergrund,Verwaltungskreis Frutigen-Niedersimmental,1,GERMAN,NO,3,P2_RURAL,Stadtgrün;Stadtgärtnerei;Werkhof;Werkdienst;Gemeindebetriebe;Friedhof;Parks;Sportanlagen;Schulanlagen;Forst;Liegenschaften;Strassenunterhalt;Arealpflege;Winterdienst,DISCOVERY_PENDING,,TO_DISCOVER,NOT_YET_AUDITED,"Puede publicar en portal propio, ATS compartido, cantón, Job-Room o agregador público."
PUB-CH-BE-MUN-0565,MUNICIPALITY,CH,BE,Bern,565,Gemeinde/Stadt Kandersteg,Verwaltungskreis Frutigen-Niedersimmental,1,GERMAN,NO,3,P2_RURAL,Stadtgrün;Stadtgärtnerei;Werkhof;Werkdienst;Gemeindebetriebe;Friedhof;Parks;Sportanlagen;Schulanlagen;Forst;Liegenschaften;Strassenunterhalt;Arealpflege;Winterdienst,DISCOVERY_PENDING,,TO_DISCOVER,NOT_YET_AUDITED,"Puede publicar en portal propio, ATS compartido, cantón, Job-Room o agregador público."
PUB-CH-BE-MUN-0305,MUNICIPALITY,CH,BE,Bern,305,Gemeinde/Stadt Kappelen,Verwaltungskreis Seeland,1,GERMAN,NO,2,P1_URBAN_OR_INTERMEDIATE,Stadtgrün;Stadtgärtnerei;Werkhof;Werkdienst;Gemeindebetriebe;Friedhof;Parks;Sportanlagen;Schulanlagen;Forst;Liegenschaften;Strassenunterhalt;Arealpflege;Winterdienst,DISCOVERY_PENDING,,TO_DISCOVER,NOT_YET_AUDITED,"Puede publicar en portal propio, ATS compartido, cantón, Job-Room o agregador público."
PUB-CH-BE-MUN-0869,MUNICIPALITY,CH,BE,Bern,869,Gemeinde/Stadt Kaufdorf,Verwaltungskreis Bern-Mittelland,1,GERMAN,NO,3,P2_RURAL,Stadtgrün;Stadtgärtnerei;Werkhof;Werkdienst;Gemeindebetriebe;Friedhof;Parks;Sportanlagen;Schulanlagen;Forst;Liegenschaften;Strassenunterhalt;Arealpflege;Winterdienst,DISCOVERY_PENDING,,TO_DISCOVER,NOT_YET_AUDITED,"Puede publicar en portal propio, ATS compartido, cantón, Job-Room o agregador público."
PUB-CH-BE-MUN-0870,MUNICIPALITY,CH,BE,Bern,870,Gemeinde/Stadt Kehrsatz,Verwaltungskreis Bern-Mittelland,1,GERMAN,NO,2,P1_URBAN_OR_INTERMEDIATE,Stadtgrün;Stadtgärtnerei;Werkhof;Werkdienst;Gemeindebetriebe;Friedhof;Parks;Sportanlagen;Schulanlagen;Forst;Liegenschaften;Strassenunterhalt;Arealpflege;Winterdienst,DISCOVERY_PENDING,,TO_DISCOVER,NOT_YET_AUDITED,"Puede publicar en portal propio, ATS compartido, cantón, Job-Room o agregador público."
PUB-CH-BE-MUN-0411,MUNICIPALITY,CH,BE,Bern,411,Gemeinde/Stadt Kernenried,Verwaltungskreis Emmental,1,GERMAN,NO,3,P2_RURAL,Stadtgrün;Stadtgärtnerei;Werkhof;Werkdienst;Gemeindebetriebe;Friedhof;Parks;Sportanlagen;Schulanlagen;Forst;Liegenschaften;Strassenunterhalt;Arealpflege;Winterdienst,DISCOVERY_PENDING,,TO_DISCOVER,NOT_YET_AUDITED,"Puede publicar en portal propio, ATS compartido, cantón, Job-Room o agregador público."
PUB-CH-BE-MUN-0611,MUNICIPALITY,CH,BE,Bern,611,Gemeinde/Stadt Kiesen,Verwaltungskreis Bern-Mittelland,1,GERMAN,NO,3,P2_RURAL,Stadtgrün;Stadtgärtnerei;Werkhof;Werkdienst;Gemeindebetriebe;Friedhof;Parks;Sportanlagen;Schulanlagen;Forst;Liegenschaften;Strassenunterhalt;Arealpflege;Winterdienst,DISCOVERY_PENDING,,TO_DISCOVER,NOT_YET_AUDITED,"Puede publicar en portal propio, ATS compartido, cantón, Job-Room o agregador público."
PUB-CH-BE-MUN-0412,MUNICIPALITY,CH,BE,Bern,412,Gemeinde/Stadt Kirchberg (BE),Verwaltungskreis Emmental,1,GERMAN,NO,2,P1_URBAN_OR_INTERMEDIATE,Stadtgrün;Stadtgärtnerei;Werkhof;Werkdienst;Gemeindebetriebe;Friedhof;Parks;Sportanlagen;Schulanlagen;Forst;Liegenschaften;Strassenunterhalt;Arealpflege;Winterdienst,DISCOVERY_PENDING,,TO_DISCOVER,NOT_YET_AUDITED,"Puede publicar en portal propio, ATS compartido, cantón, Job-Room o agregador público."
PUB-CH-BE-MUN-0872,MUNICIPALITY,CH,BE,Bern,872,Gemeinde/Stadt Kirchdorf (BE),Verwaltungskreis Bern-Mittelland,1,GERMAN,NO,3,P2_RURAL,Stadtgrün;Stadtgärtnerei;Werkhof;Werkdienst;Gemeindebetriebe;Friedhof;Parks;Sportanlagen;Schulanlagen;Forst;Liegenschaften;Strassenunterhalt;Arealpflege;Winterdienst,DISCOVERY_PENDING,,TO_DISCOVER,NOT_YET_AUDITED,"Puede publicar en portal propio, ATS compartido, cantón, Job-Room o agregador público."
PUB-CH-BE-MUN-0354,MUNICIPALITY,CH,BE,Bern,354,Gemeinde/Stadt Kirchlindach,Verwaltungskreis Bern-Mittelland,1,GERMAN,NO,2,P1_URBAN_OR_INTERMEDIATE,Stadtgrün;Stadtgärtnerei;Werkhof;Werkdienst;Gemeindebetriebe;Friedhof;Parks;Sportanlagen;Schulanlagen;Forst;Liegenschaften;Strassenunterhalt;Arealpflege;Winterdienst,DISCOVERY_PENDING,,TO_DISCOVER,NOT_YET_AUDITED,"Puede publicar en portal propio, ATS compartido, cantón, Job-Room o agregador público."
PUB-CH-BE-MUN-0612,MUNICIPALITY,CH,BE,Bern,612,Gemeinde/Stadt Konolfingen,Verwaltungskreis Bern-Mittelland,1,GERMAN,NO,2,P1_URBAN_OR_INTERMEDIATE,Stadtgrün;Stadtgärtnerei;Werkhof;Werkdienst;Gemeindebetriebe;Friedhof;Parks;Sportanlagen;Schulanlagen;Forst;Liegenschaften;Strassenunterhalt;Arealpflege;Winterdienst,DISCOVERY_PENDING,,TO_DISCOVER,NOT_YET_AUDITED,"Puede publicar en portal propio, ATS compartido, cantón, Job-Room o agregador público."
PUB-CH-BE-MUN-0413,MUNICIPALITY,CH,BE,Bern,413,Gemeinde/Stadt Koppigen,Verwaltungskreis Emmental,1,GERMAN,NO,3,P2_RURAL,Stadtgrün;Stadtgärtnerei;Werkhof;Werkdienst;Gemeindebetriebe;Friedhof;Parks;Sportanlagen;Schulanlagen;Forst;Liegenschaften;Strassenunterhalt;Arealpflege;Winterdienst,DISCOVERY_PENDING,,TO_DISCOVER,NOT_YET_AUDITED,"Puede publicar en portal propio, ATS compartido, cantón, Job-Room o agregador público."
PUB-CH-BE-MUN-0566,MUNICIPALITY,CH,BE,Bern,566,Gemeinde/Stadt Krattigen,Verwaltungskreis Frutigen-Niedersimmental,1,GERMAN,NO,2,P1_URBAN_OR_INTERMEDIATE,Stadtgrün;Stadtgärtnerei;Werkhof;Werkdienst;Gemeindebetriebe;Friedhof;Parks;Sportanlagen;Schulanlagen;Forst;Liegenschaften;Strassenunterhalt;Arealpflege;Winterdienst,DISCOVERY_PENDING,,TO_DISCOVER,NOT_YET_AUDITED,"Puede publicar en portal propio, ATS compartido, cantón, Job-Room o agregador público."
PUB-CH-BE-MUN-0414,MUNICIPALITY,CH,BE,Bern,414,Gemeinde/Stadt Krauchthal,Verwaltungskreis Emmental,1,GERMAN,NO,3,P2_RURAL,Stadtgrün;Stadtgärtnerei;Werkhof;Werkdienst;Gemeindebetriebe;Friedhof;Parks;Sportanlagen;Schulanlagen;Forst;Liegenschaften;Strassenunterhalt;Arealpflege;Winterdienst,DISCOVERY_PENDING,,TO_DISCOVER,NOT_YET_AUDITED,"Puede publicar en portal propio, ATS compartido, cantón, Job-Room o agregador público."
PUB-CH-BE-MUN-0666,MUNICIPALITY,CH,BE,Bern,666,Gemeinde/Stadt Kriechenwil,Verwaltungskreis Bern-Mittelland,1,GERMAN,NO,3,P2_RURAL,Stadtgrün;Stadtgärtnerei;Werkhof;Werkdienst;Gemeindebetriebe;Friedhof;Parks;Sportanlagen;Schulanlagen;Forst;Liegenschaften;Strassenunterhalt;Arealpflege;Winterdienst,DISCOVERY_PENDING,,TO_DISCOVER,NOT_YET_AUDITED,"Puede publicar en portal propio, ATS compartido, cantón, Job-Room o agregador público."
PUB-CH-BE-MUN-0355,MUNICIPALITY,CH,BE,Bern,355,Gemeinde/Stadt Köniz,Verwaltungskreis Bern-Mittelland,1,GERMAN,YES,1,P0_CITY,Stadtgrün;Stadtgärtnerei;Werkhof;Werkdienst;Gemeindebetriebe;Friedhof;Parks;Sportanlagen;Schulanlagen;Forst;Liegenschaften;Strassenunterhalt;Arealpflege;Winterdienst,DISCOVERY_PENDING,,TO_DISCOVER,NOT_YET_AUDITED,"Puede publicar en portal propio, ATS compartido, cantón, Job-Room o agregador público."
PUB-CH-BE-MUN-0613,MUNICIPALITY,CH,BE,Bern,613,Gemeinde/Stadt Landiswil,Verwaltungskreis Bern-Mittelland,1,GERMAN,NO,3,P2_RURAL,Stadtgrün;Stadtgärtnerei;Werkhof;Werkdienst;Gemeindebetriebe;Friedhof;Parks;Sportanlagen;Schulanlagen;Forst;Liegenschaften;Strassenunterhalt;Arealpflege;Winterdienst,DISCOVERY_PENDING,,TO_DISCOVER,NOT_YET_AUDITED,"Puede publicar en portal propio, ATS compartido, cantón, Job-Room o agregador público."
PUB-CH-BE-MUN-0329,MUNICIPALITY,CH,BE,Bern,329,Gemeinde/Stadt Langenthal,Verwaltungskreis Oberaargau,1,GERMAN,YES,2,P0_CITY,Stadtgrün;Stadtgärtnerei;Werkhof;Werkdienst;Gemeindebetriebe;Friedhof;Parks;Sportanlagen;Schulanlagen;Forst;Liegenschaften;Strassenunterhalt;Arealpflege;Winterdienst,DISCOVERY_PENDING,,TO_DISCOVER,NOT_YET_AUDITED,"Puede publicar en portal propio, ATS compartido, cantón, Job-Room o agregador público."
PUB-CH-BE-MUN-0902,MUNICIPALITY,CH,BE,Bern,902,Gemeinde/Stadt Langnau im Emmental,Verwaltungskreis Emmental,1,GERMAN,NO,2,P1_URBAN_OR_INTERMEDIATE,Stadtgrün;Stadtgärtnerei;Werkhof;Werkdienst;Gemeindebetriebe;Friedhof;Parks;Sportanlagen;Schulanlagen;Forst;Liegenschaften;Strassenunterhalt;Arealpflege;Winterdienst,DISCOVERY_PENDING,,TO_DISCOVER,NOT_YET_AUDITED,"Puede publicar en portal propio, ATS compartido, cantón, Job-Room o agregador público."
PUB-CH-BE-MUN-0842,MUNICIPALITY,CH,BE,Bern,842,Gemeinde/Stadt Lauenen,Verwaltungskreis Obersimmental-Saanen,1,GERMAN,NO,3,P2_RURAL,Stadtgrün;Stadtgärtnerei;Werkhof;Werkdienst;Gemeindebetriebe;Friedhof;Parks;Sportanlagen;Schulanlagen;Forst;Liegenschaften;Strassenunterhalt;Arealpflege;Winterdienst,DISCOVERY_PENDING,,TO_DISCOVER,NOT_YET_AUDITED,"Puede publicar en portal propio, ATS compartido, cantón, Job-Room o agregador público."
PUB-CH-BE-MUN-0667,MUNICIPALITY,CH,BE,Bern,667,Gemeinde/Stadt Laupen,Verwaltungskreis Bern-Mittelland,1,GERMAN,NO,2,P1_URBAN_OR_INTERMEDIATE,Stadtgrün;Stadtgärtnerei;Werkhof;Werkdienst;Gemeindebetriebe;Friedhof;Parks;Sportanlagen;Schulanlagen;Forst;Liegenschaften;Strassenunterhalt;Arealpflege;Winterdienst,DISCOVERY_PENDING,,TO_DISCOVER,NOT_YET_AUDITED,"Puede publicar en portal propio, ATS compartido, cantón, Job-Room o agregador público."
PUB-CH-BE-MUN-0903,MUNICIPALITY,CH,BE,Bern,903,Gemeinde/Stadt Lauperswil,Verwaltungskreis Emmental,1,GERMAN,NO,3,P2_RURAL,Stadtgrün;Stadtgärtnerei;Werkhof;Werkdienst;Gemeindebetriebe;Friedhof;Parks;Sportanlagen;Schulanlagen;Forst;Liegenschaften;Strassenunterhalt;Arealpflege;Winterdienst,DISCOVERY_PENDING,,TO_DISCOVER,NOT_YET_AUDITED,"Puede publicar en portal propio, ATS compartido, cantón, Job-Room o agregador público."
PUB-CH-BE-MUN-0584,MUNICIPALITY,CH,BE,Bern,584,Gemeinde/Stadt Lauterbrunnen,Verwaltungskreis Interlaken-Oberhasli,1,GERMAN,NO,3,P2_RURAL,Stadtgrün;Stadtgärtnerei;Werkhof;Werkdienst;Gemeindebetriebe;Friedhof;Parks;Sportanlagen;Schulanlagen;Forst;Liegenschaften;Strassenunterhalt;Arealpflege;Winterdienst,DISCOVERY_PENDING,,TO_DISCOVER,NOT_YET_AUDITED,"Puede publicar en portal propio, ATS compartido, cantón, Job-Room o agregador público."
PUB-CH-BE-MUN-0585,MUNICIPALITY,CH,BE,Bern,585,Gemeinde/Stadt Leissigen,Verwaltungskreis Interlaken-Oberhasli,1,GERMAN,NO,3,P2_RURAL,Stadtgrün;Stadtgärtnerei;Werkhof;Werkdienst;Gemeindebetriebe;Friedhof;Parks;Sportanlagen;Schulanlagen;Forst;Liegenschaften;Strassenunterhalt;Arealpflege;Winterdienst,DISCOVERY_PENDING,,TO_DISCOVER,NOT_YET_AUDITED,"Puede publicar en portal propio, ATS compartido, cantón, Job-Room o agregador público."
PUB-CH-BE-MUN-0387,MUNICIPALITY,CH,BE,Bern,387,Gemeinde/Stadt Lengnau (BE),Verwaltungskreis Biel/Bienne,1,GERMAN,NO,2,P1_URBAN_OR_INTERMEDIATE,Stadtgrün;Stadtgärtnerei;Werkhof;Werkdienst;Gemeindebetriebe;Friedhof;Parks;Sportanlagen;Schulanlagen;Forst;Liegenschaften;Strassenunterhalt;Arealpflege;Winterdienst,DISCOVERY_PENDING,,TO_DISCOVER,NOT_YET_AUDITED,"Puede publicar en portal propio, ATS compartido, cantón, Job-Room o agregador público."
PUB-CH-BE-MUN-0792,MUNICIPALITY,CH,BE,Bern,792,Gemeinde/Stadt Lenk,Verwaltungskreis Obersimmental-Saanen,1,GERMAN,NO,3,P2_RURAL,Stadtgrün;Stadtgärtnerei;Werkhof;Werkdienst;Gemeindebetriebe;Friedhof;Parks;Sportanlagen;Schulanlagen;Forst;Liegenschaften;Strassenunterhalt;Arealpflege;Winterdienst,DISCOVERY_PENDING,,TO_DISCOVER,NOT_YET_AUDITED,"Puede publicar en portal propio, ATS compartido, cantón, Job-Room o agregador público."
PUB-CH-BE-MUN-0388,MUNICIPALITY,CH,BE,Bern,388,Gemeinde/Stadt Leuzigen,Verwaltungskreis Seeland,1,GERMAN,NO,3,P2_RURAL,Stadtgrün;Stadtgärtnerei;Werkhof;Werkdienst;Gemeindebetriebe;Friedhof;Parks;Sportanlagen;Schulanlagen;Forst;Liegenschaften;Strassenunterhalt;Arealpflege;Winterdienst,DISCOVERY_PENDING,,TO_DISCOVER,NOT_YET_AUDITED,"Puede publicar en portal propio, ATS compartido, cantón, Job-Room o agregador público."
PUB-CH-BE-MUN-0740,MUNICIPALITY,CH,BE,Bern,740,Gemeinde/Stadt Ligerz,Verwaltungskreis Biel/Bienne,1,GERMAN,NO,3,P2_RURAL,Stadtgrün;Stadtgärtnerei;Werkhof;Werkdienst;Gemeindebetriebe;Friedhof;Parks;Sportanlagen;Schulanlagen;Forst;Liegenschaften;Strassenunterhalt;Arealpflege;Winterdienst,DISCOVERY_PENDING,,TO_DISCOVER,NOT_YET_AUDITED,"Puede publicar en portal propio, ATS compartido, cantón, Job-Room o agregador público."
PUB-CH-BE-MUN-0614,MUNICIPALITY,CH,BE,Bern,614,Gemeinde/Stadt Linden,Verwaltungskreis Bern-Mittelland,1,GERMAN,NO,3,P2_RURAL,Stadtgrün;Stadtgärtnerei;Werkhof;Werkdienst;Gemeindebetriebe;Friedhof;Parks;Sportanlagen;Schulanlagen;Forst;Liegenschaften;Strassenunterhalt;Arealpflege;Winterdienst,DISCOVERY_PENDING,,TO_DISCOVER,NOT_YET_AUDITED,"Puede publicar en portal propio, ATS compartido, cantón, Job-Room o agregador público."
PUB-CH-BE-MUN-0331,MUNICIPALITY,CH,BE,Bern,331,Gemeinde/Stadt Lotzwil,Verwaltungskreis Oberaargau,1,GERMAN,NO,2,P1_URBAN_OR_INTERMEDIATE,Stadtgrün;Stadtgärtnerei;Werkhof;Werkdienst;Gemeindebetriebe;Friedhof;Parks;Sportanlagen;Schulanlagen;Forst;Liegenschaften;Strassenunterhalt;Arealpflege;Winterdienst,DISCOVERY_PENDING,,TO_DISCOVER,NOT_YET_AUDITED,"Puede publicar en portal propio, ATS compartido, cantón, Job-Room o agregador público."
PUB-CH-BE-MUN-0306,MUNICIPALITY,CH,BE,Bern,306,Gemeinde/Stadt Lyss,Verwaltungskreis Seeland,1,GERMAN,YES,2,P0_CITY,Stadtgrün;Stadtgärtnerei;Werkhof;Werkdienst;Gemeindebetriebe;Friedhof;Parks;Sportanlagen;Schulanlagen;Forst;Liegenschaften;Strassenunterhalt;Arealpflege;Winterdienst,DISCOVERY_PENDING,,TO_DISCOVER,NOT_YET_AUDITED,"Puede publicar en portal propio, ATS compartido, cantón, Job-Room o agregador público."
PUB-CH-BE-MUN-0415,MUNICIPALITY,CH,BE,Bern,415,Gemeinde/Stadt Lyssach,Verwaltungskreis Emmental,1,GERMAN,NO,2,P1_URBAN_OR_INTERMEDIATE,Stadtgrün;Stadtgärtnerei;Werkhof;Werkdienst;Gemeindebetriebe;Friedhof;Parks;Sportanlagen;Schulanlagen;Forst;Liegenschaften;Strassenunterhalt;Arealpflege;Winterdienst,DISCOVERY_PENDING,,TO_DISCOVER,NOT_YET_AUDITED,"Puede publicar en portal propio, ATS compartido, cantón, Job-Room o agregador público."
PUB-CH-BE-MUN-0497,MUNICIPALITY,CH,BE,Bern,497,Gemeinde/Stadt Lüscherz,Verwaltungskreis Seeland,1,GERMAN,NO,3,P2_RURAL,Stadtgrün;Stadtgärtnerei;Werkhof;Werkdienst;Gemeindebetriebe;Friedhof;Parks;Sportanlagen;Schulanlagen;Forst;Liegenschaften;Strassenunterhalt;Arealpflege;Winterdienst,DISCOVERY_PENDING,,TO_DISCOVER,NOT_YET_AUDITED,"Puede publicar en portal propio, ATS compartido, cantón, Job-Room o agregador público."
PUB-CH-BE-MUN-0586,MUNICIPALITY,CH,BE,Bern,586,Gemeinde/Stadt Lütschental,Verwaltungskreis Interlaken-Oberhasli,1,GERMAN,NO,3,P2_RURAL,Stadtgrün;Stadtgärtnerei;Werkhof;Werkdienst;Gemeindebetriebe;Friedhof;Parks;Sportanlagen;Schulanlagen;Forst;Liegenschaften;Strassenunterhalt;Arealpflege;Winterdienst,DISCOVERY_PENDING,,TO_DISCOVER,NOT_YET_AUDITED,"Puede publicar en portal propio, ATS compartido, cantón, Job-Room o agregador público."
PUB-CH-BE-MUN-0955,MUNICIPALITY,CH,BE,Bern,955,Gemeinde/Stadt Lützelflüh,Verwaltungskreis Emmental,1,GERMAN,NO,3,P2_RURAL,Stadtgrün;Stadtgärtnerei;Werkhof;Werkdienst;Gemeindebetriebe;Friedhof;Parks;Sportanlagen;Schulanlagen;Forst;Liegenschaften;Strassenunterhalt;Arealpflege;Winterdienst,DISCOVERY_PENDING,,TO_DISCOVER,NOT_YET_AUDITED,"Puede publicar en portal propio, ATS compartido, cantón, Job-Room o agregador público."
PUB-CH-BE-MUN-0332,MUNICIPALITY,CH,BE,Bern,332,Gemeinde/Stadt Madiswil,Verwaltungskreis Oberaargau,1,GERMAN,NO,3,P2_RURAL,Stadtgrün;Stadtgärtnerei;Werkhof;Werkdienst;Gemeindebetriebe;Friedhof;Parks;Sportanlagen;Schulanlagen;Forst;Liegenschaften;Strassenunterhalt;Arealpflege;Winterdienst,DISCOVERY_PENDING,,TO_DISCOVER,NOT_YET_AUDITED,"Puede publicar en portal propio, ATS compartido, cantón, Job-Room o agregador público."
PUB-CH-BE-MUN-0587,MUNICIPALITY,CH,BE,Bern,587,Gemeinde/Stadt Matten bei Interlaken,Verwaltungskreis Interlaken-Oberhasli,1,GERMAN,NO,2,P1_URBAN_OR_INTERMEDIATE,Stadtgrün;Stadtgärtnerei;Werkhof;Werkdienst;Gemeindebetriebe;Friedhof;Parks;Sportanlagen;Schulanlagen;Forst;Liegenschaften;Strassenunterhalt;Arealpflege;Winterdienst,DISCOVERY_PENDING,,TO_DISCOVER,NOT_YET_AUDITED,"Puede publicar en portal propio, ATS compartido, cantón, Job-Room o agregador público."
PUB-CH-BE-MUN-0543,MUNICIPALITY,CH,BE,Bern,543,Gemeinde/Stadt Mattstetten,Verwaltungskreis Bern-Mittelland,1,GERMAN,NO,2,P1_URBAN_OR_INTERMEDIATE,Stadtgrün;Stadtgärtnerei;Werkhof;Werkdienst;Gemeindebetriebe;Friedhof;Parks;Sportanlagen;Schulanlagen;Forst;Liegenschaften;Strassenunterhalt;Arealpflege;Winterdienst,DISCOVERY_PENDING,,TO_DISCOVER,NOT_YET_AUDITED,"Puede publicar en portal propio, ATS compartido, cantón, Job-Room o agregador público."
PUB-CH-BE-MUN-0389,MUNICIPALITY,CH,BE,Bern,389,Gemeinde/Stadt Meienried,Verwaltungskreis Seeland,1,GERMAN,NO,3,P2_RURAL,Stadtgrün;Stadtgärtnerei;Werkhof;Werkdienst;Gemeindebetriebe;Friedhof;Parks;Sportanlagen;Schulanlagen;Forst;Liegenschaften;Strassenunterhalt;Arealpflege;Winterdienst,DISCOVERY_PENDING,,TO_DISCOVER,NOT_YET_AUDITED,"Puede publicar en portal propio, ATS compartido, cantón, Job-Room o agregador público."
PUB-CH-BE-MUN-0307,MUNICIPALITY,CH,BE,Bern,307,Gemeinde/Stadt Meikirch,Verwaltungskreis Bern-Mittelland,1,GERMAN,NO,3,P2_RURAL,Stadtgrün;Stadtgärtnerei;Werkhof;Werkdienst;Gemeindebetriebe;Friedhof;Parks;Sportanlagen;Schulanlagen;Forst;Liegenschaften;Strassenunterhalt;Arealpflege;Winterdienst,DISCOVERY_PENDING,,TO_DISCOVER,NOT_YET_AUDITED,"Puede publicar en portal propio, ATS compartido, cantón, Job-Room o agregador público."
PUB-CH-BE-MUN-0390,MUNICIPALITY,CH,BE,Bern,390,Gemeinde/Stadt Meinisberg,Verwaltungskreis Biel/Bienne,1,GERMAN,NO,2,P1_URBAN_OR_INTERMEDIATE,Stadtgrün;Stadtgärtnerei;Werkhof;Werkdienst;Gemeindebetriebe;Friedhof;Parks;Sportanlagen;Schulanlagen;Forst;Liegenschaften;Strassenunterhalt;Arealpflege;Winterdienst,DISCOVERY_PENDING,,TO_DISCOVER,NOT_YET_AUDITED,"Puede publicar en portal propio, ATS compartido, cantón, Job-Room o agregador público."
PUB-CH-BE-MUN-0785,MUNICIPALITY,CH,BE,Bern,785,Gemeinde/Stadt Meiringen,Verwaltungskreis Interlaken-Oberhasli,1,GERMAN,NO,3,P2_RURAL,Stadtgrün;Stadtgärtnerei;Werkhof;Werkdienst;Gemeindebetriebe;Friedhof;Parks;Sportanlagen;Schulanlagen;Forst;Liegenschaften;Strassenunterhalt;Arealpflege;Winterdienst,DISCOVERY_PENDING,,TO_DISCOVER,NOT_YET_AUDITED,"Puede publicar en portal propio, ATS compartido, cantón, Job-Room o agregador público."
PUB-CH-BE-MUN-0333,MUNICIPALITY,CH,BE,Bern,333,Gemeinde/Stadt Melchnau,Verwaltungskreis Oberaargau,1,GERMAN,NO,3,P2_RURAL,Stadtgrün;Stadtgärtnerei;Werkhof;Werkdienst;Gemeindebetriebe;Friedhof;Parks;Sportanlagen;Schulanlagen;Forst;Liegenschaften;Strassenunterhalt;Arealpflege;Winterdienst,DISCOVERY_PENDING,,TO_DISCOVER,NOT_YET_AUDITED,"Puede publicar en portal propio, ATS compartido, cantón, Job-Room o agregador público."
PUB-CH-BE-MUN-0741,MUNICIPALITY,CH,BE,Bern,741,Gemeinde/Stadt Merzligen,Verwaltungskreis Seeland,1,GERMAN,NO,3,P2_RURAL,Stadtgrün;Stadtgärtnerei;Werkhof;Werkdienst;Gemeindebetriebe;Friedhof;Parks;Sportanlagen;Schulanlagen;Forst;Liegenschaften;Strassenunterhalt;Arealpflege;Winterdienst,DISCOVERY_PENDING,,TO_DISCOVER,NOT_YET_AUDITED,"Puede publicar en portal propio, ATS compartido, cantón, Job-Room o agregador público."
PUB-CH-BE-MUN-0615,MUNICIPALITY,CH,BE,Bern,615,Gemeinde/Stadt Mirchel,Verwaltungskreis Bern-Mittelland,1,GERMAN,NO,2,P1_URBAN_OR_INTERMEDIATE,Stadtgrün;Stadtgärtnerei;Werkhof;Werkdienst;Gemeindebetriebe;Friedhof;Parks;Sportanlagen;Schulanlagen;Forst;Liegenschaften;Strassenunterhalt;Arealpflege;Winterdienst,DISCOVERY_PENDING,,TO_DISCOVER,NOT_YET_AUDITED,"Puede publicar en portal propio, ATS compartido, cantón, Job-Room o agregador público."
PUB-CH-BE-MUN-0437,MUNICIPALITY,CH,BE,Bern,437,Gemeinde/Stadt Mont-Tramelan,Arrondissement administratif Jura bernois,1,GERMAN,NO,3,P2_RURAL,Stadtgrün;Stadtgärtnerei;Werkhof;Werkdienst;Gemeindebetriebe;Friedhof;Parks;Sportanlagen;Schulanlagen;Forst;Liegenschaften;Strassenunterhalt;Arealpflege;Winterdienst,DISCOVERY_PENDING,,TO_DISCOVER,NOT_YET_AUDITED,"Puede publicar en portal propio, ATS compartido, cantón, Job-Room o agregador público."
PUB-CH-BE-MUN-0544,MUNICIPALITY,CH,BE,Bern,544,Gemeinde/Stadt Moosseedorf,Verwaltungskreis Bern-Mittelland,1,GERMAN,NO,2,P1_URBAN_OR_INTERMEDIATE,Stadtgrün;Stadtgärtnerei;Werkhof;Werkdienst;Gemeindebetriebe;Friedhof;Parks;Sportanlagen;Schulanlagen;Forst;Liegenschaften;Strassenunterhalt;Arealpflege;Winterdienst,DISCOVERY_PENDING,,TO_DISCOVER,NOT_YET_AUDITED,"Puede publicar en portal propio, ATS compartido, cantón, Job-Room o agregador público."
PUB-CH-BE-MUN-0356,MUNICIPALITY,CH,BE,Bern,356,Gemeinde/Stadt Muri bei Bern,Verwaltungskreis Bern-Mittelland,1,GERMAN,YES,1,P0_CITY,Stadtgrün;Stadtgärtnerei;Werkhof;Werkdienst;Gemeindebetriebe;Friedhof;Parks;Sportanlagen;Schulanlagen;Forst;Liegenschaften;Strassenunterhalt;Arealpflege;Winterdienst,DISCOVERY_PENDING,,TO_DISCOVER,NOT_YET_AUDITED,"Puede publicar en portal propio, ATS compartido, cantón, Job-Room o agregador público."
PUB-CH-BE-MUN-0742,MUNICIPALITY,CH,BE,Bern,742,Gemeinde/Stadt Mörigen,Verwaltungskreis Biel/Bienne,1,GERMAN,NO,2,P1_URBAN_OR_INTERMEDIATE,Stadtgrün;Stadtgärtnerei;Werkhof;Werkdienst;Gemeindebetriebe;Friedhof;Parks;Sportanlagen;Schulanlagen;Forst;Liegenschaften;Strassenunterhalt;Arealpflege;Winterdienst,DISCOVERY_PENDING,,TO_DISCOVER,NOT_YET_AUDITED,"Puede publicar en portal propio, ATS compartido, cantón, Job-Room o agregador público."
PUB-CH-BE-MUN-0668,MUNICIPALITY,CH,BE,Bern,668,Gemeinde/Stadt Mühleberg,Verwaltungskreis Bern-Mittelland,1,GERMAN,NO,3,P2_RURAL,Stadtgrün;Stadtgärtnerei;Werkhof;Werkdienst;Gemeindebetriebe;Friedhof;Parks;Sportanlagen;Schulanlagen;Forst;Liegenschaften;Strassenunterhalt;Arealpflege;Winterdienst,DISCOVERY_PENDING,,TO_DISCOVER,NOT_YET_AUDITED,"Puede publicar en portal propio, ATS compartido, cantón, Job-Room o agregador público."
PUB-CH-BE-MUN-0546,MUNICIPALITY,CH,BE,Bern,546,Gemeinde/Stadt Münchenbuchsee,Verwaltungskreis Bern-Mittelland,1,GERMAN,YES,2,P0_CITY,Stadtgrün;Stadtgärtnerei;Werkhof;Werkdienst;Gemeindebetriebe;Friedhof;Parks;Sportanlagen;Schulanlagen;Forst;Liegenschaften;Strassenunterhalt;Arealpflege;Winterdienst,DISCOVERY_PENDING,,TO_DISCOVER,NOT_YET_AUDITED,"Puede publicar en portal propio, ATS compartido, cantón, Job-Room o agregador público."
PUB-CH-BE-MUN-0669,MUNICIPALITY,CH,BE,Bern,669,Gemeinde/Stadt Münchenwiler,Verwaltungskreis Bern-Mittelland,1,GERMAN,NO,2,P1_URBAN_OR_INTERMEDIATE,Stadtgrün;Stadtgärtnerei;Werkhof;Werkdienst;Gemeindebetriebe;Friedhof;Parks;Sportanlagen;Schulanlagen;Forst;Liegenschaften;Strassenunterhalt;Arealpflege;Winterdienst,DISCOVERY_PENDING,,TO_DISCOVER,NOT_YET_AUDITED,"Puede publicar en portal propio, ATS compartido, cantón, Job-Room o agregador público."
PUB-CH-BE-MUN-0616,MUNICIPALITY,CH,BE,Bern,616,Gemeinde/Stadt Münsingen,Verwaltungskreis Bern-Mittelland,1,GERMAN,YES,2,P0_CITY,Stadtgrün;Stadtgärtnerei;Werkhof;Werkdienst;Gemeindebetriebe;Friedhof;Parks;Sportanlagen;Schulanlagen;Forst;Liegenschaften;Strassenunterhalt;Arealpflege;Winterdienst,DISCOVERY_PENDING,,TO_DISCOVER,NOT_YET_AUDITED,"Puede publicar en portal propio, ATS compartido, cantón, Job-Room o agregador público."
PUB-CH-BE-MUN-0498,MUNICIPALITY,CH,BE,Bern,498,Gemeinde/Stadt Müntschemier,Verwaltungskreis Seeland,1,GERMAN,NO,3,P2_RURAL,Stadtgrün;Stadtgärtnerei;Werkhof;Werkdienst;Gemeindebetriebe;Friedhof;Parks;Sportanlagen;Schulanlagen;Forst;Liegenschaften;Strassenunterhalt;Arealpflege;Winterdienst,DISCOVERY_PENDING,,TO_DISCOVER,NOT_YET_AUDITED,"Puede publicar en portal propio, ATS compartido, cantón, Job-Room o agregador público."
PUB-CH-BE-MUN-0670,MUNICIPALITY,CH,BE,Bern,670,Gemeinde/Stadt Neuenegg,Verwaltungskreis Bern-Mittelland,1,GERMAN,NO,2,P1_URBAN_OR_INTERMEDIATE,Stadtgrün;Stadtgärtnerei;Werkhof;Werkdienst;Gemeindebetriebe;Friedhof;Parks;Sportanlagen;Schulanlagen;Forst;Liegenschaften;Strassenunterhalt;Arealpflege;Winterdienst,DISCOVERY_PENDING,,TO_DISCOVER,NOT_YET_AUDITED,"Puede publicar en portal propio, ATS compartido, cantón, Job-Room o agregador público."
PUB-CH-BE-MUN-0743,MUNICIPALITY,CH,BE,Bern,743,Gemeinde/Stadt Nidau,Verwaltungskreis Biel/Bienne,1,GERMAN,NO,1,P1_URBAN_OR_INTERMEDIATE,Stadtgrün;Stadtgärtnerei;Werkhof;Werkdienst;Gemeindebetriebe;Friedhof;Parks;Sportanlagen;Schulanlagen;Forst;Liegenschaften;Strassenunterhalt;Arealpflege;Winterdienst,DISCOVERY_PENDING,,TO_DISCOVER,NOT_YET_AUDITED,"Puede publicar en portal propio, ATS compartido, cantón, Job-Room o agregador público."
PUB-CH-BE-MUN-0981,MUNICIPALITY,CH,BE,Bern,981,Gemeinde/Stadt Niederbipp,Verwaltungskreis Oberaargau,1,GERMAN,NO,2,P1_URBAN_OR_INTERMEDIATE,Stadtgrün;Stadtgärtnerei;Werkhof;Werkdienst;Gemeindebetriebe;Friedhof;Parks;Sportanlagen;Schulanlagen;Forst;Liegenschaften;Strassenunterhalt;Arealpflege;Winterdienst,DISCOVERY_PENDING,,TO_DISCOVER,NOT_YET_AUDITED,"Puede publicar en portal propio, ATS compartido, cantón, Job-Room o agregador público."
PUB-CH-BE-MUN-0617,MUNICIPALITY,CH,BE,Bern,617,Gemeinde/Stadt Niederhünigen,Verwaltungskreis Bern-Mittelland,1,GERMAN,NO,2,P1_URBAN_OR_INTERMEDIATE,Stadtgrün;Stadtgärtnerei;Werkhof;Werkdienst;Gemeindebetriebe;Friedhof;Parks;Sportanlagen;Schulanlagen;Forst;Liegenschaften;Strassenunterhalt;Arealpflege;Winterdienst,DISCOVERY_PENDING,,TO_DISCOVER,NOT_YET_AUDITED,"Puede publicar en portal propio, ATS compartido, cantón, Job-Room o agregador público."
PUB-CH-BE-MUN-0877,MUNICIPALITY,CH,BE,Bern,877,Gemeinde/Stadt Niedermuhlern,Verwaltungskreis Bern-Mittelland,1,GERMAN,NO,3,P2_RURAL,Stadtgrün;Stadtgärtnerei;Werkhof;Werkdienst;Gemeindebetriebe;Friedhof;Parks;Sportanlagen;Schulanlagen;Forst;Liegenschaften;Strassenunterhalt;Arealpflege;Winterdienst,DISCOVERY_PENDING,,TO_DISCOVER,NOT_YET_AUDITED,"Puede publicar en portal propio, ATS compartido, cantón, Job-Room o agregador público."
PUB-CH-BE-MUN-0588,MUNICIPALITY,CH,BE,Bern,588,Gemeinde/Stadt Niederried bei Interlaken,Verwaltungskreis Interlaken-Oberhasli,1,GERMAN,NO,3,P2_RURAL,Stadtgrün;Stadtgärtnerei;Werkhof;Werkdienst;Gemeindebetriebe;Friedhof;Parks;Sportanlagen;Schulanlagen;Forst;Liegenschaften;Strassenunterhalt;Arealpflege;Winterdienst,DISCOVERY_PENDING,,TO_DISCOVER,NOT_YET_AUDITED,"Puede publicar en portal propio, ATS compartido, cantón, Job-Room o agregador público."
PUB-CH-BE-MUN-0982,MUNICIPALITY,CH,BE,Bern,982,Gemeinde/Stadt Niederönz,Verwaltungskreis Oberaargau,1,GERMAN,NO,2,P1_URBAN_OR_INTERMEDIATE,Stadtgrün;Stadtgärtnerei;Werkhof;Werkdienst;Gemeindebetriebe;Friedhof;Parks;Sportanlagen;Schulanlagen;Forst;Liegenschaften;Strassenunterhalt;Arealpflege;Winterdienst,DISCOVERY_PENDING,,TO_DISCOVER,NOT_YET_AUDITED,"Puede publicar en portal propio, ATS compartido, cantón, Job-Room o agregador público."
PUB-CH-BE-MUN-0357,MUNICIPALITY,CH,BE,Bern,357,Gemeinde/Stadt Oberbalm,Verwaltungskreis Bern-Mittelland,1,GERMAN,NO,3,P2_RURAL,Stadtgrün;Stadtgärtnerei;Werkhof;Werkdienst;Gemeindebetriebe;Friedhof;Parks;Sportanlagen;Schulanlagen;Forst;Liegenschaften;Strassenunterhalt;Arealpflege;Winterdienst,DISCOVERY_PENDING,,TO_DISCOVER,NOT_YET_AUDITED,"Puede publicar en portal propio, ATS compartido, cantón, Job-Room o agregador público."
PUB-CH-BE-MUN-0983,MUNICIPALITY,CH,BE,Bern,983,Gemeinde/Stadt Oberbipp,Verwaltungskreis Oberaargau,1,GERMAN,NO,2,P1_URBAN_OR_INTERMEDIATE,Stadtgrün;Stadtgärtnerei;Werkhof;Werkdienst;Gemeindebetriebe;Friedhof;Parks;Sportanlagen;Schulanlagen;Forst;Liegenschaften;Strassenunterhalt;Arealpflege;Winterdienst,DISCOVERY_PENDING,,TO_DISCOVER,NOT_YET_AUDITED,"Puede publicar en portal propio, ATS compartido, cantón, Job-Room o agregador público."
PUB-CH-BE-MUN-0418,MUNICIPALITY,CH,BE,Bern,418,Gemeinde/Stadt Oberburg,Verwaltungskreis Emmental,1,GERMAN,NO,2,P1_URBAN_OR_INTERMEDIATE,Stadtgrün;Stadtgärtnerei;Werkhof;Werkdienst;Gemeindebetriebe;Friedhof;Parks;Sportanlagen;Schulanlagen;Forst;Liegenschaften;Strassenunterhalt;Arealpflege;Winterdienst,DISCOVERY_PENDING,,TO_DISCOVER,NOT_YET_AUDITED,"Puede publicar en portal propio, ATS compartido, cantón, Job-Room o agregador público."
PUB-CH-BE-MUN-0619,MUNICIPALITY,CH,BE,Bern,619,Gemeinde/Stadt Oberdiessbach,Verwaltungskreis Bern-Mittelland,1,GERMAN,NO,3,P2_RURAL,Stadtgrün;Stadtgärtnerei;Werkhof;Werkdienst;Gemeindebetriebe;Friedhof;Parks;Sportanlagen;Schulanlagen;Forst;Liegenschaften;Strassenunterhalt;Arealpflege;Winterdienst,DISCOVERY_PENDING,,TO_DISCOVER,NOT_YET_AUDITED,"Puede publicar en portal propio, ATS compartido, cantón, Job-Room o agregador público."
PUB-CH-BE-MUN-0934,MUNICIPALITY,CH,BE,Bern,934,Gemeinde/Stadt Oberhofen am Thunersee,Verwaltungskreis Thun,1,GERMAN,NO,1,P1_URBAN_OR_INTERMEDIATE,Stadtgrün;Stadtgärtnerei;Werkhof;Werkdienst;Gemeindebetriebe;Friedhof;Parks;Sportanlagen;Schulanlagen;Forst;Liegenschaften;Strassenunterhalt;Arealpflege;Winterdienst,DISCOVERY_PENDING,,TO_DISCOVER,NOT_YET_AUDITED,"Puede publicar en portal propio, ATS compartido, cantón, Job-Room o agregador público."
PUB-CH-BE-MUN-0629,MUNICIPALITY,CH,BE,Bern,629,Gemeinde/Stadt Oberhünigen,Verwaltungskreis Bern-Mittelland,1,GERMAN,NO,3,P2_RURAL,Stadtgrün;Stadtgärtnerei;Werkhof;Werkdienst;Gemeindebetriebe;Friedhof;Parks;Sportanlagen;Schulanlagen;Forst;Liegenschaften;Strassenunterhalt;Arealpflege;Winterdienst,DISCOVERY_PENDING,,TO_DISCOVER,NOT_YET_AUDITED,"Puede publicar en portal propio, ATS compartido, cantón, Job-Room o agregador público."
PUB-CH-BE-MUN-0935,MUNICIPALITY,CH,BE,Bern,935,Gemeinde/Stadt Oberlangenegg,Verwaltungskreis Thun,1,GERMAN,NO,3,P2_RURAL,Stadtgrün;Stadtgärtnerei;Werkhof;Werkdienst;Gemeindebetriebe;Friedhof;Parks;Sportanlagen;Schulanlagen;Forst;Liegenschaften;Strassenunterhalt;Arealpflege;Winterdienst,DISCOVERY_PENDING,,TO_DISCOVER,NOT_YET_AUDITED,"Puede publicar en portal propio, ATS compartido, cantón, Job-Room o agregador público."
PUB-CH-BE-MUN-0589,MUNICIPALITY,CH,BE,Bern,589,Gemeinde/Stadt Oberried am Brienzersee,Verwaltungskreis Interlaken-Oberhasli,1,GERMAN,NO,3,P2_RURAL,Stadtgrün;Stadtgärtnerei;Werkhof;Werkdienst;Gemeindebetriebe;Friedhof;Parks;Sportanlagen;Schulanlagen;Forst;Liegenschaften;Strassenunterhalt;Arealpflege;Winterdienst,DISCOVERY_PENDING,,TO_DISCOVER,NOT_YET_AUDITED,"Puede publicar en portal propio, ATS compartido, cantón, Job-Room o agregador público."
PUB-CH-BE-MUN-0620,MUNICIPALITY,CH,BE,Bern,620,Gemeinde/Stadt Oberthal,Verwaltungskreis Bern-Mittelland,1,GERMAN,NO,3,P2_RURAL,Stadtgrün;Stadtgärtnerei;Werkhof;Werkdienst;Gemeindebetriebe;Friedhof;Parks;Sportanlagen;Schulanlagen;Forst;Liegenschaften;Strassenunterhalt;Arealpflege;Winterdienst,DISCOVERY_PENDING,,TO_DISCOVER,NOT_YET_AUDITED,"Puede publicar en portal propio, ATS compartido, cantón, Job-Room o agregador público."
PUB-CH-BE-MUN-0391,MUNICIPALITY,CH,BE,Bern,391,Gemeinde/Stadt Oberwil bei Büren,Verwaltungskreis Seeland,1,GERMAN,NO,3,P2_RURAL,Stadtgrün;Stadtgärtnerei;Werkhof;Werkdienst;Gemeindebetriebe;Friedhof;Parks;Sportanlagen;Schulanlagen;Forst;Liegenschaften;Strassenunterhalt;Arealpflege;Winterdienst,DISCOVERY_PENDING,,TO_DISCOVER,NOT_YET_AUDITED,"Puede publicar en portal propio, ATS compartido, cantón, Job-Room o agregador público."
PUB-CH-BE-MUN-0766,MUNICIPALITY,CH,BE,Bern,766,Gemeinde/Stadt Oberwil im Simmental,Verwaltungskreis Frutigen-Niedersimmental,1,GERMAN,NO,3,P2_RURAL,Stadtgrün;Stadtgärtnerei;Werkhof;Werkdienst;Gemeindebetriebe;Friedhof;Parks;Sportanlagen;Schulanlagen;Forst;Liegenschaften;Strassenunterhalt;Arealpflege;Winterdienst,DISCOVERY_PENDING,,TO_DISCOVER,NOT_YET_AUDITED,"Puede publicar en portal propio, ATS compartido, cantón, Job-Room o agregador público."
PUB-CH-BE-MUN-0985,MUNICIPALITY,CH,BE,Bern,985,Gemeinde/Stadt Ochlenberg,Verwaltungskreis Oberaargau,1,GERMAN,NO,3,P2_RURAL,Stadtgrün;Stadtgärtnerei;Werkhof;Werkdienst;Gemeindebetriebe;Friedhof;Parks;Sportanlagen;Schulanlagen;Forst;Liegenschaften;Strassenunterhalt;Arealpflege;Winterdienst,DISCOVERY_PENDING,,TO_DISCOVER,NOT_YET_AUDITED,"Puede publicar en portal propio, ATS compartido, cantón, Job-Room o agregador público."
PUB-CH-BE-MUN-0335,MUNICIPALITY,CH,BE,Bern,335,Gemeinde/Stadt Oeschenbach,Verwaltungskreis Oberaargau,1,GERMAN,NO,3,P2_RURAL,Stadtgrün;Stadtgärtnerei;Werkhof;Werkdienst;Gemeindebetriebe;Friedhof;Parks;Sportanlagen;Schulanlagen;Forst;Liegenschaften;Strassenunterhalt;Arealpflege;Winterdienst,DISCOVERY_PENDING,,TO_DISCOVER,NOT_YET_AUDITED,"Puede publicar en portal propio, ATS compartido, cantón, Job-Room o agregador público."
PUB-CH-BE-MUN-0622,MUNICIPALITY,CH,BE,Bern,622,Gemeinde/Stadt Oppligen,Verwaltungskreis Bern-Mittelland,1,GERMAN,NO,3,P2_RURAL,Stadtgrün;Stadtgärtnerei;Werkhof;Werkdienst;Gemeindebetriebe;Friedhof;Parks;Sportanlagen;Schulanlagen;Forst;Liegenschaften;Strassenunterhalt;Arealpflege;Winterdienst,DISCOVERY_PENDING,,TO_DISCOVER,NOT_YET_AUDITED,"Puede publicar en portal propio, ATS compartido, cantón, Job-Room o agregador público."
PUB-CH-BE-MUN-0744,MUNICIPALITY,CH,BE,Bern,744,Gemeinde/Stadt Orpund,Verwaltungskreis Biel/Bienne,1,GERMAN,NO,2,P1_URBAN_OR_INTERMEDIATE,Stadtgrün;Stadtgärtnerei;Werkhof;Werkdienst;Gemeindebetriebe;Friedhof;Parks;Sportanlagen;Schulanlagen;Forst;Liegenschaften;Strassenunterhalt;Arealpflege;Winterdienst,DISCOVERY_PENDING,,TO_DISCOVER,NOT_YET_AUDITED,"Puede publicar en portal propio, ATS compartido, cantón, Job-Room o agregador público."
PUB-CH-BE-MUN-0363,MUNICIPALITY,CH,BE,Bern,363,Gemeinde/Stadt Ostermundigen,Verwaltungskreis Bern-Mittelland,1,GERMAN,YES,1,P0_CITY,Stadtgrün;Stadtgärtnerei;Werkhof;Werkdienst;Gemeindebetriebe;Friedhof;Parks;Sportanlagen;Schulanlagen;Forst;Liegenschaften;Strassenunterhalt;Arealpflege;Winterdienst,DISCOVERY_PENDING,,TO_DISCOVER,NOT_YET_AUDITED,"Puede publicar en portal propio, ATS compartido, cantón, Job-Room o agregador público."
PUB-CH-BE-MUN-0392,MUNICIPALITY,CH,BE,Bern,392,Gemeinde/Stadt Pieterlen,Verwaltungskreis Biel/Bienne,1,GERMAN,NO,2,P1_URBAN_OR_INTERMEDIATE,Stadtgrün;Stadtgärtnerei;Werkhof;Werkdienst;Gemeindebetriebe;Friedhof;Parks;Sportanlagen;Schulanlagen;Forst;Liegenschaften;Strassenunterhalt;Arealpflege;Winterdienst,DISCOVERY_PENDING,,TO_DISCOVER,NOT_YET_AUDITED,"Puede publicar en portal propio, ATS compartido, cantón, Job-Room o agregador público."
PUB-CH-BE-MUN-0936,MUNICIPALITY,CH,BE,Bern,936,Gemeinde/Stadt Pohlern,Verwaltungskreis Thun,1,GERMAN,NO,3,P2_RURAL,Stadtgrün;Stadtgärtnerei;Werkhof;Werkdienst;Gemeindebetriebe;Friedhof;Parks;Sportanlagen;Schulanlagen;Forst;Liegenschaften;Strassenunterhalt;Arealpflege;Winterdienst,DISCOVERY_PENDING,,TO_DISCOVER,NOT_YET_AUDITED,"Puede publicar en portal propio, ATS compartido, cantón, Job-Room o agregador público."
PUB-CH-BE-MUN-0745,MUNICIPALITY,CH,BE,Bern,745,Gemeinde/Stadt Port,Verwaltungskreis Biel/Bienne,1,GERMAN,NO,1,P1_URBAN_OR_INTERMEDIATE,Stadtgrün;Stadtgärtnerei;Werkhof;Werkdienst;Gemeindebetriebe;Friedhof;Parks;Sportanlagen;Schulanlagen;Forst;Liegenschaften;Strassenunterhalt;Arealpflege;Winterdienst,DISCOVERY_PENDING,,TO_DISCOVER,NOT_YET_AUDITED,"Puede publicar en portal propio, ATS compartido, cantón, Job-Room o agregador público."
PUB-CH-BE-MUN-0309,MUNICIPALITY,CH,BE,Bern,309,Gemeinde/Stadt Radelfingen,Verwaltungskreis Seeland,1,GERMAN,NO,3,P2_RURAL,Stadtgrün;Stadtgärtnerei;Werkhof;Werkdienst;Gemeindebetriebe;Friedhof;Parks;Sportanlagen;Schulanlagen;Forst;Liegenschaften;Strassenunterhalt;Arealpflege;Winterdienst,DISCOVERY_PENDING,,TO_DISCOVER,NOT_YET_AUDITED,"Puede publicar en portal propio, ATS compartido, cantón, Job-Room o agregador público."
PUB-CH-BE-MUN-0310,MUNICIPALITY,CH,BE,Bern,310,Gemeinde/Stadt Rapperswil (BE),Verwaltungskreis Seeland,1,GERMAN,NO,3,P2_RURAL,Stadtgrün;Stadtgärtnerei;Werkhof;Werkdienst;Gemeindebetriebe;Friedhof;Parks;Sportanlagen;Schulanlagen;Forst;Liegenschaften;Strassenunterhalt;Arealpflege;Winterdienst,DISCOVERY_PENDING,,TO_DISCOVER,NOT_YET_AUDITED,"Puede publicar en portal propio, ATS compartido, cantón, Job-Room o agregador público."
PUB-CH-BE-MUN-0715,MUNICIPALITY,CH,BE,Bern,715,Gemeinde/Stadt Rebévelier,Arrondissement administratif Jura bernois,1,GERMAN,NO,3,P2_RURAL,Stadtgrün;Stadtgärtnerei;Werkhof;Werkdienst;Gemeindebetriebe;Friedhof;Parks;Sportanlagen;Schulanlagen;Forst;Liegenschaften;Strassenunterhalt;Arealpflege;Winterdienst,DISCOVERY_PENDING,,TO_DISCOVER,NOT_YET_AUDITED,"Puede publicar en portal propio, ATS compartido, cantón, Job-Room o agregador público."
PUB-CH-BE-MUN-0567,MUNICIPALITY,CH,BE,Bern,567,Gemeinde/Stadt Reichenbach im Kandertal,Verwaltungskreis Frutigen-Niedersimmental,1,GERMAN,NO,3,P2_RURAL,Stadtgrün;Stadtgärtnerei;Werkhof;Werkdienst;Gemeindebetriebe;Friedhof;Parks;Sportanlagen;Schulanlagen;Forst;Liegenschaften;Strassenunterhalt;Arealpflege;Winterdienst,DISCOVERY_PENDING,,TO_DISCOVER,NOT_YET_AUDITED,"Puede publicar en portal propio, ATS compartido, cantón, Job-Room o agregador público."
PUB-CH-BE-MUN-0336,MUNICIPALITY,CH,BE,Bern,336,Gemeinde/Stadt Reisiswil,Verwaltungskreis Oberaargau,1,GERMAN,NO,3,P2_RURAL,Stadtgrün;Stadtgärtnerei;Werkhof;Werkdienst;Gemeindebetriebe;Friedhof;Parks;Sportanlagen;Schulanlagen;Forst;Liegenschaften;Strassenunterhalt;Arealpflege;Winterdienst,DISCOVERY_PENDING,,TO_DISCOVER,NOT_YET_AUDITED,"Puede publicar en portal propio, ATS compartido, cantón, Job-Room o agregador público."
PUB-CH-BE-MUN-0767,MUNICIPALITY,CH,BE,Bern,767,Gemeinde/Stadt Reutigen,Verwaltungskreis Thun,1,GERMAN,NO,3,P2_RURAL,Stadtgrün;Stadtgärtnerei;Werkhof;Werkdienst;Gemeindebetriebe;Friedhof;Parks;Sportanlagen;Schulanlagen;Forst;Liegenschaften;Strassenunterhalt;Arealpflege;Winterdienst,DISCOVERY_PENDING,,TO_DISCOVER,NOT_YET_AUDITED,"Puede publicar en portal propio, ATS compartido, cantón, Job-Room o agregador público."
PUB-CH-BE-MUN-0879,MUNICIPALITY,CH,BE,Bern,879,Gemeinde/Stadt Riggisberg,Verwaltungskreis Bern-Mittelland,1,GERMAN,NO,3,P2_RURAL,Stadtgrün;Stadtgärtnerei;Werkhof;Werkdienst;Gemeindebetriebe;Friedhof;Parks;Sportanlagen;Schulanlagen;Forst;Liegenschaften;Strassenunterhalt;Arealpflege;Winterdienst,DISCOVERY_PENDING,,TO_DISCOVER,NOT_YET_AUDITED,"Puede publicar en portal propio, ATS compartido, cantón, Job-Room o agregador público."
PUB-CH-BE-MUN-0590,MUNICIPALITY,CH,BE,Bern,590,Gemeinde/Stadt Ringgenberg (BE),Verwaltungskreis Interlaken-Oberhasli,1,GERMAN,NO,2,P1_URBAN_OR_INTERMEDIATE,Stadtgrün;Stadtgärtnerei;Werkhof;Werkdienst;Gemeindebetriebe;Friedhof;Parks;Sportanlagen;Schulanlagen;Forst;Liegenschaften;Strassenunterhalt;Arealpflege;Winterdienst,DISCOVERY_PENDING,,TO_DISCOVER,NOT_YET_AUDITED,"Puede publicar en portal propio, ATS compartido, cantón, Job-Room o agregador público."
PUB-CH-BE-MUN-0337,MUNICIPALITY,CH,BE,Bern,337,Gemeinde/Stadt Roggwil (BE),Verwaltungskreis Oberaargau,1,GERMAN,NO,2,P1_URBAN_OR_INTERMEDIATE,Stadtgrün;Stadtgärtnerei;Werkhof;Werkdienst;Gemeindebetriebe;Friedhof;Parks;Sportanlagen;Schulanlagen;Forst;Liegenschaften;Strassenunterhalt;Arealpflege;Winterdienst,DISCOVERY_PENDING,,TO_DISCOVER,NOT_YET_AUDITED,"Puede publicar en portal propio, ATS compartido, cantón, Job-Room o agregador público."
PUB-CH-BE-MUN-0338,MUNICIPALITY,CH,BE,Bern,338,Gemeinde/Stadt Rohrbach,Verwaltungskreis Oberaargau,1,GERMAN,NO,3,P2_RURAL,Stadtgrün;Stadtgärtnerei;Werkhof;Werkdienst;Gemeindebetriebe;Friedhof;Parks;Sportanlagen;Schulanlagen;Forst;Liegenschaften;Strassenunterhalt;Arealpflege;Winterdienst,DISCOVERY_PENDING,,TO_DISCOVER,NOT_YET_AUDITED,"Puede publicar en portal propio, ATS compartido, cantón, Job-Room o agregador público."
PUB-CH-BE-MUN-0339,MUNICIPALITY,CH,BE,Bern,339,Gemeinde/Stadt Rohrbachgraben,Verwaltungskreis Oberaargau,1,GERMAN,NO,3,P2_RURAL,Stadtgrün;Stadtgärtnerei;Werkhof;Werkdienst;Gemeindebetriebe;Friedhof;Parks;Sportanlagen;Schulanlagen;Forst;Liegenschaften;Strassenunterhalt;Arealpflege;Winterdienst,DISCOVERY_PENDING,,TO_DISCOVER,NOT_YET_AUDITED,"Puede publicar en portal propio, ATS compartido, cantón, Job-Room o agregador público."
PUB-CH-BE-MUN-0623,MUNICIPALITY,CH,BE,Bern,623,Gemeinde/Stadt Rubigen,Verwaltungskreis Bern-Mittelland,1,GERMAN,NO,2,P1_URBAN_OR_INTERMEDIATE,Stadtgrün;Stadtgärtnerei;Werkhof;Werkdienst;Gemeindebetriebe;Friedhof;Parks;Sportanlagen;Schulanlagen;Forst;Liegenschaften;Strassenunterhalt;Arealpflege;Winterdienst,DISCOVERY_PENDING,,TO_DISCOVER,NOT_YET_AUDITED,"Puede publicar en portal propio, ATS compartido, cantón, Job-Room o agregador público."
PUB-CH-BE-MUN-0421,MUNICIPALITY,CH,BE,Bern,421,Gemeinde/Stadt Rumendingen,Verwaltungskreis Emmental,1,GERMAN,NO,3,P2_RURAL,Stadtgrün;Stadtgärtnerei;Werkhof;Werkdienst;Gemeindebetriebe;Friedhof;Parks;Sportanlagen;Schulanlagen;Forst;Liegenschaften;Strassenunterhalt;Arealpflege;Winterdienst,DISCOVERY_PENDING,,TO_DISCOVER,NOT_YET_AUDITED,"Puede publicar en portal propio, ATS compartido, cantón, Job-Room o agregador público."
PUB-CH-BE-MUN-0987,MUNICIPALITY,CH,BE,Bern,987,Gemeinde/Stadt Rumisberg,Verwaltungskreis Oberaargau,1,GERMAN,NO,2,P1_URBAN_OR_INTERMEDIATE,Stadtgrün;Stadtgärtnerei;Werkhof;Werkdienst;Gemeindebetriebe;Friedhof;Parks;Sportanlagen;Schulanlagen;Forst;Liegenschaften;Strassenunterhalt;Arealpflege;Winterdienst,DISCOVERY_PENDING,,TO_DISCOVER,NOT_YET_AUDITED,"Puede publicar en portal propio, ATS compartido, cantón, Job-Room o agregador público."
PUB-CH-BE-MUN-0904,MUNICIPALITY,CH,BE,Bern,904,Gemeinde/Stadt Röthenbach im Emmental,Verwaltungskreis Emmental,1,GERMAN,NO,3,P2_RURAL,Stadtgrün;Stadtgärtnerei;Werkhof;Werkdienst;Gemeindebetriebe;Friedhof;Parks;Sportanlagen;Schulanlagen;Forst;Liegenschaften;Strassenunterhalt;Arealpflege;Winterdienst,DISCOVERY_PENDING,,TO_DISCOVER,NOT_YET_AUDITED,"Puede publicar en portal propio, ATS compartido, cantón, Job-Room o agregador público."
PUB-CH-BE-MUN-0905,MUNICIPALITY,CH,BE,Bern,905,Gemeinde/Stadt Rüderswil,Verwaltungskreis Emmental,1,GERMAN,NO,3,P2_RURAL,Stadtgrün;Stadtgärtnerei;Werkhof;Werkdienst;Gemeindebetriebe;Friedhof;Parks;Sportanlagen;Schulanlagen;Forst;Liegenschaften;Strassenunterhalt;Arealpflege;Winterdienst,DISCOVERY_PENDING,,TO_DISCOVER,NOT_YET_AUDITED,"Puede publicar en portal propio, ATS compartido, cantón, Job-Room o agregador público."
PUB-CH-BE-MUN-0420,MUNICIPALITY,CH,BE,Bern,420,Gemeinde/Stadt Rüdtligen-Alchenflüh,Verwaltungskreis Emmental,1,GERMAN,NO,2,P1_URBAN_OR_INTERMEDIATE,Stadtgrün;Stadtgärtnerei;Werkhof;Werkdienst;Gemeindebetriebe;Friedhof;Parks;Sportanlagen;Schulanlagen;Forst;Liegenschaften;Strassenunterhalt;Arealpflege;Winterdienst,DISCOVERY_PENDING,,TO_DISCOVER,NOT_YET_AUDITED,"Puede publicar en portal propio, ATS compartido, cantón, Job-Room o agregador público."
PUB-CH-BE-MUN-0880,MUNICIPALITY,CH,BE,Bern,880,Gemeinde/Stadt Rüeggisberg,Verwaltungskreis Bern-Mittelland,1,GERMAN,NO,3,P2_RURAL,Stadtgrün;Stadtgärtnerei;Werkhof;Werkdienst;Gemeindebetriebe;Friedhof;Parks;Sportanlagen;Schulanlagen;Forst;Liegenschaften;Strassenunterhalt;Arealpflege;Winterdienst,DISCOVERY_PENDING,,TO_DISCOVER,NOT_YET_AUDITED,"Puede publicar en portal propio, ATS compartido, cantón, Job-Room o agregador público."
PUB-CH-BE-MUN-0956,MUNICIPALITY,CH,BE,Bern,956,Gemeinde/Stadt Rüegsau,Verwaltungskreis Emmental,1,GERMAN,NO,2,P1_URBAN_OR_INTERMEDIATE,Stadtgrün;Stadtgärtnerei;Werkhof;Werkdienst;Gemeindebetriebe;Friedhof;Parks;Sportanlagen;Schulanlagen;Forst;Liegenschaften;Strassenunterhalt;Arealpflege;Winterdienst,DISCOVERY_PENDING,,TO_DISCOVER,NOT_YET_AUDITED,"Puede publicar en portal propio, ATS compartido, cantón, Job-Room o agregador público."
PUB-CH-BE-MUN-0853,MUNICIPALITY,CH,BE,Bern,853,Gemeinde/Stadt Rüschegg,Verwaltungskreis Bern-Mittelland,1,GERMAN,NO,3,P2_RURAL,Stadtgrün;Stadtgärtnerei;Werkhof;Werkdienst;Gemeindebetriebe;Friedhof;Parks;Sportanlagen;Schulanlagen;Forst;Liegenschaften;Strassenunterhalt;Arealpflege;Winterdienst,DISCOVERY_PENDING,,TO_DISCOVER,NOT_YET_AUDITED,"Puede publicar en portal propio, ATS compartido, cantón, Job-Room o agregador público."
PUB-CH-BE-MUN-0393,MUNICIPALITY,CH,BE,Bern,393,Gemeinde/Stadt Rüti bei Büren,Verwaltungskreis Seeland,1,GERMAN,NO,3,P2_RURAL,Stadtgrün;Stadtgärtnerei;Werkhof;Werkdienst;Gemeindebetriebe;Friedhof;Parks;Sportanlagen;Schulanlagen;Forst;Liegenschaften;Strassenunterhalt;Arealpflege;Winterdienst,DISCOVERY_PENDING,,TO_DISCOVER,NOT_YET_AUDITED,"Puede publicar en portal propio, ATS compartido, cantón, Job-Room o agregador público."
PUB-CH-BE-MUN-0422,MUNICIPALITY,CH,BE,Bern,422,Gemeinde/Stadt Rüti bei Lyssach,Verwaltungskreis Emmental,1,GERMAN,NO,3,P2_RURAL,Stadtgrün;Stadtgärtnerei;Werkhof;Werkdienst;Gemeindebetriebe;Friedhof;Parks;Sportanlagen;Schulanlagen;Forst;Liegenschaften;Strassenunterhalt;Arealpflege;Winterdienst,DISCOVERY_PENDING,,TO_DISCOVER,NOT_YET_AUDITED,"Puede publicar en portal propio, ATS compartido, cantón, Job-Room o agregador público."
PUB-CH-BE-MUN-0340,MUNICIPALITY,CH,BE,Bern,340,Gemeinde/Stadt Rütschelen,Verwaltungskreis Oberaargau,1,GERMAN,NO,3,P2_RURAL,Stadtgrün;Stadtgärtnerei;Werkhof;Werkdienst;Gemeindebetriebe;Friedhof;Parks;Sportanlagen;Schulanlagen;Forst;Liegenschaften;Strassenunterhalt;Arealpflege;Winterdienst,DISCOVERY_PENDING,,TO_DISCOVER,NOT_YET_AUDITED,"Puede publicar en portal propio, ATS compartido, cantón, Job-Room o agregador público."
PUB-CH-BE-MUN-0843,MUNICIPALITY,CH,BE,Bern,843,Gemeinde/Stadt Saanen,Verwaltungskreis Obersimmental-Saanen,1,GERMAN,NO,3,P2_RURAL,Stadtgrün;Stadtgärtnerei;Werkhof;Werkdienst;Gemeindebetriebe;Friedhof;Parks;Sportanlagen;Schulanlagen;Forst;Liegenschaften;Strassenunterhalt;Arealpflege;Winterdienst,DISCOVERY_PENDING,,TO_DISCOVER,NOT_YET_AUDITED,"Puede publicar en portal propio, ATS compartido, cantón, Job-Room o agregador público."
PUB-CH-BE-MUN-0746,MUNICIPALITY,CH,BE,Bern,746,Gemeinde/Stadt Safnern,Verwaltungskreis Biel/Bienne,1,GERMAN,NO,2,P1_URBAN_OR_INTERMEDIATE,Stadtgrün;Stadtgärtnerei;Werkhof;Werkdienst;Gemeindebetriebe;Friedhof;Parks;Sportanlagen;Schulanlagen;Forst;Liegenschaften;Strassenunterhalt;Arealpflege;Winterdienst,DISCOVERY_PENDING,,TO_DISCOVER,NOT_YET_AUDITED,"Puede publicar en portal propio, ATS compartido, cantón, Job-Room o agregador público."
PUB-CH-BE-MUN-0591,MUNICIPALITY,CH,BE,Bern,591,Gemeinde/Stadt Saxeten,Verwaltungskreis Interlaken-Oberhasli,1,GERMAN,NO,3,P2_RURAL,Stadtgrün;Stadtgärtnerei;Werkhof;Werkdienst;Gemeindebetriebe;Friedhof;Parks;Sportanlagen;Schulanlagen;Forst;Liegenschaften;Strassenunterhalt;Arealpflege;Winterdienst,DISCOVERY_PENDING,,TO_DISCOVER,NOT_YET_AUDITED,"Puede publicar en portal propio, ATS compartido, cantón, Job-Room o agregador público."
PUB-CH-BE-MUN-0906,MUNICIPALITY,CH,BE,Bern,906,Gemeinde/Stadt Schangnau,Verwaltungskreis Emmental,1,GERMAN,NO,3,P2_RURAL,Stadtgrün;Stadtgärtnerei;Werkhof;Werkdienst;Gemeindebetriebe;Friedhof;Parks;Sportanlagen;Schulanlagen;Forst;Liegenschaften;Strassenunterhalt;Arealpflege;Winterdienst,DISCOVERY_PENDING,,TO_DISCOVER,NOT_YET_AUDITED,"Puede publicar en portal propio, ATS compartido, cantón, Job-Room o agregador público."
PUB-CH-BE-MUN-0786,MUNICIPALITY,CH,BE,Bern,786,Gemeinde/Stadt Schattenhalb,Verwaltungskreis Interlaken-Oberhasli,1,GERMAN,NO,3,P2_RURAL,Stadtgrün;Stadtgärtnerei;Werkhof;Werkdienst;Gemeindebetriebe;Friedhof;Parks;Sportanlagen;Schulanlagen;Forst;Liegenschaften;Strassenunterhalt;Arealpflege;Winterdienst,DISCOVERY_PENDING,,TO_DISCOVER,NOT_YET_AUDITED,"Puede publicar en portal propio, ATS compartido, cantón, Job-Room o agregador público."
PUB-CH-BE-MUN-0708,MUNICIPALITY,CH,BE,Bern,708,Gemeinde/Stadt Schelten,Arrondissement administratif Jura bernois,1,GERMAN,NO,3,P2_RURAL,Stadtgrün;Stadtgärtnerei;Werkhof;Werkdienst;Gemeindebetriebe;Friedhof;Parks;Sportanlagen;Schulanlagen;Forst;Liegenschaften;Strassenunterhalt;Arealpflege;Winterdienst,DISCOVERY_PENDING,,TO_DISCOVER,NOT_YET_AUDITED,"Puede publicar en portal propio, ATS compartido, cantón, Job-Room o agregador público."
PUB-CH-BE-MUN-0747,MUNICIPALITY,CH,BE,Bern,747,Gemeinde/Stadt Scheuren,Verwaltungskreis Biel/Bienne,1,GERMAN,NO,2,P1_URBAN_OR_INTERMEDIATE,Stadtgrün;Stadtgärtnerei;Werkhof;Werkdienst;Gemeindebetriebe;Friedhof;Parks;Sportanlagen;Schulanlagen;Forst;Liegenschaften;Strassenunterhalt;Arealpflege;Winterdienst,DISCOVERY_PENDING,,TO_DISCOVER,NOT_YET_AUDITED,"Puede publicar en portal propio, ATS compartido, cantón, Job-Room o agregador público."
PUB-CH-BE-MUN-0748,MUNICIPALITY,CH,BE,Bern,748,Gemeinde/Stadt Schwadernau,Verwaltungskreis Biel/Bienne,1,GERMAN,NO,2,P1_URBAN_OR_INTERMEDIATE,Stadtgrün;Stadtgärtnerei;Werkhof;Werkdienst;Gemeindebetriebe;Friedhof;Parks;Sportanlagen;Schulanlagen;Forst;Liegenschaften;Strassenunterhalt;Arealpflege;Winterdienst,DISCOVERY_PENDING,,TO_DISCOVER,NOT_YET_AUDITED,"Puede publicar en portal propio, ATS compartido, cantón, Job-Room o agregador público."
PUB-CH-BE-MUN-0592,MUNICIPALITY,CH,BE,Bern,592,Gemeinde/Stadt Schwanden bei Brienz,Verwaltungskreis Interlaken-Oberhasli,1,GERMAN,NO,3,P2_RURAL,Stadtgrün;Stadtgärtnerei;Werkhof;Werkdienst;Gemeindebetriebe;Friedhof;Parks;Sportanlagen;Schulanlagen;Forst;Liegenschaften;Strassenunterhalt;Arealpflege;Winterdienst,DISCOVERY_PENDING,,TO_DISCOVER,NOT_YET_AUDITED,"Puede publicar en portal propio, ATS compartido, cantón, Job-Room o agregador público."
PUB-CH-BE-MUN-0855,MUNICIPALITY,CH,BE,Bern,855,Gemeinde/Stadt Schwarzenburg,Verwaltungskreis Bern-Mittelland,1,GERMAN,NO,3,P2_RURAL,Stadtgrün;Stadtgärtnerei;Werkhof;Werkdienst;Gemeindebetriebe;Friedhof;Parks;Sportanlagen;Schulanlagen;Forst;Liegenschaften;Strassenunterhalt;Arealpflege;Winterdienst,DISCOVERY_PENDING,,TO_DISCOVER,NOT_YET_AUDITED,"Puede publicar en portal propio, ATS compartido, cantón, Job-Room o agregador público."
PUB-CH-BE-MUN-0341,MUNICIPALITY,CH,BE,Bern,341,Gemeinde/Stadt Schwarzhäusern,Verwaltungskreis Oberaargau,1,GERMAN,NO,2,P1_URBAN_OR_INTERMEDIATE,Stadtgrün;Stadtgärtnerei;Werkhof;Werkdienst;Gemeindebetriebe;Friedhof;Parks;Sportanlagen;Schulanlagen;Forst;Liegenschaften;Strassenunterhalt;Arealpflege;Winterdienst,DISCOVERY_PENDING,,TO_DISCOVER,NOT_YET_AUDITED,"Puede publicar en portal propio, ATS compartido, cantón, Job-Room o agregador público."
PUB-CH-BE-MUN-0311,MUNICIPALITY,CH,BE,Bern,311,Gemeinde/Stadt Schüpfen,Verwaltungskreis Seeland,1,GERMAN,NO,3,P2_RURAL,Stadtgrün;Stadtgärtnerei;Werkhof;Werkdienst;Gemeindebetriebe;Friedhof;Parks;Sportanlagen;Schulanlagen;Forst;Liegenschaften;Strassenunterhalt;Arealpflege;Winterdienst,DISCOVERY_PENDING,,TO_DISCOVER,NOT_YET_AUDITED,"Puede publicar en portal propio, ATS compartido, cantón, Job-Room o agregador público."
PUB-CH-BE-MUN-0988,MUNICIPALITY,CH,BE,Bern,988,Gemeinde/Stadt Seeberg,Verwaltungskreis Oberaargau,1,GERMAN,NO,3,P2_RURAL,Stadtgrün;Stadtgärtnerei;Werkhof;Werkdienst;Gemeindebetriebe;Friedhof;Parks;Sportanlagen;Schulanlagen;Forst;Liegenschaften;Strassenunterhalt;Arealpflege;Winterdienst,DISCOVERY_PENDING,,TO_DISCOVER,NOT_YET_AUDITED,"Puede publicar en portal propio, ATS compartido, cantón, Job-Room o agregador público."
PUB-CH-BE-MUN-0312,MUNICIPALITY,CH,BE,Bern,312,Gemeinde/Stadt Seedorf (BE),Verwaltungskreis Seeland,1,GERMAN,NO,3,P2_RURAL,Stadtgrün;Stadtgärtnerei;Werkhof;Werkdienst;Gemeindebetriebe;Friedhof;Parks;Sportanlagen;Schulanlagen;Forst;Liegenschaften;Strassenunterhalt;Arealpflege;Winterdienst,DISCOVERY_PENDING,,TO_DISCOVER,NOT_YET_AUDITED,"Puede publicar en portal propio, ATS compartido, cantón, Job-Room o agregador público."
PUB-CH-BE-MUN-0709,MUNICIPALITY,CH,BE,Bern,709,Gemeinde/Stadt Seehof,Arrondissement administratif Jura bernois,1,GERMAN,NO,3,P2_RURAL,Stadtgrün;Stadtgärtnerei;Werkhof;Werkdienst;Gemeindebetriebe;Friedhof;Parks;Sportanlagen;Schulanlagen;Forst;Liegenschaften;Strassenunterhalt;Arealpflege;Winterdienst,DISCOVERY_PENDING,,TO_DISCOVER,NOT_YET_AUDITED,"Puede publicar en portal propio, ATS compartido, cantón, Job-Room o agregador público."
PUB-CH-BE-MUN-0883,MUNICIPALITY,CH,BE,Bern,883,Gemeinde/Stadt Seftigen,Verwaltungskreis Thun,1,GERMAN,NO,3,P2_RURAL,Stadtgrün;Stadtgärtnerei;Werkhof;Werkdienst;Gemeindebetriebe;Friedhof;Parks;Sportanlagen;Schulanlagen;Forst;Liegenschaften;Strassenunterhalt;Arealpflege;Winterdienst,DISCOVERY_PENDING,,TO_DISCOVER,NOT_YET_AUDITED,"Puede publicar en portal propio, ATS compartido, cantón, Job-Room o agregador público."
PUB-CH-BE-MUN-0907,MUNICIPALITY,CH,BE,Bern,907,Gemeinde/Stadt Signau,Verwaltungskreis Emmental,1,GERMAN,NO,3,P2_RURAL,Stadtgrün;Stadtgärtnerei;Werkhof;Werkdienst;Gemeindebetriebe;Friedhof;Parks;Sportanlagen;Schulanlagen;Forst;Liegenschaften;Strassenunterhalt;Arealpflege;Winterdienst,DISCOVERY_PENDING,,TO_DISCOVER,NOT_YET_AUDITED,"Puede publicar en portal propio, ATS compartido, cantón, Job-Room o agregador público."
PUB-CH-BE-MUN-0938,MUNICIPALITY,CH,BE,Bern,938,Gemeinde/Stadt Sigriswil,Verwaltungskreis Thun,1,GERMAN,NO,2,P1_URBAN_OR_INTERMEDIATE,Stadtgrün;Stadtgärtnerei;Werkhof;Werkdienst;Gemeindebetriebe;Friedhof;Parks;Sportanlagen;Schulanlagen;Forst;Liegenschaften;Strassenunterhalt;Arealpflege;Winterdienst,DISCOVERY_PENDING,,TO_DISCOVER,NOT_YET_AUDITED,"Puede publicar en portal propio, ATS compartido, cantón, Job-Room o agregador público."
PUB-CH-BE-MUN-0499,MUNICIPALITY,CH,BE,Bern,499,Gemeinde/Stadt Siselen,Verwaltungskreis Seeland,1,GERMAN,NO,3,P2_RURAL,Stadtgrün;Stadtgärtnerei;Werkhof;Werkdienst;Gemeindebetriebe;Friedhof;Parks;Sportanlagen;Schulanlagen;Forst;Liegenschaften;Strassenunterhalt;Arealpflege;Winterdienst,DISCOVERY_PENDING,,TO_DISCOVER,NOT_YET_AUDITED,"Puede publicar en portal propio, ATS compartido, cantón, Job-Room o agregador público."
PUB-CH-BE-MUN-0768,MUNICIPALITY,CH,BE,Bern,768,Gemeinde/Stadt Spiez,Verwaltungskreis Frutigen-Niedersimmental,1,GERMAN,YES,2,P0_CITY,Stadtgrün;Stadtgärtnerei;Werkhof;Werkdienst;Gemeindebetriebe;Friedhof;Parks;Sportanlagen;Schulanlagen;Forst;Liegenschaften;Strassenunterhalt;Arealpflege;Winterdienst,DISCOVERY_PENDING,,TO_DISCOVER,NOT_YET_AUDITED,"Puede publicar en portal propio, ATS compartido, cantón, Job-Room o agregador público."
PUB-CH-BE-MUN-0793,MUNICIPALITY,CH,BE,Bern,793,Gemeinde/Stadt St. Stephan,Verwaltungskreis Obersimmental-Saanen,1,GERMAN,NO,3,P2_RURAL,Stadtgrün;Stadtgärtnerei;Werkhof;Werkdienst;Gemeindebetriebe;Friedhof;Parks;Sportanlagen;Schulanlagen;Forst;Liegenschaften;Strassenunterhalt;Arealpflege;Winterdienst,DISCOVERY_PENDING,,TO_DISCOVER,NOT_YET_AUDITED,"Puede publicar en portal propio, ATS compartido, cantón, Job-Room o agregador público."
PUB-CH-BE-MUN-0939,MUNICIPALITY,CH,BE,Bern,939,Gemeinde/Stadt Steffisburg,Verwaltungskreis Thun,1,GERMAN,YES,1,P0_CITY,Stadtgrün;Stadtgärtnerei;Werkhof;Werkdienst;Gemeindebetriebe;Friedhof;Parks;Sportanlagen;Schulanlagen;Forst;Liegenschaften;Strassenunterhalt;Arealpflege;Winterdienst,DISCOVERY_PENDING,,TO_DISCOVER,NOT_YET_AUDITED,"Puede publicar en portal propio, ATS compartido, cantón, Job-Room o agregador público."
PUB-CH-BE-MUN-0358,MUNICIPALITY,CH,BE,Bern,358,Gemeinde/Stadt Stettlen,Verwaltungskreis Bern-Mittelland,1,GERMAN,NO,2,P1_URBAN_OR_INTERMEDIATE,Stadtgrün;Stadtgärtnerei;Werkhof;Werkdienst;Gemeindebetriebe;Friedhof;Parks;Sportanlagen;Schulanlagen;Forst;Liegenschaften;Strassenunterhalt;Arealpflege;Winterdienst,DISCOVERY_PENDING,,TO_DISCOVER,NOT_YET_AUDITED,"Puede publicar en portal propio, ATS compartido, cantón, Job-Room o agregador público."
PUB-CH-BE-MUN-0770,MUNICIPALITY,CH,BE,Bern,770,Gemeinde/Stadt Stocken-Höfen,Verwaltungskreis Thun,1,GERMAN,NO,3,P2_RURAL,Stadtgrün;Stadtgärtnerei;Werkhof;Werkdienst;Gemeindebetriebe;Friedhof;Parks;Sportanlagen;Schulanlagen;Forst;Liegenschaften;Strassenunterhalt;Arealpflege;Winterdienst,DISCOVERY_PENDING,,TO_DISCOVER,NOT_YET_AUDITED,"Puede publicar en portal propio, ATS compartido, cantón, Job-Room o agregador público."
PUB-CH-BE-MUN-0749,MUNICIPALITY,CH,BE,Bern,749,Gemeinde/Stadt Studen (BE),Verwaltungskreis Seeland,1,GERMAN,NO,2,P1_URBAN_OR_INTERMEDIATE,Stadtgrün;Stadtgärtnerei;Werkhof;Werkdienst;Gemeindebetriebe;Friedhof;Parks;Sportanlagen;Schulanlagen;Forst;Liegenschaften;Strassenunterhalt;Arealpflege;Winterdienst,DISCOVERY_PENDING,,TO_DISCOVER,NOT_YET_AUDITED,"Puede publicar en portal propio, ATS compartido, cantón, Job-Room o agregador público."
PUB-CH-BE-MUN-0957,MUNICIPALITY,CH,BE,Bern,957,Gemeinde/Stadt Sumiswald,Verwaltungskreis Emmental,1,GERMAN,NO,3,P2_RURAL,Stadtgrün;Stadtgärtnerei;Werkhof;Werkdienst;Gemeindebetriebe;Friedhof;Parks;Sportanlagen;Schulanlagen;Forst;Liegenschaften;Strassenunterhalt;Arealpflege;Winterdienst,DISCOVERY_PENDING,,TO_DISCOVER,NOT_YET_AUDITED,"Puede publicar en portal propio, ATS compartido, cantón, Job-Room o agregador público."
PUB-CH-BE-MUN-0750,MUNICIPALITY,CH,BE,Bern,750,Gemeinde/Stadt Sutz-Lattrigen,Verwaltungskreis Biel/Bienne,1,GERMAN,NO,2,P1_URBAN_OR_INTERMEDIATE,Stadtgrün;Stadtgärtnerei;Werkhof;Werkdienst;Gemeindebetriebe;Friedhof;Parks;Sportanlagen;Schulanlagen;Forst;Liegenschaften;Strassenunterhalt;Arealpflege;Winterdienst,DISCOVERY_PENDING,,TO_DISCOVER,NOT_YET_AUDITED,"Puede publicar en portal propio, ATS compartido, cantón, Job-Room o agregador público."
PUB-CH-BE-MUN-0940,MUNICIPALITY,CH,BE,Bern,940,Gemeinde/Stadt Teuffenthal (BE),Verwaltungskreis Thun,1,GERMAN,NO,3,P2_RURAL,Stadtgrün;Stadtgärtnerei;Werkhof;Werkdienst;Gemeindebetriebe;Friedhof;Parks;Sportanlagen;Schulanlagen;Forst;Liegenschaften;Strassenunterhalt;Arealpflege;Winterdienst,DISCOVERY_PENDING,,TO_DISCOVER,NOT_YET_AUDITED,"Puede publicar en portal propio, ATS compartido, cantón, Job-Room o agregador público."
PUB-CH-BE-MUN-0941,MUNICIPALITY,CH,BE,Bern,941,Gemeinde/Stadt Thierachern,Verwaltungskreis Thun,1,GERMAN,NO,2,P1_URBAN_OR_INTERMEDIATE,Stadtgrün;Stadtgärtnerei;Werkhof;Werkdienst;Gemeindebetriebe;Friedhof;Parks;Sportanlagen;Schulanlagen;Forst;Liegenschaften;Strassenunterhalt;Arealpflege;Winterdienst,DISCOVERY_PENDING,,TO_DISCOVER,NOT_YET_AUDITED,"Puede publicar en portal propio, ATS compartido, cantón, Job-Room o agregador público."
PUB-CH-BE-MUN-0942,MUNICIPALITY,CH,BE,Bern,942,Gemeinde/Stadt Thun,Verwaltungskreis Thun,1,GERMAN,YES,1,P0_CITY,Stadtgrün;Stadtgärtnerei;Werkhof;Werkdienst;Gemeindebetriebe;Friedhof;Parks;Sportanlagen;Schulanlagen;Forst;Liegenschaften;Strassenunterhalt;Arealpflege;Winterdienst,DISCOVERY_PENDING,,TO_DISCOVER,NOT_YET_AUDITED,"Puede publicar en portal propio, ATS compartido, cantón, Job-Room o agregador público."
PUB-CH-BE-MUN-0342,MUNICIPALITY,CH,BE,Bern,342,Gemeinde/Stadt Thunstetten,Verwaltungskreis Oberaargau,1,GERMAN,NO,2,P1_URBAN_OR_INTERMEDIATE,Stadtgrün;Stadtgärtnerei;Werkhof;Werkdienst;Gemeindebetriebe;Friedhof;Parks;Sportanlagen;Schulanlagen;Forst;Liegenschaften;Strassenunterhalt;Arealpflege;Winterdienst,DISCOVERY_PENDING,,TO_DISCOVER,NOT_YET_AUDITED,"Puede publicar en portal propio, ATS compartido, cantón, Job-Room o agregador público."
PUB-CH-BE-MUN-0889,MUNICIPALITY,CH,BE,Bern,889,Gemeinde/Stadt Thurnen,Verwaltungskreis Bern-Mittelland,1,GERMAN,NO,3,P2_RURAL,Stadtgrün;Stadtgärtnerei;Werkhof;Werkdienst;Gemeindebetriebe;Friedhof;Parks;Sportanlagen;Schulanlagen;Forst;Liegenschaften;Strassenunterhalt;Arealpflege;Winterdienst,DISCOVERY_PENDING,,TO_DISCOVER,NOT_YET_AUDITED,"Puede publicar en portal propio, ATS compartido, cantón, Job-Room o agregador público."
PUB-CH-BE-MUN-0989,MUNICIPALITY,CH,BE,Bern,989,Gemeinde/Stadt Thörigen,Verwaltungskreis Oberaargau,1,GERMAN,NO,2,P1_URBAN_OR_INTERMEDIATE,Stadtgrün;Stadtgärtnerei;Werkhof;Werkdienst;Gemeindebetriebe;Friedhof;Parks;Sportanlagen;Schulanlagen;Forst;Liegenschaften;Strassenunterhalt;Arealpflege;Winterdienst,DISCOVERY_PENDING,,TO_DISCOVER,NOT_YET_AUDITED,"Puede publicar en portal propio, ATS compartido, cantón, Job-Room o agregador público."
PUB-CH-BE-MUN-0884,MUNICIPALITY,CH,BE,Bern,884,Gemeinde/Stadt Toffen,Verwaltungskreis Bern-Mittelland,1,GERMAN,NO,2,P1_URBAN_OR_INTERMEDIATE,Stadtgrün;Stadtgärtnerei;Werkhof;Werkdienst;Gemeindebetriebe;Friedhof;Parks;Sportanlagen;Schulanlagen;Forst;Liegenschaften;Strassenunterhalt;Arealpflege;Winterdienst,DISCOVERY_PENDING,,TO_DISCOVER,NOT_YET_AUDITED,"Puede publicar en portal propio, ATS compartido, cantón, Job-Room o agregador público."
PUB-CH-BE-MUN-0958,MUNICIPALITY,CH,BE,Bern,958,Gemeinde/Stadt Trachselwald,Verwaltungskreis Emmental,1,GERMAN,NO,3,P2_RURAL,Stadtgrün;Stadtgärtnerei;Werkhof;Werkdienst;Gemeindebetriebe;Friedhof;Parks;Sportanlagen;Schulanlagen;Forst;Liegenschaften;Strassenunterhalt;Arealpflege;Winterdienst,DISCOVERY_PENDING,,TO_DISCOVER,NOT_YET_AUDITED,"Puede publicar en portal propio, ATS compartido, cantón, Job-Room o agregador público."
PUB-CH-BE-MUN-0500,MUNICIPALITY,CH,BE,Bern,500,Gemeinde/Stadt Treiten,Verwaltungskreis Seeland,1,GERMAN,NO,3,P2_RURAL,Stadtgrün;Stadtgärtnerei;Werkhof;Werkdienst;Gemeindebetriebe;Friedhof;Parks;Sportanlagen;Schulanlagen;Forst;Liegenschaften;Strassenunterhalt;Arealpflege;Winterdienst,DISCOVERY_PENDING,,TO_DISCOVER,NOT_YET_AUDITED,"Puede publicar en portal propio, ATS compartido, cantón, Job-Room o agregador público."
PUB-CH-BE-MUN-0908,MUNICIPALITY,CH,BE,Bern,908,Gemeinde/Stadt Trub,Verwaltungskreis Emmental,1,GERMAN,NO,3,P2_RURAL,Stadtgrün;Stadtgärtnerei;Werkhof;Werkdienst;Gemeindebetriebe;Friedhof;Parks;Sportanlagen;Schulanlagen;Forst;Liegenschaften;Strassenunterhalt;Arealpflege;Winterdienst,DISCOVERY_PENDING,,TO_DISCOVER,NOT_YET_AUDITED,"Puede publicar en portal propio, ATS compartido, cantón, Job-Room o agregador público."
PUB-CH-BE-MUN-0909,MUNICIPALITY,CH,BE,Bern,909,Gemeinde/Stadt Trubschachen,Verwaltungskreis Emmental,1,GERMAN,NO,3,P2_RURAL,Stadtgrün;Stadtgärtnerei;Werkhof;Werkdienst;Gemeindebetriebe;Friedhof;Parks;Sportanlagen;Schulanlagen;Forst;Liegenschaften;Strassenunterhalt;Arealpflege;Winterdienst,DISCOVERY_PENDING,,TO_DISCOVER,NOT_YET_AUDITED,"Puede publicar en portal propio, ATS compartido, cantón, Job-Room o agregador público."
PUB-CH-BE-MUN-0501,MUNICIPALITY,CH,BE,Bern,501,Gemeinde/Stadt Tschugg,Verwaltungskreis Seeland,1,GERMAN,NO,3,P2_RURAL,Stadtgrün;Stadtgärtnerei;Werkhof;Werkdienst;Gemeindebetriebe;Friedhof;Parks;Sportanlagen;Schulanlagen;Forst;Liegenschaften;Strassenunterhalt;Arealpflege;Winterdienst,DISCOVERY_PENDING,,TO_DISCOVER,NOT_YET_AUDITED,"Puede publicar en portal propio, ATS compartido, cantón, Job-Room o agregador público."
PUB-CH-BE-MUN-0756,MUNICIPALITY,CH,BE,Bern,756,Gemeinde/Stadt Twann-Tüscherz,Verwaltungskreis Biel/Bienne,1,GERMAN,NO,3,P2_RURAL,Stadtgrün;Stadtgärtnerei;Werkhof;Werkdienst;Gemeindebetriebe;Friedhof;Parks;Sportanlagen;Schulanlagen;Forst;Liegenschaften;Strassenunterhalt;Arealpflege;Winterdienst,DISCOVERY_PENDING,,TO_DISCOVER,NOT_YET_AUDITED,"Puede publicar en portal propio, ATS compartido, cantón, Job-Room o agregador público."
PUB-CH-BE-MUN-0751,MUNICIPALITY,CH,BE,Bern,751,Gemeinde/Stadt Täuffelen,Verwaltungskreis Seeland,1,GERMAN,NO,2,P1_URBAN_OR_INTERMEDIATE,Stadtgrün;Stadtgärtnerei;Werkhof;Werkdienst;Gemeindebetriebe;Friedhof;Parks;Sportanlagen;Schulanlagen;Forst;Liegenschaften;Strassenunterhalt;Arealpflege;Winterdienst,DISCOVERY_PENDING,,TO_DISCOVER,NOT_YET_AUDITED,"Puede publicar en portal propio, ATS compartido, cantón, Job-Room o agregador público."
PUB-CH-BE-MUN-0943,MUNICIPALITY,CH,BE,Bern,943,Gemeinde/Stadt Uebeschi,Verwaltungskreis Thun,1,GERMAN,NO,3,P2_RURAL,Stadtgrün;Stadtgärtnerei;Werkhof;Werkdienst;Gemeindebetriebe;Friedhof;Parks;Sportanlagen;Schulanlagen;Forst;Liegenschaften;Strassenunterhalt;Arealpflege;Winterdienst,DISCOVERY_PENDING,,TO_DISCOVER,NOT_YET_AUDITED,"Puede publicar en portal propio, ATS compartido, cantón, Job-Room o agregador público."
PUB-CH-BE-MUN-0944,MUNICIPALITY,CH,BE,Bern,944,Gemeinde/Stadt Uetendorf,Verwaltungskreis Thun,1,GERMAN,NO,2,P1_URBAN_OR_INTERMEDIATE,Stadtgrün;Stadtgärtnerei;Werkhof;Werkdienst;Gemeindebetriebe;Friedhof;Parks;Sportanlagen;Schulanlagen;Forst;Liegenschaften;Strassenunterhalt;Arealpflege;Winterdienst,DISCOVERY_PENDING,,TO_DISCOVER,NOT_YET_AUDITED,"Puede publicar en portal propio, ATS compartido, cantón, Job-Room o agregador público."
PUB-CH-BE-MUN-0945,MUNICIPALITY,CH,BE,Bern,945,Gemeinde/Stadt Unterlangenegg,Verwaltungskreis Thun,1,GERMAN,NO,3,P2_RURAL,Stadtgrün;Stadtgärtnerei;Werkhof;Werkdienst;Gemeindebetriebe;Friedhof;Parks;Sportanlagen;Schulanlagen;Forst;Liegenschaften;Strassenunterhalt;Arealpflege;Winterdienst,DISCOVERY_PENDING,,TO_DISCOVER,NOT_YET_AUDITED,"Puede publicar en portal propio, ATS compartido, cantón, Job-Room o agregador público."
PUB-CH-BE-MUN-0593,MUNICIPALITY,CH,BE,Bern,593,Gemeinde/Stadt Unterseen,Verwaltungskreis Interlaken-Oberhasli,1,GERMAN,NO,2,P1_URBAN_OR_INTERMEDIATE,Stadtgrün;Stadtgärtnerei;Werkhof;Werkdienst;Gemeindebetriebe;Friedhof;Parks;Sportanlagen;Schulanlagen;Forst;Liegenschaften;Strassenunterhalt;Arealpflege;Winterdienst,DISCOVERY_PENDING,,TO_DISCOVER,NOT_YET_AUDITED,"Puede publicar en portal propio, ATS compartido, cantón, Job-Room o agregador público."
PUB-CH-BE-MUN-0344,MUNICIPALITY,CH,BE,Bern,344,Gemeinde/Stadt Ursenbach,Verwaltungskreis Oberaargau,1,GERMAN,NO,3,P2_RURAL,Stadtgrün;Stadtgärtnerei;Werkhof;Werkdienst;Gemeindebetriebe;Friedhof;Parks;Sportanlagen;Schulanlagen;Forst;Liegenschaften;Strassenunterhalt;Arealpflege;Winterdienst,DISCOVERY_PENDING,,TO_DISCOVER,NOT_YET_AUDITED,"Puede publicar en portal propio, ATS compartido, cantón, Job-Room o agregador público."
PUB-CH-BE-MUN-0551,MUNICIPALITY,CH,BE,Bern,551,Gemeinde/Stadt Urtenen-Schönbühl,Verwaltungskreis Bern-Mittelland,1,GERMAN,NO,2,P1_URBAN_OR_INTERMEDIATE,Stadtgrün;Stadtgärtnerei;Werkhof;Werkdienst;Gemeindebetriebe;Friedhof;Parks;Sportanlagen;Schulanlagen;Forst;Liegenschaften;Strassenunterhalt;Arealpflege;Winterdienst,DISCOVERY_PENDING,,TO_DISCOVER,NOT_YET_AUDITED,"Puede publicar en portal propio, ATS compartido, cantón, Job-Room o agregador público."
PUB-CH-BE-MUN-0885,MUNICIPALITY,CH,BE,Bern,885,Gemeinde/Stadt Uttigen,Verwaltungskreis Thun,1,GERMAN,NO,2,P1_URBAN_OR_INTERMEDIATE,Stadtgrün;Stadtgärtnerei;Werkhof;Werkdienst;Gemeindebetriebe;Friedhof;Parks;Sportanlagen;Schulanlagen;Forst;Liegenschaften;Strassenunterhalt;Arealpflege;Winterdienst,DISCOVERY_PENDING,,TO_DISCOVER,NOT_YET_AUDITED,"Puede publicar en portal propio, ATS compartido, cantón, Job-Room o agregador público."
PUB-CH-BE-MUN-0552,MUNICIPALITY,CH,BE,Bern,552,Gemeinde/Stadt Utzenstorf,Verwaltungskreis Emmental,1,GERMAN,NO,2,P1_URBAN_OR_INTERMEDIATE,Stadtgrün;Stadtgärtnerei;Werkhof;Werkdienst;Gemeindebetriebe;Friedhof;Parks;Sportanlagen;Schulanlagen;Forst;Liegenschaften;Strassenunterhalt;Arealpflege;Winterdienst,DISCOVERY_PENDING,,TO_DISCOVER,NOT_YET_AUDITED,"Puede publicar en portal propio, ATS compartido, cantón, Job-Room o agregador público."
PUB-CH-BE-MUN-0359,MUNICIPALITY,CH,BE,Bern,359,Gemeinde/Stadt Vechigen,Verwaltungskreis Bern-Mittelland,1,GERMAN,NO,2,P1_URBAN_OR_INTERMEDIATE,Stadtgrün;Stadtgärtnerei;Werkhof;Werkdienst;Gemeindebetriebe;Friedhof;Parks;Sportanlagen;Schulanlagen;Forst;Liegenschaften;Strassenunterhalt;Arealpflege;Winterdienst,DISCOVERY_PENDING,,TO_DISCOVER,NOT_YET_AUDITED,"Puede publicar en portal propio, ATS compartido, cantón, Job-Room o agregador público."
PUB-CH-BE-MUN-0502,MUNICIPALITY,CH,BE,Bern,502,Gemeinde/Stadt Vinelz,Verwaltungskreis Seeland,1,GERMAN,NO,2,P1_URBAN_OR_INTERMEDIATE,Stadtgrün;Stadtgärtnerei;Werkhof;Werkdienst;Gemeindebetriebe;Friedhof;Parks;Sportanlagen;Schulanlagen;Forst;Liegenschaften;Strassenunterhalt;Arealpflege;Winterdienst,DISCOVERY_PENDING,,TO_DISCOVER,NOT_YET_AUDITED,"Puede publicar en portal propio, ATS compartido, cantón, Job-Room o agregador público."
PUB-CH-BE-MUN-0946,MUNICIPALITY,CH,BE,Bern,946,Gemeinde/Stadt Wachseldorn,Verwaltungskreis Thun,1,GERMAN,NO,3,P2_RURAL,Stadtgrün;Stadtgärtnerei;Werkhof;Werkdienst;Gemeindebetriebe;Friedhof;Parks;Sportanlagen;Schulanlagen;Forst;Liegenschaften;Strassenunterhalt;Arealpflege;Winterdienst,DISCOVERY_PENDING,,TO_DISCOVER,NOT_YET_AUDITED,"Puede publicar en portal propio, ATS compartido, cantón, Job-Room o agregador público."
PUB-CH-BE-MUN-0888,MUNICIPALITY,CH,BE,Bern,888,Gemeinde/Stadt Wald (BE),Verwaltungskreis Bern-Mittelland,1,GERMAN,NO,3,P2_RURAL,Stadtgrün;Stadtgärtnerei;Werkhof;Werkdienst;Gemeindebetriebe;Friedhof;Parks;Sportanlagen;Schulanlagen;Forst;Liegenschaften;Strassenunterhalt;Arealpflege;Winterdienst,DISCOVERY_PENDING,,TO_DISCOVER,NOT_YET_AUDITED,"Puede publicar en portal propio, ATS compartido, cantón, Job-Room o agregador público."
PUB-CH-BE-MUN-0626,MUNICIPALITY,CH,BE,Bern,626,Gemeinde/Stadt Walkringen,Verwaltungskreis Bern-Mittelland,1,GERMAN,NO,3,P2_RURAL,Stadtgrün;Stadtgärtnerei;Werkhof;Werkdienst;Gemeindebetriebe;Friedhof;Parks;Sportanlagen;Schulanlagen;Forst;Liegenschaften;Strassenunterhalt;Arealpflege;Winterdienst,DISCOVERY_PENDING,,TO_DISCOVER,NOT_YET_AUDITED,"Puede publicar en portal propio, ATS compartido, cantón, Job-Room o agregador público."
PUB-CH-BE-MUN-0990,MUNICIPALITY,CH,BE,Bern,990,Gemeinde/Stadt Walliswil bei Niederbipp,Verwaltungskreis Oberaargau,1,GERMAN,NO,3,P2_RURAL,Stadtgrün;Stadtgärtnerei;Werkhof;Werkdienst;Gemeindebetriebe;Friedhof;Parks;Sportanlagen;Schulanlagen;Forst;Liegenschaften;Strassenunterhalt;Arealpflege;Winterdienst,DISCOVERY_PENDING,,TO_DISCOVER,NOT_YET_AUDITED,"Puede publicar en portal propio, ATS compartido, cantón, Job-Room o agregador público."
PUB-CH-BE-MUN-0991,MUNICIPALITY,CH,BE,Bern,991,Gemeinde/Stadt Walliswil bei Wangen,Verwaltungskreis Oberaargau,1,GERMAN,NO,3,P2_RURAL,Stadtgrün;Stadtgärtnerei;Werkhof;Werkdienst;Gemeindebetriebe;Friedhof;Parks;Sportanlagen;Schulanlagen;Forst;Liegenschaften;Strassenunterhalt;Arealpflege;Winterdienst,DISCOVERY_PENDING,,TO_DISCOVER,NOT_YET_AUDITED,"Puede publicar en portal propio, ATS compartido, cantón, Job-Room o agregador público."
PUB-CH-BE-MUN-0754,MUNICIPALITY,CH,BE,Bern,754,Gemeinde/Stadt Walperswil,Verwaltungskreis Seeland,1,GERMAN,NO,3,P2_RURAL,Stadtgrün;Stadtgärtnerei;Werkhof;Werkdienst;Gemeindebetriebe;Friedhof;Parks;Sportanlagen;Schulanlagen;Forst;Liegenschaften;Strassenunterhalt;Arealpflege;Winterdienst,DISCOVERY_PENDING,,TO_DISCOVER,NOT_YET_AUDITED,"Puede publicar en portal propio, ATS compartido, cantón, Job-Room o agregador público."
PUB-CH-BE-MUN-0959,MUNICIPALITY,CH,BE,Bern,959,Gemeinde/Stadt Walterswil (BE),Verwaltungskreis Oberaargau,1,GERMAN,NO,3,P2_RURAL,Stadtgrün;Stadtgärtnerei;Werkhof;Werkdienst;Gemeindebetriebe;Friedhof;Parks;Sportanlagen;Schulanlagen;Forst;Liegenschaften;Strassenunterhalt;Arealpflege;Winterdienst,DISCOVERY_PENDING,,TO_DISCOVER,NOT_YET_AUDITED,"Puede publicar en portal propio, ATS compartido, cantón, Job-Room o agregador público."
PUB-CH-BE-MUN-0992,MUNICIPALITY,CH,BE,Bern,992,Gemeinde/Stadt Wangen an der Aare,Verwaltungskreis Oberaargau,1,GERMAN,NO,2,P1_URBAN_OR_INTERMEDIATE,Stadtgrün;Stadtgärtnerei;Werkhof;Werkdienst;Gemeindebetriebe;Friedhof;Parks;Sportanlagen;Schulanlagen;Forst;Liegenschaften;Strassenunterhalt;Arealpflege;Winterdienst,DISCOVERY_PENDING,,TO_DISCOVER,NOT_YET_AUDITED,"Puede publicar en portal propio, ATS compartido, cantón, Job-Room o agregador público."
PUB-CH-BE-MUN-0886,MUNICIPALITY,CH,BE,Bern,886,Gemeinde/Stadt Wattenwil,Verwaltungskreis Thun,1,GERMAN,NO,3,P2_RURAL,Stadtgrün;Stadtgärtnerei;Werkhof;Werkdienst;Gemeindebetriebe;Friedhof;Parks;Sportanlagen;Schulanlagen;Forst;Liegenschaften;Strassenunterhalt;Arealpflege;Winterdienst,DISCOVERY_PENDING,,TO_DISCOVER,NOT_YET_AUDITED,"Puede publicar en portal propio, ATS compartido, cantón, Job-Room o agregador público."
PUB-CH-BE-MUN-0394,MUNICIPALITY,CH,BE,Bern,394,Gemeinde/Stadt Wengi,Verwaltungskreis Seeland,1,GERMAN,NO,3,P2_RURAL,Stadtgrün;Stadtgärtnerei;Werkhof;Werkdienst;Gemeindebetriebe;Friedhof;Parks;Sportanlagen;Schulanlagen;Forst;Liegenschaften;Strassenunterhalt;Arealpflege;Winterdienst,DISCOVERY_PENDING,,TO_DISCOVER,NOT_YET_AUDITED,"Puede publicar en portal propio, ATS compartido, cantón, Job-Room o agregador público."
PUB-CH-BE-MUN-0632,MUNICIPALITY,CH,BE,Bern,632,Gemeinde/Stadt Wichtrach,Verwaltungskreis Bern-Mittelland,1,GERMAN,NO,2,P1_URBAN_OR_INTERMEDIATE,Stadtgrün;Stadtgärtnerei;Werkhof;Werkdienst;Gemeindebetriebe;Friedhof;Parks;Sportanlagen;Schulanlagen;Forst;Liegenschaften;Strassenunterhalt;Arealpflege;Winterdienst,DISCOVERY_PENDING,,TO_DISCOVER,NOT_YET_AUDITED,"Puede publicar en portal propio, ATS compartido, cantón, Job-Room o agregador público."
PUB-CH-BE-MUN-0995,MUNICIPALITY,CH,BE,Bern,995,Gemeinde/Stadt Wiedlisbach,Verwaltungskreis Oberaargau,1,GERMAN,NO,2,P1_URBAN_OR_INTERMEDIATE,Stadtgrün;Stadtgärtnerei;Werkhof;Werkdienst;Gemeindebetriebe;Friedhof;Parks;Sportanlagen;Schulanlagen;Forst;Liegenschaften;Strassenunterhalt;Arealpflege;Winterdienst,DISCOVERY_PENDING,,TO_DISCOVER,NOT_YET_AUDITED,"Puede publicar en portal propio, ATS compartido, cantón, Job-Room o agregador público."
PUB-CH-BE-MUN-0553,MUNICIPALITY,CH,BE,Bern,553,Gemeinde/Stadt Wiggiswil,Verwaltungskreis Bern-Mittelland,1,GERMAN,NO,3,P2_RURAL,Stadtgrün;Stadtgärtnerei;Werkhof;Werkdienst;Gemeindebetriebe;Friedhof;Parks;Sportanlagen;Schulanlagen;Forst;Liegenschaften;Strassenunterhalt;Arealpflege;Winterdienst,DISCOVERY_PENDING,,TO_DISCOVER,NOT_YET_AUDITED,"Puede publicar en portal propio, ATS compartido, cantón, Job-Room o agregador público."
PUB-CH-BE-MUN-0594,MUNICIPALITY,CH,BE,Bern,594,Gemeinde/Stadt Wilderswil,Verwaltungskreis Interlaken-Oberhasli,1,GERMAN,NO,2,P1_URBAN_OR_INTERMEDIATE,Stadtgrün;Stadtgärtnerei;Werkhof;Werkdienst;Gemeindebetriebe;Friedhof;Parks;Sportanlagen;Schulanlagen;Forst;Liegenschaften;Strassenunterhalt;Arealpflege;Winterdienst,DISCOVERY_PENDING,,TO_DISCOVER,NOT_YET_AUDITED,"Puede publicar en portal propio, ATS compartido, cantón, Job-Room o agregador público."
PUB-CH-BE-MUN-0554,MUNICIPALITY,CH,BE,Bern,554,Gemeinde/Stadt Wiler bei Utzenstorf,Verwaltungskreis Emmental,1,GERMAN,NO,2,P1_URBAN_OR_INTERMEDIATE,Stadtgrün;Stadtgärtnerei;Werkhof;Werkdienst;Gemeindebetriebe;Friedhof;Parks;Sportanlagen;Schulanlagen;Forst;Liegenschaften;Strassenunterhalt;Arealpflege;Winterdienst,DISCOVERY_PENDING,,TO_DISCOVER,NOT_YET_AUDITED,"Puede publicar en portal propio, ATS compartido, cantón, Job-Room o agregador público."
PUB-CH-BE-MUN-0671,MUNICIPALITY,CH,BE,Bern,671,Gemeinde/Stadt Wileroltigen,Verwaltungskreis Bern-Mittelland,1,GERMAN,NO,3,P2_RURAL,Stadtgrün;Stadtgärtnerei;Werkhof;Werkdienst;Gemeindebetriebe;Friedhof;Parks;Sportanlagen;Schulanlagen;Forst;Liegenschaften;Strassenunterhalt;Arealpflege;Winterdienst,DISCOVERY_PENDING,,TO_DISCOVER,NOT_YET_AUDITED,"Puede publicar en portal propio, ATS compartido, cantón, Job-Room o agregador público."
PUB-CH-BE-MUN-0423,MUNICIPALITY,CH,BE,Bern,423,Gemeinde/Stadt Willadingen,Verwaltungskreis Emmental,1,GERMAN,NO,3,P2_RURAL,Stadtgrün;Stadtgärtnerei;Werkhof;Werkdienst;Gemeindebetriebe;Friedhof;Parks;Sportanlagen;Schulanlagen;Forst;Liegenschaften;Strassenunterhalt;Arealpflege;Winterdienst,DISCOVERY_PENDING,,TO_DISCOVER,NOT_YET_AUDITED,"Puede publicar en portal propio, ATS compartido, cantón, Job-Room o agregador público."
PUB-CH-BE-MUN-0769,MUNICIPALITY,CH,BE,Bern,769,Gemeinde/Stadt Wimmis,Verwaltungskreis Frutigen-Niedersimmental,1,GERMAN,NO,3,P2_RURAL,Stadtgrün;Stadtgärtnerei;Werkhof;Werkdienst;Gemeindebetriebe;Friedhof;Parks;Sportanlagen;Schulanlagen;Forst;Liegenschaften;Strassenunterhalt;Arealpflege;Winterdienst,DISCOVERY_PENDING,,TO_DISCOVER,NOT_YET_AUDITED,"Puede publicar en portal propio, ATS compartido, cantón, Job-Room o agregador público."
PUB-CH-BE-MUN-0360,MUNICIPALITY,CH,BE,Bern,360,Gemeinde/Stadt Wohlen bei Bern,Verwaltungskreis Bern-Mittelland,1,GERMAN,NO,2,P1_URBAN_OR_INTERMEDIATE,Stadtgrün;Stadtgärtnerei;Werkhof;Werkdienst;Gemeindebetriebe;Friedhof;Parks;Sportanlagen;Schulanlagen;Forst;Liegenschaften;Strassenunterhalt;Arealpflege;Winterdienst,DISCOVERY_PENDING,,TO_DISCOVER,NOT_YET_AUDITED,"Puede publicar en portal propio, ATS compartido, cantón, Job-Room o agregador público."
PUB-CH-BE-MUN-0627,MUNICIPALITY,CH,BE,Bern,627,Gemeinde/Stadt Worb,Verwaltungskreis Bern-Mittelland,1,GERMAN,NO,2,P1_URBAN_OR_INTERMEDIATE,Stadtgrün;Stadtgärtnerei;Werkhof;Werkdienst;Gemeindebetriebe;Friedhof;Parks;Sportanlagen;Schulanlagen;Forst;Liegenschaften;Strassenunterhalt;Arealpflege;Winterdienst,DISCOVERY_PENDING,,TO_DISCOVER,NOT_YET_AUDITED,"Puede publicar en portal propio, ATS compartido, cantón, Job-Room o agregador público."
PUB-CH-BE-MUN-0755,MUNICIPALITY,CH,BE,Bern,755,Gemeinde/Stadt Worben,Verwaltungskreis Seeland,1,GERMAN,NO,2,P1_URBAN_OR_INTERMEDIATE,Stadtgrün;Stadtgärtnerei;Werkhof;Werkdienst;Gemeindebetriebe;Friedhof;Parks;Sportanlagen;Schulanlagen;Forst;Liegenschaften;Strassenunterhalt;Arealpflege;Winterdienst,DISCOVERY_PENDING,,TO_DISCOVER,NOT_YET_AUDITED,"Puede publicar en portal propio, ATS compartido, cantón, Job-Room o agregador público."
PUB-CH-BE-MUN-0345,MUNICIPALITY,CH,BE,Bern,345,Gemeinde/Stadt Wynau,Verwaltungskreis Oberaargau,1,GERMAN,NO,2,P1_URBAN_OR_INTERMEDIATE,Stadtgrün;Stadtgärtnerei;Werkhof;Werkdienst;Gemeindebetriebe;Friedhof;Parks;Sportanlagen;Schulanlagen;Forst;Liegenschaften;Strassenunterhalt;Arealpflege;Winterdienst,DISCOVERY_PENDING,,TO_DISCOVER,NOT_YET_AUDITED,"Puede publicar en portal propio, ATS compartido, cantón, Job-Room o agregador público."
PUB-CH-BE-MUN-0424,MUNICIPALITY,CH,BE,Bern,424,Gemeinde/Stadt Wynigen,Verwaltungskreis Emmental,1,GERMAN,NO,3,P2_RURAL,Stadtgrün;Stadtgärtnerei;Werkhof;Werkdienst;Gemeindebetriebe;Friedhof;Parks;Sportanlagen;Schulanlagen;Forst;Liegenschaften;Strassenunterhalt;Arealpflege;Winterdienst,DISCOVERY_PENDING,,TO_DISCOVER,NOT_YET_AUDITED,"Puede publicar en portal propio, ATS compartido, cantón, Job-Room o agregador público."
PUB-CH-BE-MUN-0960,MUNICIPALITY,CH,BE,Bern,960,Gemeinde/Stadt Wyssachen,Verwaltungskreis Oberaargau,1,GERMAN,NO,3,P2_RURAL,Stadtgrün;Stadtgärtnerei;Werkhof;Werkdienst;Gemeindebetriebe;Friedhof;Parks;Sportanlagen;Schulanlagen;Forst;Liegenschaften;Strassenunterhalt;Arealpflege;Winterdienst,DISCOVERY_PENDING,,TO_DISCOVER,NOT_YET_AUDITED,"Puede publicar en portal propio, ATS compartido, cantón, Job-Room o agregador público."
PUB-CH-BE-MUN-0556,MUNICIPALITY,CH,BE,Bern,556,Gemeinde/Stadt Zielebach,Verwaltungskreis Emmental,1,GERMAN,NO,2,P1_URBAN_OR_INTERMEDIATE,Stadtgrün;Stadtgärtnerei;Werkhof;Werkdienst;Gemeindebetriebe;Friedhof;Parks;Sportanlagen;Schulanlagen;Forst;Liegenschaften;Strassenunterhalt;Arealpflege;Winterdienst,DISCOVERY_PENDING,,TO_DISCOVER,NOT_YET_AUDITED,"Puede publicar en portal propio, ATS compartido, cantón, Job-Room o agregador público."
PUB-CH-BE-MUN-0361,MUNICIPALITY,CH,BE,Bern,361,Gemeinde/Stadt Zollikofen,Verwaltungskreis Bern-Mittelland,1,GERMAN,YES,2,P0_CITY,Stadtgrün;Stadtgärtnerei;Werkhof;Werkdienst;Gemeindebetriebe;Friedhof;Parks;Sportanlagen;Schulanlagen;Forst;Liegenschaften;Strassenunterhalt;Arealpflege;Winterdienst,DISCOVERY_PENDING,,TO_DISCOVER,NOT_YET_AUDITED,"Puede publicar en portal propio, ATS compartido, cantón, Job-Room o agregador público."
PUB-CH-BE-MUN-0557,MUNICIPALITY,CH,BE,Bern,557,Gemeinde/Stadt Zuzwil (BE),Verwaltungskreis Bern-Mittelland,1,GERMAN,NO,3,P2_RURAL,Stadtgrün;Stadtgärtnerei;Werkhof;Werkdienst;Gemeindebetriebe;Friedhof;Parks;Sportanlagen;Schulanlagen;Forst;Liegenschaften;Strassenunterhalt;Arealpflege;Winterdienst,DISCOVERY_PENDING,,TO_DISCOVER,NOT_YET_AUDITED,"Puede publicar en portal propio, ATS compartido, cantón, Job-Room o agregador público."
PUB-CH-BE-MUN-0794,MUNICIPALITY,CH,BE,Bern,794,Gemeinde/Stadt Zweisimmen,Verwaltungskreis Obersimmental-Saanen,1,GERMAN,NO,3,P2_RURAL,Stadtgrün;Stadtgärtnerei;Werkhof;Werkdienst;Gemeindebetriebe;Friedhof;Parks;Sportanlagen;Schulanlagen;Forst;Liegenschaften;Strassenunterhalt;Arealpflege;Winterdienst,DISCOVERY_PENDING,,TO_DISCOVER,NOT_YET_AUDITED,"Puede publicar en portal propio, ATS compartido, cantón, Job-Room o agregador público."
PUB-CH-BE-MUN-0628,MUNICIPALITY,CH,BE,Bern,628,Gemeinde/Stadt Zäziwil,Verwaltungskreis Bern-Mittelland,1,GERMAN,NO,2,P1_URBAN_OR_INTERMEDIATE,Stadtgrün;Stadtgärtnerei;Werkhof;Werkdienst;Gemeindebetriebe;Friedhof;Parks;Sportanlagen;Schulanlagen;Forst;Liegenschaften;Strassenunterhalt;Arealpflege;Winterdienst,DISCOVERY_PENDING,,TO_DISCOVER,NOT_YET_AUDITED,"Puede publicar en portal propio, ATS compartido, cantón, Job-Room o agregador público."
PUB-CH-BL-MUN-2761,MUNICIPALITY,CH,BL,Basel-Landschaft,2761,Gemeinde/Stadt Aesch (BL),Bezirk Arlesheim,1,GERMAN,YES,1,P0_CITY,Stadtgrün;Stadtgärtnerei;Werkhof;Werkdienst;Gemeindebetriebe;Friedhof;Parks;Sportanlagen;Schulanlagen;Forst;Liegenschaften;Strassenunterhalt;Arealpflege;Winterdienst,DISCOVERY_PENDING,,TO_DISCOVER,NOT_YET_AUDITED,"Puede publicar en portal propio, ATS compartido, cantón, Job-Room o agregador público."
PUB-CH-BL-MUN-2762,MUNICIPALITY,CH,BL,Basel-Landschaft,2762,Gemeinde/Stadt Allschwil,Bezirk Arlesheim,1,GERMAN,YES,1,P0_CITY,Stadtgrün;Stadtgärtnerei;Werkhof;Werkdienst;Gemeindebetriebe;Friedhof;Parks;Sportanlagen;Schulanlagen;Forst;Liegenschaften;Strassenunterhalt;Arealpflege;Winterdienst,DISCOVERY_PENDING,,TO_DISCOVER,NOT_YET_AUDITED,"Puede publicar en portal propio, ATS compartido, cantón, Job-Room o agregador público."
PUB-CH-BL-MUN-2841,MUNICIPALITY,CH,BL,Basel-Landschaft,2841,Gemeinde/Stadt Anwil,Bezirk Sissach,1,GERMAN,NO,3,P2_RURAL,Stadtgrün;Stadtgärtnerei;Werkhof;Werkdienst;Gemeindebetriebe;Friedhof;Parks;Sportanlagen;Schulanlagen;Forst;Liegenschaften;Strassenunterhalt;Arealpflege;Winterdienst,DISCOVERY_PENDING,,TO_DISCOVER,NOT_YET_AUDITED,"Puede publicar en portal propio, ATS compartido, cantón, Job-Room o agregador público."
PUB-CH-BL-MUN-2881,MUNICIPALITY,CH,BL,Basel-Landschaft,2881,Gemeinde/Stadt Arboldswil,Bezirk Waldenburg,1,GERMAN,NO,3,P2_RURAL,Stadtgrün;Stadtgärtnerei;Werkhof;Werkdienst;Gemeindebetriebe;Friedhof;Parks;Sportanlagen;Schulanlagen;Forst;Liegenschaften;Strassenunterhalt;Arealpflege;Winterdienst,DISCOVERY_PENDING,,TO_DISCOVER,NOT_YET_AUDITED,"Puede publicar en portal propio, ATS compartido, cantón, Job-Room o agregador público."
PUB-CH-BL-MUN-2821,MUNICIPALITY,CH,BL,Basel-Landschaft,2821,Gemeinde/Stadt Arisdorf,Bezirk Liestal,1,GERMAN,NO,2,P1_URBAN_OR_INTERMEDIATE,Stadtgrün;Stadtgärtnerei;Werkhof;Werkdienst;Gemeindebetriebe;Friedhof;Parks;Sportanlagen;Schulanlagen;Forst;Liegenschaften;Strassenunterhalt;Arealpflege;Winterdienst,DISCOVERY_PENDING,,TO_DISCOVER,NOT_YET_AUDITED,"Puede publicar en portal propio, ATS compartido, cantón, Job-Room o agregador público."
PUB-CH-BL-MUN-2763,MUNICIPALITY,CH,BL,Basel-Landschaft,2763,Gemeinde/Stadt Arlesheim,Bezirk Arlesheim,1,GERMAN,YES,1,P0_CITY,Stadtgrün;Stadtgärtnerei;Werkhof;Werkdienst;Gemeindebetriebe;Friedhof;Parks;Sportanlagen;Schulanlagen;Forst;Liegenschaften;Strassenunterhalt;Arealpflege;Winterdienst,DISCOVERY_PENDING,,TO_DISCOVER,NOT_YET_AUDITED,"Puede publicar en portal propio, ATS compartido, cantón, Job-Room o agregador público."
PUB-CH-BL-MUN-2822,MUNICIPALITY,CH,BL,Basel-Landschaft,2822,Gemeinde/Stadt Augst,Bezirk Liestal,1,GERMAN,NO,2,P1_URBAN_OR_INTERMEDIATE,Stadtgrün;Stadtgärtnerei;Werkhof;Werkdienst;Gemeindebetriebe;Friedhof;Parks;Sportanlagen;Schulanlagen;Forst;Liegenschaften;Strassenunterhalt;Arealpflege;Winterdienst,DISCOVERY_PENDING,,TO_DISCOVER,NOT_YET_AUDITED,"Puede publicar en portal propio, ATS compartido, cantón, Job-Room o agregador público."
PUB-CH-BL-MUN-2882,MUNICIPALITY,CH,BL,Basel-Landschaft,2882,Gemeinde/Stadt Bennwil,Bezirk Waldenburg,1,GERMAN,NO,3,P2_RURAL,Stadtgrün;Stadtgärtnerei;Werkhof;Werkdienst;Gemeindebetriebe;Friedhof;Parks;Sportanlagen;Schulanlagen;Forst;Liegenschaften;Strassenunterhalt;Arealpflege;Winterdienst,DISCOVERY_PENDING,,TO_DISCOVER,NOT_YET_AUDITED,"Puede publicar en portal propio, ATS compartido, cantón, Job-Room o agregador público."
PUB-CH-BL-MUN-2764,MUNICIPALITY,CH,BL,Basel-Landschaft,2764,Gemeinde/Stadt Biel-Benken,Bezirk Arlesheim,1,GERMAN,NO,2,P1_URBAN_OR_INTERMEDIATE,Stadtgrün;Stadtgärtnerei;Werkhof;Werkdienst;Gemeindebetriebe;Friedhof;Parks;Sportanlagen;Schulanlagen;Forst;Liegenschaften;Strassenunterhalt;Arealpflege;Winterdienst,DISCOVERY_PENDING,,TO_DISCOVER,NOT_YET_AUDITED,"Puede publicar en portal propio, ATS compartido, cantón, Job-Room o agregador público."
PUB-CH-BL-MUN-2765,MUNICIPALITY,CH,BL,Basel-Landschaft,2765,Gemeinde/Stadt Binningen,Bezirk Arlesheim,1,GERMAN,YES,1,P0_CITY,Stadtgrün;Stadtgärtnerei;Werkhof;Werkdienst;Gemeindebetriebe;Friedhof;Parks;Sportanlagen;Schulanlagen;Forst;Liegenschaften;Strassenunterhalt;Arealpflege;Winterdienst,DISCOVERY_PENDING,,TO_DISCOVER,NOT_YET_AUDITED,"Puede publicar en portal propio, ATS compartido, cantón, Job-Room o agregador público."
PUB-CH-BL-MUN-2766,MUNICIPALITY,CH,BL,Basel-Landschaft,2766,Gemeinde/Stadt Birsfelden,Bezirk Arlesheim,1,GERMAN,YES,1,P0_CITY,Stadtgrün;Stadtgärtnerei;Werkhof;Werkdienst;Gemeindebetriebe;Friedhof;Parks;Sportanlagen;Schulanlagen;Forst;Liegenschaften;Strassenunterhalt;Arealpflege;Winterdienst,DISCOVERY_PENDING,,TO_DISCOVER,NOT_YET_AUDITED,"Puede publicar en portal propio, ATS compartido, cantón, Job-Room o agregador público."
PUB-CH-BL-MUN-2781,MUNICIPALITY,CH,BL,Basel-Landschaft,2781,Gemeinde/Stadt Blauen,Bezirk Laufen,1,GERMAN,NO,3,P2_RURAL,Stadtgrün;Stadtgärtnerei;Werkhof;Werkdienst;Gemeindebetriebe;Friedhof;Parks;Sportanlagen;Schulanlagen;Forst;Liegenschaften;Strassenunterhalt;Arealpflege;Winterdienst,DISCOVERY_PENDING,,TO_DISCOVER,NOT_YET_AUDITED,"Puede publicar en portal propio, ATS compartido, cantón, Job-Room o agregador público."
PUB-CH-BL-MUN-2767,MUNICIPALITY,CH,BL,Basel-Landschaft,2767,Gemeinde/Stadt Bottmingen,Bezirk Arlesheim,1,GERMAN,NO,1,P1_URBAN_OR_INTERMEDIATE,Stadtgrün;Stadtgärtnerei;Werkhof;Werkdienst;Gemeindebetriebe;Friedhof;Parks;Sportanlagen;Schulanlagen;Forst;Liegenschaften;Strassenunterhalt;Arealpflege;Winterdienst,DISCOVERY_PENDING,,TO_DISCOVER,NOT_YET_AUDITED,"Puede publicar en portal propio, ATS compartido, cantón, Job-Room o agregador público."
PUB-CH-BL-MUN-2883,MUNICIPALITY,CH,BL,Basel-Landschaft,2883,Gemeinde/Stadt Bretzwil,Bezirk Waldenburg,1,GERMAN,NO,3,P2_RURAL,Stadtgrün;Stadtgärtnerei;Werkhof;Werkdienst;Gemeindebetriebe;Friedhof;Parks;Sportanlagen;Schulanlagen;Forst;Liegenschaften;Strassenunterhalt;Arealpflege;Winterdienst,DISCOVERY_PENDING,,TO_DISCOVER,NOT_YET_AUDITED,"Puede publicar en portal propio, ATS compartido, cantón, Job-Room o agregador público."
PUB-CH-BL-MUN-2782,MUNICIPALITY,CH,BL,Basel-Landschaft,2782,Gemeinde/Stadt Brislach,Bezirk Laufen,1,GERMAN,NO,2,P1_URBAN_OR_INTERMEDIATE,Stadtgrün;Stadtgärtnerei;Werkhof;Werkdienst;Gemeindebetriebe;Friedhof;Parks;Sportanlagen;Schulanlagen;Forst;Liegenschaften;Strassenunterhalt;Arealpflege;Winterdienst,DISCOVERY_PENDING,,TO_DISCOVER,NOT_YET_AUDITED,"Puede publicar en portal propio, ATS compartido, cantón, Job-Room o agregador público."
PUB-CH-BL-MUN-2823,MUNICIPALITY,CH,BL,Basel-Landschaft,2823,Gemeinde/Stadt Bubendorf,Bezirk Liestal,1,GERMAN,NO,2,P1_URBAN_OR_INTERMEDIATE,Stadtgrün;Stadtgärtnerei;Werkhof;Werkdienst;Gemeindebetriebe;Friedhof;Parks;Sportanlagen;Schulanlagen;Forst;Liegenschaften;Strassenunterhalt;Arealpflege;Winterdienst,DISCOVERY_PENDING,,TO_DISCOVER,NOT_YET_AUDITED,"Puede publicar en portal propio, ATS compartido, cantón, Job-Room o agregador público."
PUB-CH-BL-MUN-2843,MUNICIPALITY,CH,BL,Basel-Landschaft,2843,Gemeinde/Stadt Buckten,Bezirk Sissach,1,GERMAN,NO,3,P2_RURAL,Stadtgrün;Stadtgärtnerei;Werkhof;Werkdienst;Gemeindebetriebe;Friedhof;Parks;Sportanlagen;Schulanlagen;Forst;Liegenschaften;Strassenunterhalt;Arealpflege;Winterdienst,DISCOVERY_PENDING,,TO_DISCOVER,NOT_YET_AUDITED,"Puede publicar en portal propio, ATS compartido, cantón, Job-Room o agregador público."
PUB-CH-BL-MUN-2783,MUNICIPALITY,CH,BL,Basel-Landschaft,2783,Gemeinde/Stadt Burg im Leimental,Bezirk Laufen,1,GERMAN,NO,3,P2_RURAL,Stadtgrün;Stadtgärtnerei;Werkhof;Werkdienst;Gemeindebetriebe;Friedhof;Parks;Sportanlagen;Schulanlagen;Forst;Liegenschaften;Strassenunterhalt;Arealpflege;Winterdienst,DISCOVERY_PENDING,,TO_DISCOVER,NOT_YET_AUDITED,"Puede publicar en portal propio, ATS compartido, cantón, Job-Room o agregador público."
PUB-CH-BL-MUN-2844,MUNICIPALITY,CH,BL,Basel-Landschaft,2844,Gemeinde/Stadt Buus,Bezirk Sissach,1,GERMAN,NO,3,P2_RURAL,Stadtgrün;Stadtgärtnerei;Werkhof;Werkdienst;Gemeindebetriebe;Friedhof;Parks;Sportanlagen;Schulanlagen;Forst;Liegenschaften;Strassenunterhalt;Arealpflege;Winterdienst,DISCOVERY_PENDING,,TO_DISCOVER,NOT_YET_AUDITED,"Puede publicar en portal propio, ATS compartido, cantón, Job-Room o agregador público."
PUB-CH-BL-MUN-2842,MUNICIPALITY,CH,BL,Basel-Landschaft,2842,Gemeinde/Stadt Böckten,Bezirk Sissach,1,GERMAN,NO,2,P1_URBAN_OR_INTERMEDIATE,Stadtgrün;Stadtgärtnerei;Werkhof;Werkdienst;Gemeindebetriebe;Friedhof;Parks;Sportanlagen;Schulanlagen;Forst;Liegenschaften;Strassenunterhalt;Arealpflege;Winterdienst,DISCOVERY_PENDING,,TO_DISCOVER,NOT_YET_AUDITED,"Puede publicar en portal propio, ATS compartido, cantón, Job-Room o agregador público."
PUB-CH-BL-MUN-2884,MUNICIPALITY,CH,BL,Basel-Landschaft,2884,Gemeinde/Stadt Diegten,Bezirk Waldenburg,1,GERMAN,NO,3,P2_RURAL,Stadtgrün;Stadtgärtnerei;Werkhof;Werkdienst;Gemeindebetriebe;Friedhof;Parks;Sportanlagen;Schulanlagen;Forst;Liegenschaften;Strassenunterhalt;Arealpflege;Winterdienst,DISCOVERY_PENDING,,TO_DISCOVER,NOT_YET_AUDITED,"Puede publicar en portal propio, ATS compartido, cantón, Job-Room o agregador público."
PUB-CH-BL-MUN-2845,MUNICIPALITY,CH,BL,Basel-Landschaft,2845,Gemeinde/Stadt Diepflingen,Bezirk Sissach,1,GERMAN,NO,2,P1_URBAN_OR_INTERMEDIATE,Stadtgrün;Stadtgärtnerei;Werkhof;Werkdienst;Gemeindebetriebe;Friedhof;Parks;Sportanlagen;Schulanlagen;Forst;Liegenschaften;Strassenunterhalt;Arealpflege;Winterdienst,DISCOVERY_PENDING,,TO_DISCOVER,NOT_YET_AUDITED,"Puede publicar en portal propio, ATS compartido, cantón, Job-Room o agregador público."
PUB-CH-BL-MUN-2784,MUNICIPALITY,CH,BL,Basel-Landschaft,2784,Gemeinde/Stadt Dittingen,Bezirk Laufen,1,GERMAN,NO,2,P1_URBAN_OR_INTERMEDIATE,Stadtgrün;Stadtgärtnerei;Werkhof;Werkdienst;Gemeindebetriebe;Friedhof;Parks;Sportanlagen;Schulanlagen;Forst;Liegenschaften;Strassenunterhalt;Arealpflege;Winterdienst,DISCOVERY_PENDING,,TO_DISCOVER,NOT_YET_AUDITED,"Puede publicar en portal propio, ATS compartido, cantón, Job-Room o agregador público."
PUB-CH-BL-MUN-2785,MUNICIPALITY,CH,BL,Basel-Landschaft,2785,Gemeinde/Stadt Duggingen,Bezirk Laufen,1,GERMAN,NO,2,P1_URBAN_OR_INTERMEDIATE,Stadtgrün;Stadtgärtnerei;Werkhof;Werkdienst;Gemeindebetriebe;Friedhof;Parks;Sportanlagen;Schulanlagen;Forst;Liegenschaften;Strassenunterhalt;Arealpflege;Winterdienst,DISCOVERY_PENDING,,TO_DISCOVER,NOT_YET_AUDITED,"Puede publicar en portal propio, ATS compartido, cantón, Job-Room o agregador público."
PUB-CH-BL-MUN-2885,MUNICIPALITY,CH,BL,Basel-Landschaft,2885,Gemeinde/Stadt Eptingen,Bezirk Waldenburg,1,GERMAN,NO,3,P2_RURAL,Stadtgrün;Stadtgärtnerei;Werkhof;Werkdienst;Gemeindebetriebe;Friedhof;Parks;Sportanlagen;Schulanlagen;Forst;Liegenschaften;Strassenunterhalt;Arealpflege;Winterdienst,DISCOVERY_PENDING,,TO_DISCOVER,NOT_YET_AUDITED,"Puede publicar en portal propio, ATS compartido, cantón, Job-Room o agregador público."
PUB-CH-BL-MUN-2768,MUNICIPALITY,CH,BL,Basel-Landschaft,2768,Gemeinde/Stadt Ettingen,Bezirk Arlesheim,1,GERMAN,NO,2,P1_URBAN_OR_INTERMEDIATE,Stadtgrün;Stadtgärtnerei;Werkhof;Werkdienst;Gemeindebetriebe;Friedhof;Parks;Sportanlagen;Schulanlagen;Forst;Liegenschaften;Strassenunterhalt;Arealpflege;Winterdienst,DISCOVERY_PENDING,,TO_DISCOVER,NOT_YET_AUDITED,"Puede publicar en portal propio, ATS compartido, cantón, Job-Room o agregador público."
PUB-CH-BL-MUN-2824,MUNICIPALITY,CH,BL,Basel-Landschaft,2824,Gemeinde/Stadt Frenkendorf,Bezirk Liestal,1,GERMAN,NO,2,P1_URBAN_OR_INTERMEDIATE,Stadtgrün;Stadtgärtnerei;Werkhof;Werkdienst;Gemeindebetriebe;Friedhof;Parks;Sportanlagen;Schulanlagen;Forst;Liegenschaften;Strassenunterhalt;Arealpflege;Winterdienst,DISCOVERY_PENDING,,TO_DISCOVER,NOT_YET_AUDITED,"Puede publicar en portal propio, ATS compartido, cantón, Job-Room o agregador público."
PUB-CH-BL-MUN-2825,MUNICIPALITY,CH,BL,Basel-Landschaft,2825,Gemeinde/Stadt Füllinsdorf,Bezirk Liestal,1,GERMAN,NO,2,P1_URBAN_OR_INTERMEDIATE,Stadtgrün;Stadtgärtnerei;Werkhof;Werkdienst;Gemeindebetriebe;Friedhof;Parks;Sportanlagen;Schulanlagen;Forst;Liegenschaften;Strassenunterhalt;Arealpflege;Winterdienst,DISCOVERY_PENDING,,TO_DISCOVER,NOT_YET_AUDITED,"Puede publicar en portal propio, ATS compartido, cantón, Job-Room o agregador público."
PUB-CH-BL-MUN-2846,MUNICIPALITY,CH,BL,Basel-Landschaft,2846,Gemeinde/Stadt Gelterkinden,Bezirk Sissach,1,GERMAN,NO,2,P1_URBAN_OR_INTERMEDIATE,Stadtgrün;Stadtgärtnerei;Werkhof;Werkdienst;Gemeindebetriebe;Friedhof;Parks;Sportanlagen;Schulanlagen;Forst;Liegenschaften;Strassenunterhalt;Arealpflege;Winterdienst,DISCOVERY_PENDING,,TO_DISCOVER,NOT_YET_AUDITED,"Puede publicar en portal propio, ATS compartido, cantón, Job-Room o agregador público."
PUB-CH-BL-MUN-2826,MUNICIPALITY,CH,BL,Basel-Landschaft,2826,Gemeinde/Stadt Giebenach,Bezirk Liestal,1,GERMAN,NO,2,P1_URBAN_OR_INTERMEDIATE,Stadtgrün;Stadtgärtnerei;Werkhof;Werkdienst;Gemeindebetriebe;Friedhof;Parks;Sportanlagen;Schulanlagen;Forst;Liegenschaften;Strassenunterhalt;Arealpflege;Winterdienst,DISCOVERY_PENDING,,TO_DISCOVER,NOT_YET_AUDITED,"Puede publicar en portal propio, ATS compartido, cantón, Job-Room o agregador público."
PUB-CH-BL-MUN-2786,MUNICIPALITY,CH,BL,Basel-Landschaft,2786,Gemeinde/Stadt Grellingen,Bezirk Laufen,1,GERMAN,NO,2,P1_URBAN_OR_INTERMEDIATE,Stadtgrün;Stadtgärtnerei;Werkhof;Werkdienst;Gemeindebetriebe;Friedhof;Parks;Sportanlagen;Schulanlagen;Forst;Liegenschaften;Strassenunterhalt;Arealpflege;Winterdienst,DISCOVERY_PENDING,,TO_DISCOVER,NOT_YET_AUDITED,"Puede publicar en portal propio, ATS compartido, cantón, Job-Room o agregador público."
PUB-CH-BL-MUN-2848,MUNICIPALITY,CH,BL,Basel-Landschaft,2848,Gemeinde/Stadt Hemmiken,Bezirk Sissach,1,GERMAN,NO,3,P2_RURAL,Stadtgrün;Stadtgärtnerei;Werkhof;Werkdienst;Gemeindebetriebe;Friedhof;Parks;Sportanlagen;Schulanlagen;Forst;Liegenschaften;Strassenunterhalt;Arealpflege;Winterdienst,DISCOVERY_PENDING,,TO_DISCOVER,NOT_YET_AUDITED,"Puede publicar en portal propio, ATS compartido, cantón, Job-Room o agregador público."
PUB-CH-BL-MUN-2827,MUNICIPALITY,CH,BL,Basel-Landschaft,2827,Gemeinde/Stadt Hersberg,Bezirk Liestal,1,GERMAN,NO,3,P2_RURAL,Stadtgrün;Stadtgärtnerei;Werkhof;Werkdienst;Gemeindebetriebe;Friedhof;Parks;Sportanlagen;Schulanlagen;Forst;Liegenschaften;Strassenunterhalt;Arealpflege;Winterdienst,DISCOVERY_PENDING,,TO_DISCOVER,NOT_YET_AUDITED,"Puede publicar en portal propio, ATS compartido, cantón, Job-Room o agregador público."
PUB-CH-BL-MUN-2847,MUNICIPALITY,CH,BL,Basel-Landschaft,2847,Gemeinde/Stadt Häfelfingen,Bezirk Sissach,1,GERMAN,NO,3,P2_RURAL,Stadtgrün;Stadtgärtnerei;Werkhof;Werkdienst;Gemeindebetriebe;Friedhof;Parks;Sportanlagen;Schulanlagen;Forst;Liegenschaften;Strassenunterhalt;Arealpflege;Winterdienst,DISCOVERY_PENDING,,TO_DISCOVER,NOT_YET_AUDITED,"Puede publicar en portal propio, ATS compartido, cantón, Job-Room o agregador público."
PUB-CH-BL-MUN-2886,MUNICIPALITY,CH,BL,Basel-Landschaft,2886,Gemeinde/Stadt Hölstein,Bezirk Waldenburg,1,GERMAN,NO,2,P1_URBAN_OR_INTERMEDIATE,Stadtgrün;Stadtgärtnerei;Werkhof;Werkdienst;Gemeindebetriebe;Friedhof;Parks;Sportanlagen;Schulanlagen;Forst;Liegenschaften;Strassenunterhalt;Arealpflege;Winterdienst,DISCOVERY_PENDING,,TO_DISCOVER,NOT_YET_AUDITED,"Puede publicar en portal propio, ATS compartido, cantón, Job-Room o agregador público."
PUB-CH-BL-MUN-2849,MUNICIPALITY,CH,BL,Basel-Landschaft,2849,Gemeinde/Stadt Itingen,Bezirk Sissach,1,GERMAN,NO,2,P1_URBAN_OR_INTERMEDIATE,Stadtgrün;Stadtgärtnerei;Werkhof;Werkdienst;Gemeindebetriebe;Friedhof;Parks;Sportanlagen;Schulanlagen;Forst;Liegenschaften;Strassenunterhalt;Arealpflege;Winterdienst,DISCOVERY_PENDING,,TO_DISCOVER,NOT_YET_AUDITED,"Puede publicar en portal propio, ATS compartido, cantón, Job-Room o agregador público."
PUB-CH-BL-MUN-2851,MUNICIPALITY,CH,BL,Basel-Landschaft,2851,Gemeinde/Stadt Kilchberg (BL),Bezirk Sissach,1,GERMAN,NO,3,P2_RURAL,Stadtgrün;Stadtgärtnerei;Werkhof;Werkdienst;Gemeindebetriebe;Friedhof;Parks;Sportanlagen;Schulanlagen;Forst;Liegenschaften;Strassenunterhalt;Arealpflege;Winterdienst,DISCOVERY_PENDING,,TO_DISCOVER,NOT_YET_AUDITED,"Puede publicar en portal propio, ATS compartido, cantón, Job-Room o agregador público."
PUB-CH-BL-MUN-2850,MUNICIPALITY,CH,BL,Basel-Landschaft,2850,Gemeinde/Stadt Känerkinden,Bezirk Sissach,1,GERMAN,NO,3,P2_RURAL,Stadtgrün;Stadtgärtnerei;Werkhof;Werkdienst;Gemeindebetriebe;Friedhof;Parks;Sportanlagen;Schulanlagen;Forst;Liegenschaften;Strassenunterhalt;Arealpflege;Winterdienst,DISCOVERY_PENDING,,TO_DISCOVER,NOT_YET_AUDITED,"Puede publicar en portal propio, ATS compartido, cantón, Job-Room o agregador público."
PUB-CH-BL-MUN-2887,MUNICIPALITY,CH,BL,Basel-Landschaft,2887,Gemeinde/Stadt Lampenberg,Bezirk Waldenburg,1,GERMAN,NO,2,P1_URBAN_OR_INTERMEDIATE,Stadtgrün;Stadtgärtnerei;Werkhof;Werkdienst;Gemeindebetriebe;Friedhof;Parks;Sportanlagen;Schulanlagen;Forst;Liegenschaften;Strassenunterhalt;Arealpflege;Winterdienst,DISCOVERY_PENDING,,TO_DISCOVER,NOT_YET_AUDITED,"Puede publicar en portal propio, ATS compartido, cantón, Job-Room o agregador público."
PUB-CH-BL-MUN-2888,MUNICIPALITY,CH,BL,Basel-Landschaft,2888,Gemeinde/Stadt Langenbruck,Bezirk Waldenburg,1,GERMAN,NO,3,P2_RURAL,Stadtgrün;Stadtgärtnerei;Werkhof;Werkdienst;Gemeindebetriebe;Friedhof;Parks;Sportanlagen;Schulanlagen;Forst;Liegenschaften;Strassenunterhalt;Arealpflege;Winterdienst,DISCOVERY_PENDING,,TO_DISCOVER,NOT_YET_AUDITED,"Puede publicar en portal propio, ATS compartido, cantón, Job-Room o agregador público."
PUB-CH-BL-MUN-2787,MUNICIPALITY,CH,BL,Basel-Landschaft,2787,Gemeinde/Stadt Laufen,Bezirk Laufen,1,GERMAN,NO,2,P1_URBAN_OR_INTERMEDIATE,Stadtgrün;Stadtgärtnerei;Werkhof;Werkdienst;Gemeindebetriebe;Friedhof;Parks;Sportanlagen;Schulanlagen;Forst;Liegenschaften;Strassenunterhalt;Arealpflege;Winterdienst,DISCOVERY_PENDING,,TO_DISCOVER,NOT_YET_AUDITED,"Puede publicar en portal propio, ATS compartido, cantón, Job-Room o agregador público."
PUB-CH-BL-MUN-2828,MUNICIPALITY,CH,BL,Basel-Landschaft,2828,Gemeinde/Stadt Lausen,Bezirk Liestal,1,GERMAN,NO,2,P1_URBAN_OR_INTERMEDIATE,Stadtgrün;Stadtgärtnerei;Werkhof;Werkdienst;Gemeindebetriebe;Friedhof;Parks;Sportanlagen;Schulanlagen;Forst;Liegenschaften;Strassenunterhalt;Arealpflege;Winterdienst,DISCOVERY_PENDING,,TO_DISCOVER,NOT_YET_AUDITED,"Puede publicar en portal propio, ATS compartido, cantón, Job-Room o agregador público."
PUB-CH-BL-MUN-2889,MUNICIPALITY,CH,BL,Basel-Landschaft,2889,Gemeinde/Stadt Lauwil,Bezirk Waldenburg,1,GERMAN,NO,3,P2_RURAL,Stadtgrün;Stadtgärtnerei;Werkhof;Werkdienst;Gemeindebetriebe;Friedhof;Parks;Sportanlagen;Schulanlagen;Forst;Liegenschaften;Strassenunterhalt;Arealpflege;Winterdienst,DISCOVERY_PENDING,,TO_DISCOVER,NOT_YET_AUDITED,"Puede publicar en portal propio, ATS compartido, cantón, Job-Room o agregador público."
PUB-CH-BL-MUN-2890,MUNICIPALITY,CH,BL,Basel-Landschaft,2890,Gemeinde/Stadt Liedertswil,Bezirk Waldenburg,1,GERMAN,NO,3,P2_RURAL,Stadtgrün;Stadtgärtnerei;Werkhof;Werkdienst;Gemeindebetriebe;Friedhof;Parks;Sportanlagen;Schulanlagen;Forst;Liegenschaften;Strassenunterhalt;Arealpflege;Winterdienst,DISCOVERY_PENDING,,TO_DISCOVER,NOT_YET_AUDITED,"Puede publicar en portal propio, ATS compartido, cantón, Job-Room o agregador público."
PUB-CH-BL-MUN-2788,MUNICIPALITY,CH,BL,Basel-Landschaft,2788,Gemeinde/Stadt Liesberg,Bezirk Laufen,1,GERMAN,NO,3,P2_RURAL,Stadtgrün;Stadtgärtnerei;Werkhof;Werkdienst;Gemeindebetriebe;Friedhof;Parks;Sportanlagen;Schulanlagen;Forst;Liegenschaften;Strassenunterhalt;Arealpflege;Winterdienst,DISCOVERY_PENDING,,TO_DISCOVER,NOT_YET_AUDITED,"Puede publicar en portal propio, ATS compartido, cantón, Job-Room o agregador público."
PUB-CH-BL-MUN-2829,MUNICIPALITY,CH,BL,Basel-Landschaft,2829,Gemeinde/Stadt Liestal,Bezirk Liestal,1,GERMAN,YES,2,P0_CITY,Stadtgrün;Stadtgärtnerei;Werkhof;Werkdienst;Gemeindebetriebe;Friedhof;Parks;Sportanlagen;Schulanlagen;Forst;Liegenschaften;Strassenunterhalt;Arealpflege;Winterdienst,DISCOVERY_PENDING,,TO_DISCOVER,NOT_YET_AUDITED,"Puede publicar en portal propio, ATS compartido, cantón, Job-Room o agregador público."
PUB-CH-BL-MUN-2830,MUNICIPALITY,CH,BL,Basel-Landschaft,2830,Gemeinde/Stadt Lupsingen,Bezirk Liestal,1,GERMAN,NO,2,P1_URBAN_OR_INTERMEDIATE,Stadtgrün;Stadtgärtnerei;Werkhof;Werkdienst;Gemeindebetriebe;Friedhof;Parks;Sportanlagen;Schulanlagen;Forst;Liegenschaften;Strassenunterhalt;Arealpflege;Winterdienst,DISCOVERY_PENDING,,TO_DISCOVER,NOT_YET_AUDITED,"Puede publicar en portal propio, ATS compartido, cantón, Job-Room o agregador público."
PUB-CH-BL-MUN-2852,MUNICIPALITY,CH,BL,Basel-Landschaft,2852,Gemeinde/Stadt Läufelfingen,Bezirk Sissach,1,GERMAN,NO,3,P2_RURAL,Stadtgrün;Stadtgärtnerei;Werkhof;Werkdienst;Gemeindebetriebe;Friedhof;Parks;Sportanlagen;Schulanlagen;Forst;Liegenschaften;Strassenunterhalt;Arealpflege;Winterdienst,DISCOVERY_PENDING,,TO_DISCOVER,NOT_YET_AUDITED,"Puede publicar en portal propio, ATS compartido, cantón, Job-Room o agregador público."
PUB-CH-BL-MUN-2853,MUNICIPALITY,CH,BL,Basel-Landschaft,2853,Gemeinde/Stadt Maisprach,Bezirk Sissach,1,GERMAN,NO,3,P2_RURAL,Stadtgrün;Stadtgärtnerei;Werkhof;Werkdienst;Gemeindebetriebe;Friedhof;Parks;Sportanlagen;Schulanlagen;Forst;Liegenschaften;Strassenunterhalt;Arealpflege;Winterdienst,DISCOVERY_PENDING,,TO_DISCOVER,NOT_YET_AUDITED,"Puede publicar en portal propio, ATS compartido, cantón, Job-Room o agregador público."
PUB-CH-BL-MUN-2770,MUNICIPALITY,CH,BL,Basel-Landschaft,2770,Gemeinde/Stadt Muttenz,Bezirk Arlesheim,1,GERMAN,YES,1,P0_CITY,Stadtgrün;Stadtgärtnerei;Werkhof;Werkdienst;Gemeindebetriebe;Friedhof;Parks;Sportanlagen;Schulanlagen;Forst;Liegenschaften;Strassenunterhalt;Arealpflege;Winterdienst,DISCOVERY_PENDING,,TO_DISCOVER,NOT_YET_AUDITED,"Puede publicar en portal propio, ATS compartido, cantón, Job-Room o agregador público."
PUB-CH-BL-MUN-2769,MUNICIPALITY,CH,BL,Basel-Landschaft,2769,Gemeinde/Stadt Münchenstein,Bezirk Arlesheim,1,GERMAN,YES,1,P0_CITY,Stadtgrün;Stadtgärtnerei;Werkhof;Werkdienst;Gemeindebetriebe;Friedhof;Parks;Sportanlagen;Schulanlagen;Forst;Liegenschaften;Strassenunterhalt;Arealpflege;Winterdienst,DISCOVERY_PENDING,,TO_DISCOVER,NOT_YET_AUDITED,"Puede publicar en portal propio, ATS compartido, cantón, Job-Room o agregador público."
PUB-CH-BL-MUN-2789,MUNICIPALITY,CH,BL,Basel-Landschaft,2789,Gemeinde/Stadt Nenzlingen,Bezirk Laufen,1,GERMAN,NO,2,P1_URBAN_OR_INTERMEDIATE,Stadtgrün;Stadtgärtnerei;Werkhof;Werkdienst;Gemeindebetriebe;Friedhof;Parks;Sportanlagen;Schulanlagen;Forst;Liegenschaften;Strassenunterhalt;Arealpflege;Winterdienst,DISCOVERY_PENDING,,TO_DISCOVER,NOT_YET_AUDITED,"Puede publicar en portal propio, ATS compartido, cantón, Job-Room o agregador público."
PUB-CH-BL-MUN-2891,MUNICIPALITY,CH,BL,Basel-Landschaft,2891,Gemeinde/Stadt Niederdorf,Bezirk Waldenburg,1,GERMAN,NO,2,P1_URBAN_OR_INTERMEDIATE,Stadtgrün;Stadtgärtnerei;Werkhof;Werkdienst;Gemeindebetriebe;Friedhof;Parks;Sportanlagen;Schulanlagen;Forst;Liegenschaften;Strassenunterhalt;Arealpflege;Winterdienst,DISCOVERY_PENDING,,TO_DISCOVER,NOT_YET_AUDITED,"Puede publicar en portal propio, ATS compartido, cantón, Job-Room o agregador público."
PUB-CH-BL-MUN-2854,MUNICIPALITY,CH,BL,Basel-Landschaft,2854,Gemeinde/Stadt Nusshof,Bezirk Sissach,1,GERMAN,NO,3,P2_RURAL,Stadtgrün;Stadtgärtnerei;Werkhof;Werkdienst;Gemeindebetriebe;Friedhof;Parks;Sportanlagen;Schulanlagen;Forst;Liegenschaften;Strassenunterhalt;Arealpflege;Winterdienst,DISCOVERY_PENDING,,TO_DISCOVER,NOT_YET_AUDITED,"Puede publicar en portal propio, ATS compartido, cantón, Job-Room o agregador público."
PUB-CH-BL-MUN-2892,MUNICIPALITY,CH,BL,Basel-Landschaft,2892,Gemeinde/Stadt Oberdorf (BL),Bezirk Waldenburg,1,GERMAN,NO,2,P1_URBAN_OR_INTERMEDIATE,Stadtgrün;Stadtgärtnerei;Werkhof;Werkdienst;Gemeindebetriebe;Friedhof;Parks;Sportanlagen;Schulanlagen;Forst;Liegenschaften;Strassenunterhalt;Arealpflege;Winterdienst,DISCOVERY_PENDING,,TO_DISCOVER,NOT_YET_AUDITED,"Puede publicar en portal propio, ATS compartido, cantón, Job-Room o agregador público."
PUB-CH-BL-MUN-2771,MUNICIPALITY,CH,BL,Basel-Landschaft,2771,Gemeinde/Stadt Oberwil (BL),Bezirk Arlesheim,1,GERMAN,YES,1,P0_CITY,Stadtgrün;Stadtgärtnerei;Werkhof;Werkdienst;Gemeindebetriebe;Friedhof;Parks;Sportanlagen;Schulanlagen;Forst;Liegenschaften;Strassenunterhalt;Arealpflege;Winterdienst,DISCOVERY_PENDING,,TO_DISCOVER,NOT_YET_AUDITED,"Puede publicar en portal propio, ATS compartido, cantón, Job-Room o agregador público."
PUB-CH-BL-MUN-2855,MUNICIPALITY,CH,BL,Basel-Landschaft,2855,Gemeinde/Stadt Oltingen,Bezirk Sissach,1,GERMAN,NO,3,P2_RURAL,Stadtgrün;Stadtgärtnerei;Werkhof;Werkdienst;Gemeindebetriebe;Friedhof;Parks;Sportanlagen;Schulanlagen;Forst;Liegenschaften;Strassenunterhalt;Arealpflege;Winterdienst,DISCOVERY_PENDING,,TO_DISCOVER,NOT_YET_AUDITED,"Puede publicar en portal propio, ATS compartido, cantón, Job-Room o agregador público."
PUB-CH-BL-MUN-2856,MUNICIPALITY,CH,BL,Basel-Landschaft,2856,Gemeinde/Stadt Ormalingen,Bezirk Sissach,1,GERMAN,NO,2,P1_URBAN_OR_INTERMEDIATE,Stadtgrün;Stadtgärtnerei;Werkhof;Werkdienst;Gemeindebetriebe;Friedhof;Parks;Sportanlagen;Schulanlagen;Forst;Liegenschaften;Strassenunterhalt;Arealpflege;Winterdienst,DISCOVERY_PENDING,,TO_DISCOVER,NOT_YET_AUDITED,"Puede publicar en portal propio, ATS compartido, cantón, Job-Room o agregador público."
PUB-CH-BL-MUN-2772,MUNICIPALITY,CH,BL,Basel-Landschaft,2772,Gemeinde/Stadt Pfeffingen,Bezirk Arlesheim,1,GERMAN,NO,1,P1_URBAN_OR_INTERMEDIATE,Stadtgrün;Stadtgärtnerei;Werkhof;Werkdienst;Gemeindebetriebe;Friedhof;Parks;Sportanlagen;Schulanlagen;Forst;Liegenschaften;Strassenunterhalt;Arealpflege;Winterdienst,DISCOVERY_PENDING,,TO_DISCOVER,NOT_YET_AUDITED,"Puede publicar en portal propio, ATS compartido, cantón, Job-Room o agregador público."
PUB-CH-BL-MUN-2831,MUNICIPALITY,CH,BL,Basel-Landschaft,2831,Gemeinde/Stadt Pratteln,Bezirk Liestal,1,GERMAN,YES,2,P0_CITY,Stadtgrün;Stadtgärtnerei;Werkhof;Werkdienst;Gemeindebetriebe;Friedhof;Parks;Sportanlagen;Schulanlagen;Forst;Liegenschaften;Strassenunterhalt;Arealpflege;Winterdienst,DISCOVERY_PENDING,,TO_DISCOVER,NOT_YET_AUDITED,"Puede publicar en portal propio, ATS compartido, cantón, Job-Room o agregador público."
PUB-CH-BL-MUN-2832,MUNICIPALITY,CH,BL,Basel-Landschaft,2832,Gemeinde/Stadt Ramlinsburg,Bezirk Liestal,1,GERMAN,NO,2,P1_URBAN_OR_INTERMEDIATE,Stadtgrün;Stadtgärtnerei;Werkhof;Werkdienst;Gemeindebetriebe;Friedhof;Parks;Sportanlagen;Schulanlagen;Forst;Liegenschaften;Strassenunterhalt;Arealpflege;Winterdienst,DISCOVERY_PENDING,,TO_DISCOVER,NOT_YET_AUDITED,"Puede publicar en portal propio, ATS compartido, cantón, Job-Room o agregador público."
PUB-CH-BL-MUN-2893,MUNICIPALITY,CH,BL,Basel-Landschaft,2893,Gemeinde/Stadt Reigoldswil,Bezirk Waldenburg,1,GERMAN,NO,3,P2_RURAL,Stadtgrün;Stadtgärtnerei;Werkhof;Werkdienst;Gemeindebetriebe;Friedhof;Parks;Sportanlagen;Schulanlagen;Forst;Liegenschaften;Strassenunterhalt;Arealpflege;Winterdienst,DISCOVERY_PENDING,,TO_DISCOVER,NOT_YET_AUDITED,"Puede publicar en portal propio, ATS compartido, cantón, Job-Room o agregador público."
PUB-CH-BL-MUN-2773,MUNICIPALITY,CH,BL,Basel-Landschaft,2773,Gemeinde/Stadt Reinach (BL),Bezirk Arlesheim,1,GERMAN,YES,1,P0_CITY,Stadtgrün;Stadtgärtnerei;Werkhof;Werkdienst;Gemeindebetriebe;Friedhof;Parks;Sportanlagen;Schulanlagen;Forst;Liegenschaften;Strassenunterhalt;Arealpflege;Winterdienst,DISCOVERY_PENDING,,TO_DISCOVER,NOT_YET_AUDITED,"Puede publicar en portal propio, ATS compartido, cantón, Job-Room o agregador público."
PUB-CH-BL-MUN-2857,MUNICIPALITY,CH,BL,Basel-Landschaft,2857,Gemeinde/Stadt Rickenbach (BL),Bezirk Sissach,1,GERMAN,NO,3,P2_RURAL,Stadtgrün;Stadtgärtnerei;Werkhof;Werkdienst;Gemeindebetriebe;Friedhof;Parks;Sportanlagen;Schulanlagen;Forst;Liegenschaften;Strassenunterhalt;Arealpflege;Winterdienst,DISCOVERY_PENDING,,TO_DISCOVER,NOT_YET_AUDITED,"Puede publicar en portal propio, ATS compartido, cantón, Job-Room o agregador público."
PUB-CH-BL-MUN-2790,MUNICIPALITY,CH,BL,Basel-Landschaft,2790,Gemeinde/Stadt Roggenburg,Bezirk Laufen,1,GERMAN,NO,3,P2_RURAL,Stadtgrün;Stadtgärtnerei;Werkhof;Werkdienst;Gemeindebetriebe;Friedhof;Parks;Sportanlagen;Schulanlagen;Forst;Liegenschaften;Strassenunterhalt;Arealpflege;Winterdienst,DISCOVERY_PENDING,,TO_DISCOVER,NOT_YET_AUDITED,"Puede publicar en portal propio, ATS compartido, cantón, Job-Room o agregador público."
PUB-CH-BL-MUN-2858,MUNICIPALITY,CH,BL,Basel-Landschaft,2858,Gemeinde/Stadt Rothenfluh,Bezirk Sissach,1,GERMAN,NO,3,P2_RURAL,Stadtgrün;Stadtgärtnerei;Werkhof;Werkdienst;Gemeindebetriebe;Friedhof;Parks;Sportanlagen;Schulanlagen;Forst;Liegenschaften;Strassenunterhalt;Arealpflege;Winterdienst,DISCOVERY_PENDING,,TO_DISCOVER,NOT_YET_AUDITED,"Puede publicar en portal propio, ATS compartido, cantón, Job-Room o agregador público."
PUB-CH-BL-MUN-2791,MUNICIPALITY,CH,BL,Basel-Landschaft,2791,Gemeinde/Stadt Röschenz,Bezirk Laufen,1,GERMAN,NO,2,P1_URBAN_OR_INTERMEDIATE,Stadtgrün;Stadtgärtnerei;Werkhof;Werkdienst;Gemeindebetriebe;Friedhof;Parks;Sportanlagen;Schulanlagen;Forst;Liegenschaften;Strassenunterhalt;Arealpflege;Winterdienst,DISCOVERY_PENDING,,TO_DISCOVER,NOT_YET_AUDITED,"Puede publicar en portal propio, ATS compartido, cantón, Job-Room o agregador público."
PUB-CH-BL-MUN-2859,MUNICIPALITY,CH,BL,Basel-Landschaft,2859,Gemeinde/Stadt Rümlingen,Bezirk Sissach,1,GERMAN,NO,3,P2_RURAL,Stadtgrün;Stadtgärtnerei;Werkhof;Werkdienst;Gemeindebetriebe;Friedhof;Parks;Sportanlagen;Schulanlagen;Forst;Liegenschaften;Strassenunterhalt;Arealpflege;Winterdienst,DISCOVERY_PENDING,,TO_DISCOVER,NOT_YET_AUDITED,"Puede publicar en portal propio, ATS compartido, cantón, Job-Room o agregador público."
PUB-CH-BL-MUN-2860,MUNICIPALITY,CH,BL,Basel-Landschaft,2860,Gemeinde/Stadt Rünenberg,Bezirk Sissach,1,GERMAN,NO,3,P2_RURAL,Stadtgrün;Stadtgärtnerei;Werkhof;Werkdienst;Gemeindebetriebe;Friedhof;Parks;Sportanlagen;Schulanlagen;Forst;Liegenschaften;Strassenunterhalt;Arealpflege;Winterdienst,DISCOVERY_PENDING,,TO_DISCOVER,NOT_YET_AUDITED,"Puede publicar en portal propio, ATS compartido, cantón, Job-Room o agregador público."
PUB-CH-BL-MUN-2774,MUNICIPALITY,CH,BL,Basel-Landschaft,2774,Gemeinde/Stadt Schönenbuch,Bezirk Arlesheim,1,GERMAN,NO,3,P2_RURAL,Stadtgrün;Stadtgärtnerei;Werkhof;Werkdienst;Gemeindebetriebe;Friedhof;Parks;Sportanlagen;Schulanlagen;Forst;Liegenschaften;Strassenunterhalt;Arealpflege;Winterdienst,DISCOVERY_PENDING,,TO_DISCOVER,NOT_YET_AUDITED,"Puede publicar en portal propio, ATS compartido, cantón, Job-Room o agregador público."
PUB-CH-BL-MUN-2833,MUNICIPALITY,CH,BL,Basel-Landschaft,2833,Gemeinde/Stadt Seltisberg,Bezirk Liestal,1,GERMAN,NO,2,P1_URBAN_OR_INTERMEDIATE,Stadtgrün;Stadtgärtnerei;Werkhof;Werkdienst;Gemeindebetriebe;Friedhof;Parks;Sportanlagen;Schulanlagen;Forst;Liegenschaften;Strassenunterhalt;Arealpflege;Winterdienst,DISCOVERY_PENDING,,TO_DISCOVER,NOT_YET_AUDITED,"Puede publicar en portal propio, ATS compartido, cantón, Job-Room o agregador público."
PUB-CH-BL-MUN-2861,MUNICIPALITY,CH,BL,Basel-Landschaft,2861,Gemeinde/Stadt Sissach,Bezirk Sissach,1,GERMAN,NO,2,P1_URBAN_OR_INTERMEDIATE,Stadtgrün;Stadtgärtnerei;Werkhof;Werkdienst;Gemeindebetriebe;Friedhof;Parks;Sportanlagen;Schulanlagen;Forst;Liegenschaften;Strassenunterhalt;Arealpflege;Winterdienst,DISCOVERY_PENDING,,TO_DISCOVER,NOT_YET_AUDITED,"Puede publicar en portal propio, ATS compartido, cantón, Job-Room o agregador público."
PUB-CH-BL-MUN-2862,MUNICIPALITY,CH,BL,Basel-Landschaft,2862,Gemeinde/Stadt Tecknau,Bezirk Sissach,1,GERMAN,NO,2,P1_URBAN_OR_INTERMEDIATE,Stadtgrün;Stadtgärtnerei;Werkhof;Werkdienst;Gemeindebetriebe;Friedhof;Parks;Sportanlagen;Schulanlagen;Forst;Liegenschaften;Strassenunterhalt;Arealpflege;Winterdienst,DISCOVERY_PENDING,,TO_DISCOVER,NOT_YET_AUDITED,"Puede publicar en portal propio, ATS compartido, cantón, Job-Room o agregador público."
PUB-CH-BL-MUN-2863,MUNICIPALITY,CH,BL,Basel-Landschaft,2863,Gemeinde/Stadt Tenniken,Bezirk Sissach,1,GERMAN,NO,2,P1_URBAN_OR_INTERMEDIATE,Stadtgrün;Stadtgärtnerei;Werkhof;Werkdienst;Gemeindebetriebe;Friedhof;Parks;Sportanlagen;Schulanlagen;Forst;Liegenschaften;Strassenunterhalt;Arealpflege;Winterdienst,DISCOVERY_PENDING,,TO_DISCOVER,NOT_YET_AUDITED,"Puede publicar en portal propio, ATS compartido, cantón, Job-Room o agregador público."
PUB-CH-BL-MUN-2775,MUNICIPALITY,CH,BL,Basel-Landschaft,2775,Gemeinde/Stadt Therwil,Bezirk Arlesheim,1,GERMAN,NO,1,P1_URBAN_OR_INTERMEDIATE,Stadtgrün;Stadtgärtnerei;Werkhof;Werkdienst;Gemeindebetriebe;Friedhof;Parks;Sportanlagen;Schulanlagen;Forst;Liegenschaften;Strassenunterhalt;Arealpflege;Winterdienst,DISCOVERY_PENDING,,TO_DISCOVER,NOT_YET_AUDITED,"Puede publicar en portal propio, ATS compartido, cantón, Job-Room o agregador público."
PUB-CH-BL-MUN-2864,MUNICIPALITY,CH,BL,Basel-Landschaft,2864,Gemeinde/Stadt Thürnen,Bezirk Sissach,1,GERMAN,NO,2,P1_URBAN_OR_INTERMEDIATE,Stadtgrün;Stadtgärtnerei;Werkhof;Werkdienst;Gemeindebetriebe;Friedhof;Parks;Sportanlagen;Schulanlagen;Forst;Liegenschaften;Strassenunterhalt;Arealpflege;Winterdienst,DISCOVERY_PENDING,,TO_DISCOVER,NOT_YET_AUDITED,"Puede publicar en portal propio, ATS compartido, cantón, Job-Room o agregador público."
PUB-CH-BL-MUN-2894,MUNICIPALITY,CH,BL,Basel-Landschaft,2894,Gemeinde/Stadt Titterten,Bezirk Waldenburg,1,GERMAN,NO,3,P2_RURAL,Stadtgrün;Stadtgärtnerei;Werkhof;Werkdienst;Gemeindebetriebe;Friedhof;Parks;Sportanlagen;Schulanlagen;Forst;Liegenschaften;Strassenunterhalt;Arealpflege;Winterdienst,DISCOVERY_PENDING,,TO_DISCOVER,NOT_YET_AUDITED,"Puede publicar en portal propio, ATS compartido, cantón, Job-Room o agregador público."
PUB-CH-BL-MUN-2792,MUNICIPALITY,CH,BL,Basel-Landschaft,2792,Gemeinde/Stadt Wahlen,Bezirk Laufen,1,GERMAN,NO,2,P1_URBAN_OR_INTERMEDIATE,Stadtgrün;Stadtgärtnerei;Werkhof;Werkdienst;Gemeindebetriebe;Friedhof;Parks;Sportanlagen;Schulanlagen;Forst;Liegenschaften;Strassenunterhalt;Arealpflege;Winterdienst,DISCOVERY_PENDING,,TO_DISCOVER,NOT_YET_AUDITED,"Puede publicar en portal propio, ATS compartido, cantón, Job-Room o agregador público."
PUB-CH-BL-MUN-2895,MUNICIPALITY,CH,BL,Basel-Landschaft,2895,Gemeinde/Stadt Waldenburg,Bezirk Waldenburg,1,GERMAN,NO,2,P1_URBAN_OR_INTERMEDIATE,Stadtgrün;Stadtgärtnerei;Werkhof;Werkdienst;Gemeindebetriebe;Friedhof;Parks;Sportanlagen;Schulanlagen;Forst;Liegenschaften;Strassenunterhalt;Arealpflege;Winterdienst,DISCOVERY_PENDING,,TO_DISCOVER,NOT_YET_AUDITED,"Puede publicar en portal propio, ATS compartido, cantón, Job-Room o agregador público."
PUB-CH-BL-MUN-2865,MUNICIPALITY,CH,BL,Basel-Landschaft,2865,Gemeinde/Stadt Wenslingen,Bezirk Sissach,1,GERMAN,NO,3,P2_RURAL,Stadtgrün;Stadtgärtnerei;Werkhof;Werkdienst;Gemeindebetriebe;Friedhof;Parks;Sportanlagen;Schulanlagen;Forst;Liegenschaften;Strassenunterhalt;Arealpflege;Winterdienst,DISCOVERY_PENDING,,TO_DISCOVER,NOT_YET_AUDITED,"Puede publicar en portal propio, ATS compartido, cantón, Job-Room o agregador público."
PUB-CH-BL-MUN-2866,MUNICIPALITY,CH,BL,Basel-Landschaft,2866,Gemeinde/Stadt Wintersingen,Bezirk Sissach,1,GERMAN,NO,3,P2_RURAL,Stadtgrün;Stadtgärtnerei;Werkhof;Werkdienst;Gemeindebetriebe;Friedhof;Parks;Sportanlagen;Schulanlagen;Forst;Liegenschaften;Strassenunterhalt;Arealpflege;Winterdienst,DISCOVERY_PENDING,,TO_DISCOVER,NOT_YET_AUDITED,"Puede publicar en portal propio, ATS compartido, cantón, Job-Room o agregador público."
PUB-CH-BL-MUN-2867,MUNICIPALITY,CH,BL,Basel-Landschaft,2867,Gemeinde/Stadt Wittinsburg,Bezirk Sissach,1,GERMAN,NO,3,P2_RURAL,Stadtgrün;Stadtgärtnerei;Werkhof;Werkdienst;Gemeindebetriebe;Friedhof;Parks;Sportanlagen;Schulanlagen;Forst;Liegenschaften;Strassenunterhalt;Arealpflege;Winterdienst,DISCOVERY_PENDING,,TO_DISCOVER,NOT_YET_AUDITED,"Puede publicar en portal propio, ATS compartido, cantón, Job-Room o agregador público."
PUB-CH-BL-MUN-2868,MUNICIPALITY,CH,BL,Basel-Landschaft,2868,Gemeinde/Stadt Zeglingen,Bezirk Sissach,1,GERMAN,NO,3,P2_RURAL,Stadtgrün;Stadtgärtnerei;Werkhof;Werkdienst;Gemeindebetriebe;Friedhof;Parks;Sportanlagen;Schulanlagen;Forst;Liegenschaften;Strassenunterhalt;Arealpflege;Winterdienst,DISCOVERY_PENDING,,TO_DISCOVER,NOT_YET_AUDITED,"Puede publicar en portal propio, ATS compartido, cantón, Job-Room o agregador público."
PUB-CH-BL-MUN-2834,MUNICIPALITY,CH,BL,Basel-Landschaft,2834,Gemeinde/Stadt Ziefen,Bezirk Liestal,1,GERMAN,NO,3,P2_RURAL,Stadtgrün;Stadtgärtnerei;Werkhof;Werkdienst;Gemeindebetriebe;Friedhof;Parks;Sportanlagen;Schulanlagen;Forst;Liegenschaften;Strassenunterhalt;Arealpflege;Winterdienst,DISCOVERY_PENDING,,TO_DISCOVER,NOT_YET_AUDITED,"Puede publicar en portal propio, ATS compartido, cantón, Job-Room o agregador público."
PUB-CH-BL-MUN-2869,MUNICIPALITY,CH,BL,Basel-Landschaft,2869,Gemeinde/Stadt Zunzgen,Bezirk Sissach,1,GERMAN,NO,2,P1_URBAN_OR_INTERMEDIATE,Stadtgrün;Stadtgärtnerei;Werkhof;Werkdienst;Gemeindebetriebe;Friedhof;Parks;Sportanlagen;Schulanlagen;Forst;Liegenschaften;Strassenunterhalt;Arealpflege;Winterdienst,DISCOVERY_PENDING,,TO_DISCOVER,NOT_YET_AUDITED,"Puede publicar en portal propio, ATS compartido, cantón, Job-Room o agregador público."
PUB-CH-BL-MUN-2793,MUNICIPALITY,CH,BL,Basel-Landschaft,2793,Gemeinde/Stadt Zwingen,Bezirk Laufen,1,GERMAN,NO,2,P1_URBAN_OR_INTERMEDIATE,Stadtgrün;Stadtgärtnerei;Werkhof;Werkdienst;Gemeindebetriebe;Friedhof;Parks;Sportanlagen;Schulanlagen;Forst;Liegenschaften;Strassenunterhalt;Arealpflege;Winterdienst,DISCOVERY_PENDING,,TO_DISCOVER,NOT_YET_AUDITED,"Puede publicar en portal propio, ATS compartido, cantón, Job-Room o agregador público."
PUB-CH-BS-MUN-2701,MUNICIPALITY,CH,BS,Basel-Stadt,2701,Gemeinde/Stadt Basel,Kanton Basel-Stadt,1,GERMAN,YES,1,P0_CITY,Stadtgrün;Stadtgärtnerei;Werkhof;Werkdienst;Gemeindebetriebe;Friedhof;Parks;Sportanlagen;Schulanlagen;Forst;Liegenschaften;Strassenunterhalt;Arealpflege;Winterdienst,VERIFIED,https://jobs.arbeitgeber.bs.ch/,BS_EMPLOYER_PORTAL,VERIFIED_SHARED_CITY_CANTON_PORTAL,Unidad verde conocida: Stadtgärtnerei Basel-Stadt.
PUB-CH-BS-MUN-2702,MUNICIPALITY,CH,BS,Basel-Stadt,2702,Gemeinde/Stadt Bettingen,Kanton Basel-Stadt,1,GERMAN,NO,2,P1_URBAN_OR_INTERMEDIATE,Stadtgrün;Stadtgärtnerei;Werkhof;Werkdienst;Gemeindebetriebe;Friedhof;Parks;Sportanlagen;Schulanlagen;Forst;Liegenschaften;Strassenunterhalt;Arealpflege;Winterdienst,DISCOVERY_PENDING,,TO_DISCOVER,NOT_YET_AUDITED,"Puede publicar en portal propio, ATS compartido, cantón, Job-Room o agregador público."
PUB-CH-BS-MUN-2703,MUNICIPALITY,CH,BS,Basel-Stadt,2703,Gemeinde/Stadt Riehen,Kanton Basel-Stadt,1,GERMAN,YES,1,P0_CITY,Stadtgrün;Stadtgärtnerei;Werkhof;Werkdienst;Gemeindebetriebe;Friedhof;Parks;Sportanlagen;Schulanlagen;Forst;Liegenschaften;Strassenunterhalt;Arealpflege;Winterdienst,DISCOVERY_PENDING,,TO_DISCOVER,NOT_YET_AUDITED,"Puede publicar en portal propio, ATS compartido, cantón, Job-Room o agregador público."
PUB-CH-FR-MUN-2292,MUNICIPALITY,CH,FR,Fribourg/Freiburg,2292,Gemeinde/Stadt Brünisried,Bezirk Sense,1,GERMAN,NO,3,P2_RURAL,Stadtgrün;Stadtgärtnerei;Werkhof;Werkdienst;Gemeindebetriebe;Friedhof;Parks;Sportanlagen;Schulanlagen;Forst;Liegenschaften;Strassenunterhalt;Arealpflege;Winterdienst,DISCOVERY_PENDING,,TO_DISCOVER,NOT_YET_AUDITED,"Puede publicar en portal propio, ATS compartido, cantón, Job-Room o agregador público."
PUB-CH-FR-MUN-2295,MUNICIPALITY,CH,FR,Fribourg/Freiburg,2295,Gemeinde/Stadt Bösingen,Bezirk Sense,1,GERMAN,NO,2,P1_URBAN_OR_INTERMEDIATE,Stadtgrün;Stadtgärtnerei;Werkhof;Werkdienst;Gemeindebetriebe;Friedhof;Parks;Sportanlagen;Schulanlagen;Forst;Liegenschaften;Strassenunterhalt;Arealpflege;Winterdienst,DISCOVERY_PENDING,,TO_DISCOVER,NOT_YET_AUDITED,"Puede publicar en portal propio, ATS compartido, cantón, Job-Room o agregador público."
PUB-CH-FR-MUN-2250,MUNICIPALITY,CH,FR,Fribourg/Freiburg,2250,Gemeinde/Stadt Courgevaux,Bezirk See / District du Lac,1,GERMAN,NO,2,P1_URBAN_OR_INTERMEDIATE,Stadtgrün;Stadtgärtnerei;Werkhof;Werkdienst;Gemeindebetriebe;Friedhof;Parks;Sportanlagen;Schulanlagen;Forst;Liegenschaften;Strassenunterhalt;Arealpflege;Winterdienst,DISCOVERY_PENDING,,TO_DISCOVER,NOT_YET_AUDITED,"Puede publicar en portal propio, ATS compartido, cantón, Job-Room o agregador público."
PUB-CH-FR-MUN-2293,MUNICIPALITY,CH,FR,Fribourg/Freiburg,2293,Gemeinde/Stadt Düdingen,Bezirk Sense,1,GERMAN,NO,2,P1_URBAN_OR_INTERMEDIATE,Stadtgrün;Stadtgärtnerei;Werkhof;Werkdienst;Gemeindebetriebe;Friedhof;Parks;Sportanlagen;Schulanlagen;Forst;Liegenschaften;Strassenunterhalt;Arealpflege;Winterdienst,DISCOVERY_PENDING,,TO_DISCOVER,NOT_YET_AUDITED,"Puede publicar en portal propio, ATS compartido, cantón, Job-Room o agregador público."
PUB-CH-FR-MUN-2258,MUNICIPALITY,CH,FR,Fribourg/Freiburg,2258,Gemeinde/Stadt Fräschels,Bezirk See / District du Lac,1,GERMAN,NO,3,P2_RURAL,Stadtgrün;Stadtgärtnerei;Werkhof;Werkdienst;Gemeindebetriebe;Friedhof;Parks;Sportanlagen;Schulanlagen;Forst;Liegenschaften;Strassenunterhalt;Arealpflege;Winterdienst,DISCOVERY_PENDING,,TO_DISCOVER,NOT_YET_AUDITED,"Puede publicar en portal propio, ATS compartido, cantón, Job-Room o agregador público."
PUB-CH-FR-MUN-2294,MUNICIPALITY,CH,FR,Fribourg/Freiburg,2294,Gemeinde/Stadt Giffers,Bezirk Sense,1,GERMAN,NO,3,P2_RURAL,Stadtgrün;Stadtgärtnerei;Werkhof;Werkdienst;Gemeindebetriebe;Friedhof;Parks;Sportanlagen;Schulanlagen;Forst;Liegenschaften;Strassenunterhalt;Arealpflege;Winterdienst,DISCOVERY_PENDING,,TO_DISCOVER,NOT_YET_AUDITED,"Puede publicar en portal propio, ATS compartido, cantón, Job-Room o agregador público."
PUB-CH-FR-MUN-2261,MUNICIPALITY,CH,FR,Fribourg/Freiburg,2261,Gemeinde/Stadt Greng,Bezirk See / District du Lac,1,GERMAN,NO,3,P2_RURAL,Stadtgrün;Stadtgärtnerei;Werkhof;Werkdienst;Gemeindebetriebe;Friedhof;Parks;Sportanlagen;Schulanlagen;Forst;Liegenschaften;Strassenunterhalt;Arealpflege;Winterdienst,DISCOVERY_PENDING,,TO_DISCOVER,NOT_YET_AUDITED,"Puede publicar en portal propio, ATS compartido, cantón, Job-Room o agregador público."
PUB-CH-FR-MUN-2262,MUNICIPALITY,CH,FR,Fribourg/Freiburg,2262,Gemeinde/Stadt Gurmels,Bezirk See / District du Lac,1,GERMAN,NO,3,P2_RURAL,Stadtgrün;Stadtgärtnerei;Werkhof;Werkdienst;Gemeindebetriebe;Friedhof;Parks;Sportanlagen;Schulanlagen;Forst;Liegenschaften;Strassenunterhalt;Arealpflege;Winterdienst,DISCOVERY_PENDING,,TO_DISCOVER,NOT_YET_AUDITED,"Puede publicar en portal propio, ATS compartido, cantón, Job-Room o agregador público."
PUB-CH-FR-MUN-2296,MUNICIPALITY,CH,FR,Fribourg/Freiburg,2296,Gemeinde/Stadt Heitenried,Bezirk Sense,1,GERMAN,NO,3,P2_RURAL,Stadtgrün;Stadtgärtnerei;Werkhof;Werkdienst;Gemeindebetriebe;Friedhof;Parks;Sportanlagen;Schulanlagen;Forst;Liegenschaften;Strassenunterhalt;Arealpflege;Winterdienst,DISCOVERY_PENDING,,TO_DISCOVER,NOT_YET_AUDITED,"Puede publicar en portal propio, ATS compartido, cantón, Job-Room o agregador público."
PUB-CH-FR-MUN-2138,MUNICIPALITY,CH,FR,Fribourg/Freiburg,2138,Gemeinde/Stadt Jaun,District de la Gruyère,1,GERMAN,NO,3,P2_RURAL,Stadtgrün;Stadtgärtnerei;Werkhof;Werkdienst;Gemeindebetriebe;Friedhof;Parks;Sportanlagen;Schulanlagen;Forst;Liegenschaften;Strassenunterhalt;Arealpflege;Winterdienst,DISCOVERY_PENDING,,TO_DISCOVER,NOT_YET_AUDITED,"Puede publicar en portal propio, ATS compartido, cantón, Job-Room o agregador público."
PUB-CH-FR-MUN-2265,MUNICIPALITY,CH,FR,Fribourg/Freiburg,2265,Gemeinde/Stadt Kerzers,Bezirk See / District du Lac,1,GERMAN,NO,2,P1_URBAN_OR_INTERMEDIATE,Stadtgrün;Stadtgärtnerei;Werkhof;Werkdienst;Gemeindebetriebe;Friedhof;Parks;Sportanlagen;Schulanlagen;Forst;Liegenschaften;Strassenunterhalt;Arealpflege;Winterdienst,DISCOVERY_PENDING,,TO_DISCOVER,NOT_YET_AUDITED,"Puede publicar en portal propio, ATS compartido, cantón, Job-Room o agregador público."
PUB-CH-FR-MUN-2266,MUNICIPALITY,CH,FR,Fribourg/Freiburg,2266,Gemeinde/Stadt Kleinbösingen,Bezirk See / District du Lac,1,GERMAN,NO,3,P2_RURAL,Stadtgrün;Stadtgärtnerei;Werkhof;Werkdienst;Gemeindebetriebe;Friedhof;Parks;Sportanlagen;Schulanlagen;Forst;Liegenschaften;Strassenunterhalt;Arealpflege;Winterdienst,DISCOVERY_PENDING,,TO_DISCOVER,NOT_YET_AUDITED,"Puede publicar en portal propio, ATS compartido, cantón, Job-Room o agregador público."
PUB-CH-FR-MUN-2271,MUNICIPALITY,CH,FR,Fribourg/Freiburg,2271,Gemeinde/Stadt Meyriez,Bezirk See / District du Lac,1,GERMAN,NO,2,P1_URBAN_OR_INTERMEDIATE,Stadtgrün;Stadtgärtnerei;Werkhof;Werkdienst;Gemeindebetriebe;Friedhof;Parks;Sportanlagen;Schulanlagen;Forst;Liegenschaften;Strassenunterhalt;Arealpflege;Winterdienst,DISCOVERY_PENDING,,TO_DISCOVER,NOT_YET_AUDITED,"Puede publicar en portal propio, ATS compartido, cantón, Job-Room o agregador público."
PUB-CH-FR-MUN-2274,MUNICIPALITY,CH,FR,Fribourg/Freiburg,2274,Gemeinde/Stadt Muntelier,Bezirk See / District du Lac,1,GERMAN,NO,2,P1_URBAN_OR_INTERMEDIATE,Stadtgrün;Stadtgärtnerei;Werkhof;Werkdienst;Gemeindebetriebe;Friedhof;Parks;Sportanlagen;Schulanlagen;Forst;Liegenschaften;Strassenunterhalt;Arealpflege;Winterdienst,DISCOVERY_PENDING,,TO_DISCOVER,NOT_YET_AUDITED,"Puede publicar en portal propio, ATS compartido, cantón, Job-Room o agregador público."
PUB-CH-FR-MUN-2275,MUNICIPALITY,CH,FR,Fribourg/Freiburg,2275,Gemeinde/Stadt Murten,Bezirk See / District du Lac,1,GERMAN,NO,2,P1_URBAN_OR_INTERMEDIATE,Stadtgrün;Stadtgärtnerei;Werkhof;Werkdienst;Gemeindebetriebe;Friedhof;Parks;Sportanlagen;Schulanlagen;Forst;Liegenschaften;Strassenunterhalt;Arealpflege;Winterdienst,DISCOVERY_PENDING,,TO_DISCOVER,NOT_YET_AUDITED,"Puede publicar en portal propio, ATS compartido, cantón, Job-Room o agregador público."
PUB-CH-FR-MUN-2299,MUNICIPALITY,CH,FR,Fribourg/Freiburg,2299,Gemeinde/Stadt Plaffeien,Bezirk Sense,1,GERMAN,NO,3,P2_RURAL,Stadtgrün;Stadtgärtnerei;Werkhof;Werkdienst;Gemeindebetriebe;Friedhof;Parks;Sportanlagen;Schulanlagen;Forst;Liegenschaften;Strassenunterhalt;Arealpflege;Winterdienst,DISCOVERY_PENDING,,TO_DISCOVER,NOT_YET_AUDITED,"Puede publicar en portal propio, ATS compartido, cantón, Job-Room o agregador público."
PUB-CH-FR-MUN-2300,MUNICIPALITY,CH,FR,Fribourg/Freiburg,2300,Gemeinde/Stadt Plasselb,Bezirk Sense,1,GERMAN,NO,3,P2_RURAL,Stadtgrün;Stadtgärtnerei;Werkhof;Werkdienst;Gemeindebetriebe;Friedhof;Parks;Sportanlagen;Schulanlagen;Forst;Liegenschaften;Strassenunterhalt;Arealpflege;Winterdienst,DISCOVERY_PENDING,,TO_DISCOVER,NOT_YET_AUDITED,"Puede publicar en portal propio, ATS compartido, cantón, Job-Room o agregador público."
PUB-CH-FR-MUN-2301,MUNICIPALITY,CH,FR,Fribourg/Freiburg,2301,Gemeinde/Stadt Rechthalten,Bezirk Sense,1,GERMAN,NO,3,P2_RURAL,Stadtgrün;Stadtgärtnerei;Werkhof;Werkdienst;Gemeindebetriebe;Friedhof;Parks;Sportanlagen;Schulanlagen;Forst;Liegenschaften;Strassenunterhalt;Arealpflege;Winterdienst,DISCOVERY_PENDING,,TO_DISCOVER,NOT_YET_AUDITED,"Puede publicar en portal propio, ATS compartido, cantón, Job-Room o agregador público."
PUB-CH-FR-MUN-2276,MUNICIPALITY,CH,FR,Fribourg/Freiburg,2276,Gemeinde/Stadt Ried bei Kerzers,Bezirk See / District du Lac,1,GERMAN,NO,2,P1_URBAN_OR_INTERMEDIATE,Stadtgrün;Stadtgärtnerei;Werkhof;Werkdienst;Gemeindebetriebe;Friedhof;Parks;Sportanlagen;Schulanlagen;Forst;Liegenschaften;Strassenunterhalt;Arealpflege;Winterdienst,DISCOVERY_PENDING,,TO_DISCOVER,NOT_YET_AUDITED,"Puede publicar en portal propio, ATS compartido, cantón, Job-Room o agregador público."
PUB-CH-FR-MUN-2305,MUNICIPALITY,CH,FR,Fribourg/Freiburg,2305,Gemeinde/Stadt Schmitten (FR),Bezirk Sense,1,GERMAN,NO,2,P1_URBAN_OR_INTERMEDIATE,Stadtgrün;Stadtgärtnerei;Werkhof;Werkdienst;Gemeindebetriebe;Friedhof;Parks;Sportanlagen;Schulanlagen;Forst;Liegenschaften;Strassenunterhalt;Arealpflege;Winterdienst,DISCOVERY_PENDING,,TO_DISCOVER,NOT_YET_AUDITED,"Puede publicar en portal propio, ATS compartido, cantón, Job-Room o agregador público."
PUB-CH-FR-MUN-2303,MUNICIPALITY,CH,FR,Fribourg/Freiburg,2303,Gemeinde/Stadt St. Silvester,Bezirk Sense,1,GERMAN,NO,3,P2_RURAL,Stadtgrün;Stadtgärtnerei;Werkhof;Werkdienst;Gemeindebetriebe;Friedhof;Parks;Sportanlagen;Schulanlagen;Forst;Liegenschaften;Strassenunterhalt;Arealpflege;Winterdienst,DISCOVERY_PENDING,,TO_DISCOVER,NOT_YET_AUDITED,"Puede publicar en portal propio, ATS compartido, cantón, Job-Room o agregador público."
PUB-CH-FR-MUN-2304,MUNICIPALITY,CH,FR,Fribourg/Freiburg,2304,Gemeinde/Stadt St. Ursen,Bezirk Sense,1,GERMAN,NO,3,P2_RURAL,Stadtgrün;Stadtgärtnerei;Werkhof;Werkdienst;Gemeindebetriebe;Friedhof;Parks;Sportanlagen;Schulanlagen;Forst;Liegenschaften;Strassenunterhalt;Arealpflege;Winterdienst,DISCOVERY_PENDING,,TO_DISCOVER,NOT_YET_AUDITED,"Puede publicar en portal propio, ATS compartido, cantón, Job-Room o agregador público."
PUB-CH-FR-MUN-2306,MUNICIPALITY,CH,FR,Fribourg/Freiburg,2306,Gemeinde/Stadt Tafers,Bezirk Sense,1,GERMAN,NO,3,P2_RURAL,Stadtgrün;Stadtgärtnerei;Werkhof;Werkdienst;Gemeindebetriebe;Friedhof;Parks;Sportanlagen;Schulanlagen;Forst;Liegenschaften;Strassenunterhalt;Arealpflege;Winterdienst,DISCOVERY_PENDING,,TO_DISCOVER,NOT_YET_AUDITED,"Puede publicar en portal propio, ATS compartido, cantón, Job-Room o agregador público."
PUB-CH-FR-MUN-2307,MUNICIPALITY,CH,FR,Fribourg/Freiburg,2307,Gemeinde/Stadt Tentlingen,Bezirk Sense,1,GERMAN,NO,3,P2_RURAL,Stadtgrün;Stadtgärtnerei;Werkhof;Werkdienst;Gemeindebetriebe;Friedhof;Parks;Sportanlagen;Schulanlagen;Forst;Liegenschaften;Strassenunterhalt;Arealpflege;Winterdienst,DISCOVERY_PENDING,,TO_DISCOVER,NOT_YET_AUDITED,"Puede publicar en portal propio, ATS compartido, cantón, Job-Room o agregador público."
PUB-CH-FR-MUN-2308,MUNICIPALITY,CH,FR,Fribourg/Freiburg,2308,Gemeinde/Stadt Ueberstorf,Bezirk Sense,1,GERMAN,NO,3,P2_RURAL,Stadtgrün;Stadtgärtnerei;Werkhof;Werkdienst;Gemeindebetriebe;Friedhof;Parks;Sportanlagen;Schulanlagen;Forst;Liegenschaften;Strassenunterhalt;Arealpflege;Winterdienst,DISCOVERY_PENDING,,TO_DISCOVER,NOT_YET_AUDITED,"Puede publicar en portal propio, ATS compartido, cantón, Job-Room o agregador público."
PUB-CH-FR-MUN-2309,MUNICIPALITY,CH,FR,Fribourg/Freiburg,2309,Gemeinde/Stadt Wünnewil-Flamatt,Bezirk Sense,1,GERMAN,NO,2,P1_URBAN_OR_INTERMEDIATE,Stadtgrün;Stadtgärtnerei;Werkhof;Werkdienst;Gemeindebetriebe;Friedhof;Parks;Sportanlagen;Schulanlagen;Forst;Liegenschaften;Strassenunterhalt;Arealpflege;Winterdienst,DISCOVERY_PENDING,,TO_DISCOVER,NOT_YET_AUDITED,"Puede publicar en portal propio, ATS compartido, cantón, Job-Room o agregador público."
PUB-CH-GL-MUN-1632,MUNICIPALITY,CH,GL,Glarus,1632,Gemeinde/Stadt Glarus,Kanton Glarus,1,GERMAN,YES,2,P0_CITY,Stadtgrün;Stadtgärtnerei;Werkhof;Werkdienst;Gemeindebetriebe;Friedhof;Parks;Sportanlagen;Schulanlagen;Forst;Liegenschaften;Strassenunterhalt;Arealpflege;Winterdienst,DISCOVERY_PENDING,,TO_DISCOVER,NOT_YET_AUDITED,"Puede publicar en portal propio, ATS compartido, cantón, Job-Room o agregador público."
PUB-CH-GL-MUN-1630,MUNICIPALITY,CH,GL,Glarus,1630,Gemeinde/Stadt Glarus Nord,Kanton Glarus,1,GERMAN,YES,2,P0_CITY,Stadtgrün;Stadtgärtnerei;Werkhof;Werkdienst;Gemeindebetriebe;Friedhof;Parks;Sportanlagen;Schulanlagen;Forst;Liegenschaften;Strassenunterhalt;Arealpflege;Winterdienst,DISCOVERY_PENDING,,TO_DISCOVER,NOT_YET_AUDITED,"Puede publicar en portal propio, ATS compartido, cantón, Job-Room o agregador público."
PUB-CH-GL-MUN-1631,MUNICIPALITY,CH,GL,Glarus,1631,Gemeinde/Stadt Glarus Süd,Kanton Glarus,1,GERMAN,NO,3,P2_RURAL,Stadtgrün;Stadtgärtnerei;Werkhof;Werkdienst;Gemeindebetriebe;Friedhof;Parks;Sportanlagen;Schulanlagen;Forst;Liegenschaften;Strassenunterhalt;Arealpflege;Winterdienst,DISCOVERY_PENDING,,TO_DISCOVER,NOT_YET_AUDITED,"Puede publicar en portal propio, ATS compartido, cantón, Job-Room o agregador público."
PUB-CH-GR-MUN-3542,MUNICIPALITY,CH,GR,Graubünden,3542,Gemeinde/Stadt Albula/Alvra,Region Albula,1,GERMAN,NO,3,P2_RURAL,Stadtgrün;Stadtgärtnerei;Werkhof;Werkdienst;Gemeindebetriebe;Friedhof;Parks;Sportanlagen;Schulanlagen;Forst;Liegenschaften;Strassenunterhalt;Arealpflege;Winterdienst,DISCOVERY_PENDING,,TO_DISCOVER,NOT_YET_AUDITED,"Puede publicar en portal propio, ATS compartido, cantón, Job-Room o agregador público."
PUB-CH-GR-MUN-3701,MUNICIPALITY,CH,GR,Graubünden,3701,Gemeinde/Stadt Andeer,Region Viamala,1,GERMAN,NO,3,P2_RURAL,Stadtgrün;Stadtgärtnerei;Werkhof;Werkdienst;Gemeindebetriebe;Friedhof;Parks;Sportanlagen;Schulanlagen;Forst;Liegenschaften;Strassenunterhalt;Arealpflege;Winterdienst,DISCOVERY_PENDING,,TO_DISCOVER,NOT_YET_AUDITED,"Puede publicar en portal propio, ATS compartido, cantón, Job-Room o agregador público."
PUB-CH-GR-MUN-3921,MUNICIPALITY,CH,GR,Graubünden,3921,Gemeinde/Stadt Arosa,Region Plessur,1,GERMAN,NO,3,P2_RURAL,Stadtgrün;Stadtgärtnerei;Werkhof;Werkdienst;Gemeindebetriebe;Friedhof;Parks;Sportanlagen;Schulanlagen;Forst;Liegenschaften;Strassenunterhalt;Arealpflege;Winterdienst,DISCOVERY_PENDING,,TO_DISCOVER,NOT_YET_AUDITED,"Puede publicar en portal propio, ATS compartido, cantón, Job-Room o agregador público."
PUB-CH-GR-MUN-3681,MUNICIPALITY,CH,GR,Graubünden,3681,Gemeinde/Stadt Avers,Region Viamala,1,GERMAN,NO,3,P2_RURAL,Stadtgrün;Stadtgärtnerei;Werkhof;Werkdienst;Gemeindebetriebe;Friedhof;Parks;Sportanlagen;Schulanlagen;Forst;Liegenschaften;Strassenunterhalt;Arealpflege;Winterdienst,DISCOVERY_PENDING,,TO_DISCOVER,NOT_YET_AUDITED,"Puede publicar en portal propio, ATS compartido, cantón, Job-Room o agregador público."
PUB-CH-GR-MUN-3544,MUNICIPALITY,CH,GR,Graubünden,3544,Gemeinde/Stadt Bergün Filisur,Region Albula,1,GERMAN,NO,3,P2_RURAL,Stadtgrün;Stadtgärtnerei;Werkhof;Werkdienst;Gemeindebetriebe;Friedhof;Parks;Sportanlagen;Schulanlagen;Forst;Liegenschaften;Strassenunterhalt;Arealpflege;Winterdienst,DISCOVERY_PENDING,,TO_DISCOVER,NOT_YET_AUDITED,"Puede publicar en portal propio, ATS compartido, cantón, Job-Room o agregador público."
PUB-CH-GR-MUN-3781,MUNICIPALITY,CH,GR,Graubünden,3781,Gemeinde/Stadt Bever,Region Maloja,1,GERMAN,NO,3,P2_RURAL,Stadtgrün;Stadtgärtnerei;Werkhof;Werkdienst;Gemeindebetriebe;Friedhof;Parks;Sportanlagen;Schulanlagen;Forst;Liegenschaften;Strassenunterhalt;Arealpflege;Winterdienst,DISCOVERY_PENDING,,TO_DISCOVER,NOT_YET_AUDITED,"Puede publicar en portal propio, ATS compartido, cantón, Job-Room o agregador público."
PUB-CH-GR-MUN-3721,MUNICIPALITY,CH,GR,Graubünden,3721,Gemeinde/Stadt Bonaduz,Region Imboden,1,GERMAN,NO,2,P1_URBAN_OR_INTERMEDIATE,Stadtgrün;Stadtgärtnerei;Werkhof;Werkdienst;Gemeindebetriebe;Friedhof;Parks;Sportanlagen;Schulanlagen;Forst;Liegenschaften;Strassenunterhalt;Arealpflege;Winterdienst,DISCOVERY_PENDING,,TO_DISCOVER,NOT_YET_AUDITED,"Puede publicar en portal propio, ATS compartido, cantón, Job-Room o agregador público."
PUB-CH-GR-MUN-3661,MUNICIPALITY,CH,GR,Graubünden,3661,Gemeinde/Stadt Cazis,Region Viamala,1,GERMAN,NO,2,P1_URBAN_OR_INTERMEDIATE,Stadtgrün;Stadtgärtnerei;Werkhof;Werkdienst;Gemeindebetriebe;Friedhof;Parks;Sportanlagen;Schulanlagen;Forst;Liegenschaften;Strassenunterhalt;Arealpflege;Winterdienst,DISCOVERY_PENDING,,TO_DISCOVER,NOT_YET_AUDITED,"Puede publicar en portal propio, ATS compartido, cantón, Job-Room o agregador público."
PUB-CH-GR-MUN-3782,MUNICIPALITY,CH,GR,Graubünden,3782,Gemeinde/Stadt Celerina/Schlarigna,Region Maloja,1,GERMAN,NO,2,P1_URBAN_OR_INTERMEDIATE,Stadtgrün;Stadtgärtnerei;Werkhof;Werkdienst;Gemeindebetriebe;Friedhof;Parks;Sportanlagen;Schulanlagen;Forst;Liegenschaften;Strassenunterhalt;Arealpflege;Winterdienst,DISCOVERY_PENDING,,TO_DISCOVER,NOT_YET_AUDITED,"Puede publicar en portal propio, ATS compartido, cantón, Job-Room o agregador público."
PUB-CH-GR-MUN-3901,MUNICIPALITY,CH,GR,Graubünden,3901,Gemeinde/Stadt Chur,Region Plessur,1,GERMAN,YES,2,P0_CITY,Stadtgrün;Stadtgärtnerei;Werkhof;Werkdienst;Gemeindebetriebe;Friedhof;Parks;Sportanlagen;Schulanlagen;Forst;Liegenschaften;Strassenunterhalt;Arealpflege;Winterdienst,DISCOVERY_PENDING,,TO_DISCOVER,NOT_YET_AUDITED,"Puede publicar en portal propio, ATS compartido, cantón, Job-Room o agregador público."
PUB-CH-GR-MUN-3911,MUNICIPALITY,CH,GR,Graubünden,3911,Gemeinde/Stadt Churwalden,Region Plessur,1,GERMAN,NO,3,P2_RURAL,Stadtgrün;Stadtgärtnerei;Werkhof;Werkdienst;Gemeindebetriebe;Friedhof;Parks;Sportanlagen;Schulanlagen;Forst;Liegenschaften;Strassenunterhalt;Arealpflege;Winterdienst,DISCOVERY_PENDING,,TO_DISCOVER,NOT_YET_AUDITED,"Puede publicar en portal propio, ATS compartido, cantón, Job-Room o agregador público."
PUB-CH-GR-MUN-3881,MUNICIPALITY,CH,GR,Graubünden,3881,Gemeinde/Stadt Conters im Prättigau,Region Prättigau / Davos,1,GERMAN,NO,3,P2_RURAL,Stadtgrün;Stadtgärtnerei;Werkhof;Werkdienst;Gemeindebetriebe;Friedhof;Parks;Sportanlagen;Schulanlagen;Forst;Liegenschaften;Strassenunterhalt;Arealpflege;Winterdienst,DISCOVERY_PENDING,,TO_DISCOVER,NOT_YET_AUDITED,"Puede publicar en portal propio, ATS compartido, cantón, Job-Room o agregador público."
PUB-CH-GR-MUN-3851,MUNICIPALITY,CH,GR,Graubünden,3851,Gemeinde/Stadt Davos,Region Prättigau / Davos,1,GERMAN,YES,2,P0_CITY,Stadtgrün;Stadtgärtnerei;Werkhof;Werkdienst;Gemeindebetriebe;Friedhof;Parks;Sportanlagen;Schulanlagen;Forst;Liegenschaften;Strassenunterhalt;Arealpflege;Winterdienst,DISCOVERY_PENDING,,TO_DISCOVER,NOT_YET_AUDITED,"Puede publicar en portal propio, ATS compartido, cantón, Job-Room o agregador público."
PUB-CH-GR-MUN-3722,MUNICIPALITY,CH,GR,Graubünden,3722,Gemeinde/Stadt Domat/Ems,Region Imboden,1,GERMAN,NO,2,P1_URBAN_OR_INTERMEDIATE,Stadtgrün;Stadtgärtnerei;Werkhof;Werkdienst;Gemeindebetriebe;Friedhof;Parks;Sportanlagen;Schulanlagen;Forst;Liegenschaften;Strassenunterhalt;Arealpflege;Winterdienst,DISCOVERY_PENDING,,TO_DISCOVER,NOT_YET_AUDITED,"Puede publicar en portal propio, ATS compartido, cantón, Job-Room o agregador público."
PUB-CH-GR-MUN-3673,MUNICIPALITY,CH,GR,Graubünden,3673,Gemeinde/Stadt Domleschg,Region Viamala,1,GERMAN,NO,3,P2_RURAL,Stadtgrün;Stadtgärtnerei;Werkhof;Werkdienst;Gemeindebetriebe;Friedhof;Parks;Sportanlagen;Schulanlagen;Forst;Liegenschaften;Strassenunterhalt;Arealpflege;Winterdienst,DISCOVERY_PENDING,,TO_DISCOVER,NOT_YET_AUDITED,"Puede publicar en portal propio, ATS compartido, cantón, Job-Room o agregador público."
PUB-CH-GR-MUN-3731,MUNICIPALITY,CH,GR,Graubünden,3731,Gemeinde/Stadt Felsberg,Region Imboden,1,GERMAN,NO,2,P1_URBAN_OR_INTERMEDIATE,Stadtgrün;Stadtgärtnerei;Werkhof;Werkdienst;Gemeindebetriebe;Friedhof;Parks;Sportanlagen;Schulanlagen;Forst;Liegenschaften;Strassenunterhalt;Arealpflege;Winterdienst,DISCOVERY_PENDING,,TO_DISCOVER,NOT_YET_AUDITED,"Puede publicar en portal propio, ATS compartido, cantón, Job-Room o agregador público."
PUB-CH-GR-MUN-3713,MUNICIPALITY,CH,GR,Graubünden,3713,Gemeinde/Stadt Ferrera,Region Viamala,1,GERMAN,NO,3,P2_RURAL,Stadtgrün;Stadtgärtnerei;Werkhof;Werkdienst;Gemeindebetriebe;Friedhof;Parks;Sportanlagen;Schulanlagen;Forst;Liegenschaften;Strassenunterhalt;Arealpflege;Winterdienst,DISCOVERY_PENDING,,TO_DISCOVER,NOT_YET_AUDITED,"Puede publicar en portal propio, ATS compartido, cantón, Job-Room o agregador público."
PUB-CH-GR-MUN-3861,MUNICIPALITY,CH,GR,Graubünden,3861,Gemeinde/Stadt Fideris,Region Prättigau / Davos,1,GERMAN,NO,3,P2_RURAL,Stadtgrün;Stadtgärtnerei;Werkhof;Werkdienst;Gemeindebetriebe;Friedhof;Parks;Sportanlagen;Schulanlagen;Forst;Liegenschaften;Strassenunterhalt;Arealpflege;Winterdienst,DISCOVERY_PENDING,,TO_DISCOVER,NOT_YET_AUDITED,"Puede publicar en portal propio, ATS compartido, cantón, Job-Room o agregador público."
PUB-CH-GR-MUN-3662,MUNICIPALITY,CH,GR,Graubünden,3662,Gemeinde/Stadt Flerden,Region Viamala,1,GERMAN,NO,3,P2_RURAL,Stadtgrün;Stadtgärtnerei;Werkhof;Werkdienst;Gemeindebetriebe;Friedhof;Parks;Sportanlagen;Schulanlagen;Forst;Liegenschaften;Strassenunterhalt;Arealpflege;Winterdienst,DISCOVERY_PENDING,,TO_DISCOVER,NOT_YET_AUDITED,"Puede publicar en portal propio, ATS compartido, cantón, Job-Room o agregador público."
PUB-CH-GR-MUN-3732,MUNICIPALITY,CH,GR,Graubünden,3732,Gemeinde/Stadt Flims,Region Imboden,1,GERMAN,NO,3,P2_RURAL,Stadtgrün;Stadtgärtnerei;Werkhof;Werkdienst;Gemeindebetriebe;Friedhof;Parks;Sportanlagen;Schulanlagen;Forst;Liegenschaften;Strassenunterhalt;Arealpflege;Winterdienst,DISCOVERY_PENDING,,TO_DISCOVER,NOT_YET_AUDITED,"Puede publicar en portal propio, ATS compartido, cantón, Job-Room o agregador público."
PUB-CH-GR-MUN-3951,MUNICIPALITY,CH,GR,Graubünden,3951,Gemeinde/Stadt Fläsch,Region Landquart,1,GERMAN,NO,3,P2_RURAL,Stadtgrün;Stadtgärtnerei;Werkhof;Werkdienst;Gemeindebetriebe;Friedhof;Parks;Sportanlagen;Schulanlagen;Forst;Liegenschaften;Strassenunterhalt;Arealpflege;Winterdienst,DISCOVERY_PENDING,,TO_DISCOVER,NOT_YET_AUDITED,"Puede publicar en portal propio, ATS compartido, cantón, Job-Room o agregador público."
PUB-CH-GR-MUN-3862,MUNICIPALITY,CH,GR,Graubünden,3862,Gemeinde/Stadt Furna,Region Prättigau / Davos,1,GERMAN,NO,3,P2_RURAL,Stadtgrün;Stadtgärtnerei;Werkhof;Werkdienst;Gemeindebetriebe;Friedhof;Parks;Sportanlagen;Schulanlagen;Forst;Liegenschaften;Strassenunterhalt;Arealpflege;Winterdienst,DISCOVERY_PENDING,,TO_DISCOVER,NOT_YET_AUDITED,"Puede publicar en portal propio, ATS compartido, cantón, Job-Room o agregador público."
PUB-CH-GR-MUN-3633,MUNICIPALITY,CH,GR,Graubünden,3633,Gemeinde/Stadt Fürstenau,Region Viamala,1,GERMAN,NO,2,P1_URBAN_OR_INTERMEDIATE,Stadtgrün;Stadtgärtnerei;Werkhof;Werkdienst;Gemeindebetriebe;Friedhof;Parks;Sportanlagen;Schulanlagen;Forst;Liegenschaften;Strassenunterhalt;Arealpflege;Winterdienst,DISCOVERY_PENDING,,TO_DISCOVER,NOT_YET_AUDITED,"Puede publicar en portal propio, ATS compartido, cantón, Job-Room o agregador público."
PUB-CH-GR-MUN-3961,MUNICIPALITY,CH,GR,Graubünden,3961,Gemeinde/Stadt Grüsch,Region Prättigau / Davos,1,GERMAN,NO,3,P2_RURAL,Stadtgrün;Stadtgärtnerei;Werkhof;Werkdienst;Gemeindebetriebe;Friedhof;Parks;Sportanlagen;Schulanlagen;Forst;Liegenschaften;Strassenunterhalt;Arealpflege;Winterdienst,DISCOVERY_PENDING,,TO_DISCOVER,NOT_YET_AUDITED,"Puede publicar en portal propio, ATS compartido, cantón, Job-Room o agregador público."
PUB-CH-GR-MUN-3619,MUNICIPALITY,CH,GR,Graubünden,3619,Gemeinde/Stadt Ilanz/Glion,Region Surselva,1,GERMAN,NO,3,P2_RURAL,Stadtgrün;Stadtgärtnerei;Werkhof;Werkdienst;Gemeindebetriebe;Friedhof;Parks;Sportanlagen;Schulanlagen;Forst;Liegenschaften;Strassenunterhalt;Arealpflege;Winterdienst,DISCOVERY_PENDING,,TO_DISCOVER,NOT_YET_AUDITED,"Puede publicar en portal propio, ATS compartido, cantón, Job-Room o agregador público."
PUB-CH-GR-MUN-3863,MUNICIPALITY,CH,GR,Graubünden,3863,Gemeinde/Stadt Jenaz,Region Prättigau / Davos,1,GERMAN,NO,3,P2_RURAL,Stadtgrün;Stadtgärtnerei;Werkhof;Werkdienst;Gemeindebetriebe;Friedhof;Parks;Sportanlagen;Schulanlagen;Forst;Liegenschaften;Strassenunterhalt;Arealpflege;Winterdienst,DISCOVERY_PENDING,,TO_DISCOVER,NOT_YET_AUDITED,"Puede publicar en portal propio, ATS compartido, cantón, Job-Room o agregador público."
PUB-CH-GR-MUN-3952,MUNICIPALITY,CH,GR,Graubünden,3952,Gemeinde/Stadt Jenins,Region Landquart,1,GERMAN,NO,3,P2_RURAL,Stadtgrün;Stadtgärtnerei;Werkhof;Werkdienst;Gemeindebetriebe;Friedhof;Parks;Sportanlagen;Schulanlagen;Forst;Liegenschaften;Strassenunterhalt;Arealpflege;Winterdienst,DISCOVERY_PENDING,,TO_DISCOVER,NOT_YET_AUDITED,"Puede publicar en portal propio, ATS compartido, cantón, Job-Room o agregador público."
PUB-CH-GR-MUN-3871,MUNICIPALITY,CH,GR,Graubünden,3871,Gemeinde/Stadt Klosters,Region Prättigau / Davos,1,GERMAN,NO,3,P2_RURAL,Stadtgrün;Stadtgärtnerei;Werkhof;Werkdienst;Gemeindebetriebe;Friedhof;Parks;Sportanlagen;Schulanlagen;Forst;Liegenschaften;Strassenunterhalt;Arealpflege;Winterdienst,DISCOVERY_PENDING,,TO_DISCOVER,NOT_YET_AUDITED,"Puede publicar en portal propio, ATS compartido, cantón, Job-Room o agregador público."
PUB-CH-GR-MUN-3882,MUNICIPALITY,CH,GR,Graubünden,3882,Gemeinde/Stadt Küblis,Region Prättigau / Davos,1,GERMAN,NO,3,P2_RURAL,Stadtgrün;Stadtgärtnerei;Werkhof;Werkdienst;Gemeindebetriebe;Friedhof;Parks;Sportanlagen;Schulanlagen;Forst;Liegenschaften;Strassenunterhalt;Arealpflege;Winterdienst,DISCOVERY_PENDING,,TO_DISCOVER,NOT_YET_AUDITED,"Puede publicar en portal propio, ATS compartido, cantón, Job-Room o agregador público."
PUB-CH-GR-MUN-3785,MUNICIPALITY,CH,GR,Graubünden,3785,Gemeinde/Stadt La Punt Chamues-ch,Region Maloja,1,GERMAN,NO,3,P2_RURAL,Stadtgrün;Stadtgärtnerei;Werkhof;Werkdienst;Gemeindebetriebe;Friedhof;Parks;Sportanlagen;Schulanlagen;Forst;Liegenschaften;Strassenunterhalt;Arealpflege;Winterdienst,DISCOVERY_PENDING,,TO_DISCOVER,NOT_YET_AUDITED,"Puede publicar en portal propio, ATS compartido, cantón, Job-Room o agregador público."
PUB-CH-GR-MUN-3575,MUNICIPALITY,CH,GR,Graubünden,3575,Gemeinde/Stadt Laax,Region Surselva,1,GERMAN,NO,3,P2_RURAL,Stadtgrün;Stadtgärtnerei;Werkhof;Werkdienst;Gemeindebetriebe;Friedhof;Parks;Sportanlagen;Schulanlagen;Forst;Liegenschaften;Strassenunterhalt;Arealpflege;Winterdienst,DISCOVERY_PENDING,,TO_DISCOVER,NOT_YET_AUDITED,"Puede publicar en portal propio, ATS compartido, cantón, Job-Room o agregador público."
PUB-CH-GR-MUN-3955,MUNICIPALITY,CH,GR,Graubünden,3955,Gemeinde/Stadt Landquart,Region Landquart,1,GERMAN,YES,2,P0_CITY,Stadtgrün;Stadtgärtnerei;Werkhof;Werkdienst;Gemeindebetriebe;Friedhof;Parks;Sportanlagen;Schulanlagen;Forst;Liegenschaften;Strassenunterhalt;Arealpflege;Winterdienst,DISCOVERY_PENDING,,TO_DISCOVER,NOT_YET_AUDITED,"Puede publicar en portal propio, ATS compartido, cantón, Job-Room o agregador público."
PUB-CH-GR-MUN-3513,MUNICIPALITY,CH,GR,Graubünden,3513,Gemeinde/Stadt Lantsch/Lenz,Region Albula,1,GERMAN,NO,3,P2_RURAL,Stadtgrün;Stadtgärtnerei;Werkhof;Werkdienst;Gemeindebetriebe;Friedhof;Parks;Sportanlagen;Schulanlagen;Forst;Liegenschaften;Strassenunterhalt;Arealpflege;Winterdienst,DISCOVERY_PENDING,,TO_DISCOVER,NOT_YET_AUDITED,"Puede publicar en portal propio, ATS compartido, cantón, Job-Room o agregador público."
PUB-CH-GR-MUN-3891,MUNICIPALITY,CH,GR,Graubünden,3891,Gemeinde/Stadt Luzein,Region Prättigau / Davos,1,GERMAN,NO,3,P2_RURAL,Stadtgrün;Stadtgärtnerei;Werkhof;Werkdienst;Gemeindebetriebe;Friedhof;Parks;Sportanlagen;Schulanlagen;Forst;Liegenschaften;Strassenunterhalt;Arealpflege;Winterdienst,DISCOVERY_PENDING,,TO_DISCOVER,NOT_YET_AUDITED,"Puede publicar en portal propio, ATS compartido, cantón, Job-Room o agregador público."
PUB-CH-GR-MUN-3783,MUNICIPALITY,CH,GR,Graubünden,3783,Gemeinde/Stadt Madulain,Region Maloja,1,GERMAN,NO,3,P2_RURAL,Stadtgrün;Stadtgärtnerei;Werkhof;Werkdienst;Gemeindebetriebe;Friedhof;Parks;Sportanlagen;Schulanlagen;Forst;Liegenschaften;Strassenunterhalt;Arealpflege;Winterdienst,DISCOVERY_PENDING,,TO_DISCOVER,NOT_YET_AUDITED,"Puede publicar en portal propio, ATS compartido, cantón, Job-Room o agregador público."
PUB-CH-GR-MUN-3953,MUNICIPALITY,CH,GR,Graubünden,3953,Gemeinde/Stadt Maienfeld,Region Landquart,1,GERMAN,NO,2,P1_URBAN_OR_INTERMEDIATE,Stadtgrün;Stadtgärtnerei;Werkhof;Werkdienst;Gemeindebetriebe;Friedhof;Parks;Sportanlagen;Schulanlagen;Forst;Liegenschaften;Strassenunterhalt;Arealpflege;Winterdienst,DISCOVERY_PENDING,,TO_DISCOVER,NOT_YET_AUDITED,"Puede publicar en portal propio, ATS compartido, cantón, Job-Room o agregador público."
PUB-CH-GR-MUN-3954,MUNICIPALITY,CH,GR,Graubünden,3954,Gemeinde/Stadt Malans,Region Landquart,1,GERMAN,NO,2,P1_URBAN_OR_INTERMEDIATE,Stadtgrün;Stadtgärtnerei;Werkhof;Werkdienst;Gemeindebetriebe;Friedhof;Parks;Sportanlagen;Schulanlagen;Forst;Liegenschaften;Strassenunterhalt;Arealpflege;Winterdienst,DISCOVERY_PENDING,,TO_DISCOVER,NOT_YET_AUDITED,"Puede publicar en portal propio, ATS compartido, cantón, Job-Room o agregador público."
PUB-CH-GR-MUN-3663,MUNICIPALITY,CH,GR,Graubünden,3663,Gemeinde/Stadt Masein,Region Viamala,1,GERMAN,NO,2,P1_URBAN_OR_INTERMEDIATE,Stadtgrün;Stadtgärtnerei;Werkhof;Werkdienst;Gemeindebetriebe;Friedhof;Parks;Sportanlagen;Schulanlagen;Forst;Liegenschaften;Strassenunterhalt;Arealpflege;Winterdienst,DISCOVERY_PENDING,,TO_DISCOVER,NOT_YET_AUDITED,"Puede publicar en portal propio, ATS compartido, cantón, Job-Room o agregador público."
PUB-CH-GR-MUN-3715,MUNICIPALITY,CH,GR,Graubünden,3715,Gemeinde/Stadt Muntogna da Schons,Region Viamala,1,GERMAN,NO,3,P2_RURAL,Stadtgrün;Stadtgärtnerei;Werkhof;Werkdienst;Gemeindebetriebe;Friedhof;Parks;Sportanlagen;Schulanlagen;Forst;Liegenschaften;Strassenunterhalt;Arealpflege;Winterdienst,DISCOVERY_PENDING,,TO_DISCOVER,NOT_YET_AUDITED,"Puede publicar en portal propio, ATS compartido, cantón, Job-Room o agregador público."
PUB-CH-GR-MUN-3988,MUNICIPALITY,CH,GR,Graubünden,3988,Gemeinde/Stadt Obersaxen Mundaun,Region Surselva,1,GERMAN,NO,3,P2_RURAL,Stadtgrün;Stadtgärtnerei;Werkhof;Werkdienst;Gemeindebetriebe;Friedhof;Parks;Sportanlagen;Schulanlagen;Forst;Liegenschaften;Strassenunterhalt;Arealpflege;Winterdienst,DISCOVERY_PENDING,,TO_DISCOVER,NOT_YET_AUDITED,"Puede publicar en portal propio, ATS compartido, cantón, Job-Room o agregador público."
PUB-CH-GR-MUN-3784,MUNICIPALITY,CH,GR,Graubünden,3784,Gemeinde/Stadt Pontresina,Region Maloja,1,GERMAN,NO,3,P2_RURAL,Stadtgrün;Stadtgärtnerei;Werkhof;Werkdienst;Gemeindebetriebe;Friedhof;Parks;Sportanlagen;Schulanlagen;Forst;Liegenschaften;Strassenunterhalt;Arealpflege;Winterdienst,DISCOVERY_PENDING,,TO_DISCOVER,NOT_YET_AUDITED,"Puede publicar en portal propio, ATS compartido, cantón, Job-Room o agregador público."
PUB-CH-GR-MUN-3714,MUNICIPALITY,CH,GR,Graubünden,3714,Gemeinde/Stadt Rheinwald,Region Viamala,1,GERMAN,NO,3,P2_RURAL,Stadtgrün;Stadtgärtnerei;Werkhof;Werkdienst;Gemeindebetriebe;Friedhof;Parks;Sportanlagen;Schulanlagen;Forst;Liegenschaften;Strassenunterhalt;Arealpflege;Winterdienst,DISCOVERY_PENDING,,TO_DISCOVER,NOT_YET_AUDITED,"Puede publicar en portal propio, ATS compartido, cantón, Job-Room o agregador público."
PUB-CH-GR-MUN-3723,MUNICIPALITY,CH,GR,Graubünden,3723,Gemeinde/Stadt Rhäzüns,Region Imboden,1,GERMAN,NO,2,P1_URBAN_OR_INTERMEDIATE,Stadtgrün;Stadtgärtnerei;Werkhof;Werkdienst;Gemeindebetriebe;Friedhof;Parks;Sportanlagen;Schulanlagen;Forst;Liegenschaften;Strassenunterhalt;Arealpflege;Winterdienst,DISCOVERY_PENDING,,TO_DISCOVER,NOT_YET_AUDITED,"Puede publicar en portal propio, ATS compartido, cantón, Job-Room o agregador público."
PUB-CH-GR-MUN-3711,MUNICIPALITY,CH,GR,Graubünden,3711,Gemeinde/Stadt Rongellen,Region Viamala,1,GERMAN,NO,3,P2_RURAL,Stadtgrün;Stadtgärtnerei;Werkhof;Werkdienst;Gemeindebetriebe;Friedhof;Parks;Sportanlagen;Schulanlagen;Forst;Liegenschaften;Strassenunterhalt;Arealpflege;Winterdienst,DISCOVERY_PENDING,,TO_DISCOVER,NOT_YET_AUDITED,"Puede publicar en portal propio, ATS compartido, cantón, Job-Room o agregador público."
PUB-CH-GR-MUN-3637,MUNICIPALITY,CH,GR,Graubünden,3637,Gemeinde/Stadt Rothenbrunnen,Region Viamala,1,GERMAN,NO,3,P2_RURAL,Stadtgrün;Stadtgärtnerei;Werkhof;Werkdienst;Gemeindebetriebe;Friedhof;Parks;Sportanlagen;Schulanlagen;Forst;Liegenschaften;Strassenunterhalt;Arealpflege;Winterdienst,DISCOVERY_PENDING,,TO_DISCOVER,NOT_YET_AUDITED,"Puede publicar en portal propio, ATS compartido, cantón, Job-Room o agregador público."
PUB-CH-GR-MUN-3672,MUNICIPALITY,CH,GR,Graubünden,3672,Gemeinde/Stadt Safiental,Region Surselva,1,GERMAN,NO,3,P2_RURAL,Stadtgrün;Stadtgärtnerei;Werkhof;Werkdienst;Gemeindebetriebe;Friedhof;Parks;Sportanlagen;Schulanlagen;Forst;Liegenschaften;Strassenunterhalt;Arealpflege;Winterdienst,DISCOVERY_PENDING,,TO_DISCOVER,NOT_YET_AUDITED,"Puede publicar en portal propio, ATS compartido, cantón, Job-Room o agregador público."
PUB-CH-GR-MUN-3786,MUNICIPALITY,CH,GR,Graubünden,3786,Gemeinde/Stadt Samedan,Region Maloja,1,GERMAN,NO,3,P2_RURAL,Stadtgrün;Stadtgärtnerei;Werkhof;Werkdienst;Gemeindebetriebe;Friedhof;Parks;Sportanlagen;Schulanlagen;Forst;Liegenschaften;Strassenunterhalt;Arealpflege;Winterdienst,DISCOVERY_PENDING,,TO_DISCOVER,NOT_YET_AUDITED,"Puede publicar en portal propio, ATS compartido, cantón, Job-Room o agregador público."
PUB-CH-GR-MUN-3752,MUNICIPALITY,CH,GR,Graubünden,3752,Gemeinde/Stadt Samnaun,Region Engiadina Bassa / Val Müstair,1,GERMAN,NO,3,P2_RURAL,Stadtgrün;Stadtgärtnerei;Werkhof;Werkdienst;Gemeindebetriebe;Friedhof;Parks;Sportanlagen;Schulanlagen;Forst;Liegenschaften;Strassenunterhalt;Arealpflege;Winterdienst,DISCOVERY_PENDING,,TO_DISCOVER,NOT_YET_AUDITED,"Puede publicar en portal propio, ATS compartido, cantón, Job-Room o agregador público."
PUB-CH-GR-MUN-3638,MUNICIPALITY,CH,GR,Graubünden,3638,Gemeinde/Stadt Scharans,Region Viamala,1,GERMAN,NO,2,P1_URBAN_OR_INTERMEDIATE,Stadtgrün;Stadtgärtnerei;Werkhof;Werkdienst;Gemeindebetriebe;Friedhof;Parks;Sportanlagen;Schulanlagen;Forst;Liegenschaften;Strassenunterhalt;Arealpflege;Winterdienst,DISCOVERY_PENDING,,TO_DISCOVER,NOT_YET_AUDITED,"Puede publicar en portal propio, ATS compartido, cantón, Job-Room o agregador público."
PUB-CH-GR-MUN-3962,MUNICIPALITY,CH,GR,Graubünden,3962,Gemeinde/Stadt Schiers,Region Prättigau / Davos,1,GERMAN,NO,3,P2_RURAL,Stadtgrün;Stadtgärtnerei;Werkhof;Werkdienst;Gemeindebetriebe;Friedhof;Parks;Sportanlagen;Schulanlagen;Forst;Liegenschaften;Strassenunterhalt;Arealpflege;Winterdienst,DISCOVERY_PENDING,,TO_DISCOVER,NOT_YET_AUDITED,"Puede publicar en portal propio, ATS compartido, cantón, Job-Room o agregador público."
PUB-CH-GR-MUN-3514,MUNICIPALITY,CH,GR,Graubünden,3514,Gemeinde/Stadt Schmitten (GR),Region Albula,1,GERMAN,NO,3,P2_RURAL,Stadtgrün;Stadtgärtnerei;Werkhof;Werkdienst;Gemeindebetriebe;Friedhof;Parks;Sportanlagen;Schulanlagen;Forst;Liegenschaften;Strassenunterhalt;Arealpflege;Winterdienst,DISCOVERY_PENDING,,TO_DISCOVER,NOT_YET_AUDITED,"Puede publicar en portal propio, ATS compartido, cantón, Job-Room o agregador público."
PUB-CH-GR-MUN-3972,MUNICIPALITY,CH,GR,Graubünden,3972,Gemeinde/Stadt Seewis im Prättigau,Region Prättigau / Davos,1,GERMAN,NO,3,P2_RURAL,Stadtgrün;Stadtgärtnerei;Werkhof;Werkdienst;Gemeindebetriebe;Friedhof;Parks;Sportanlagen;Schulanlagen;Forst;Liegenschaften;Strassenunterhalt;Arealpflege;Winterdienst,DISCOVERY_PENDING,,TO_DISCOVER,NOT_YET_AUDITED,"Puede publicar en portal propio, ATS compartido, cantón, Job-Room o agregador público."
PUB-CH-GR-MUN-3640,MUNICIPALITY,CH,GR,Graubünden,3640,Gemeinde/Stadt Sils im Domleschg,Region Viamala,1,GERMAN,NO,2,P1_URBAN_OR_INTERMEDIATE,Stadtgrün;Stadtgärtnerei;Werkhof;Werkdienst;Gemeindebetriebe;Friedhof;Parks;Sportanlagen;Schulanlagen;Forst;Liegenschaften;Strassenunterhalt;Arealpflege;Winterdienst,DISCOVERY_PENDING,,TO_DISCOVER,NOT_YET_AUDITED,"Puede publicar en portal propio, ATS compartido, cantón, Job-Room o agregador público."
PUB-CH-GR-MUN-3789,MUNICIPALITY,CH,GR,Graubünden,3789,Gemeinde/Stadt Sils im Engadin/Segl,Region Maloja,1,GERMAN,NO,3,P2_RURAL,Stadtgrün;Stadtgärtnerei;Werkhof;Werkdienst;Gemeindebetriebe;Friedhof;Parks;Sportanlagen;Schulanlagen;Forst;Liegenschaften;Strassenunterhalt;Arealpflege;Winterdienst,DISCOVERY_PENDING,,TO_DISCOVER,NOT_YET_AUDITED,"Puede publicar en portal propio, ATS compartido, cantón, Job-Room o agregador público."
PUB-CH-GR-MUN-3790,MUNICIPALITY,CH,GR,Graubünden,3790,Gemeinde/Stadt Silvaplana,Region Maloja,1,GERMAN,NO,3,P2_RURAL,Stadtgrün;Stadtgärtnerei;Werkhof;Werkdienst;Gemeindebetriebe;Friedhof;Parks;Sportanlagen;Schulanlagen;Forst;Liegenschaften;Strassenunterhalt;Arealpflege;Winterdienst,DISCOVERY_PENDING,,TO_DISCOVER,NOT_YET_AUDITED,"Puede publicar en portal propio, ATS compartido, cantón, Job-Room o agregador público."
PUB-CH-GR-MUN-3787,MUNICIPALITY,CH,GR,Graubünden,3787,Gemeinde/Stadt St. Moritz,Region Maloja,1,GERMAN,YES,2,P0_CITY,Stadtgrün;Stadtgärtnerei;Werkhof;Werkdienst;Gemeindebetriebe;Friedhof;Parks;Sportanlagen;Schulanlagen;Forst;Liegenschaften;Strassenunterhalt;Arealpflege;Winterdienst,DISCOVERY_PENDING,,TO_DISCOVER,NOT_YET_AUDITED,"Puede publicar en portal propio, ATS compartido, cantón, Job-Room o agregador público."
PUB-CH-GR-MUN-3695,MUNICIPALITY,CH,GR,Graubünden,3695,Gemeinde/Stadt Sufers,Region Viamala,1,GERMAN,NO,3,P2_RURAL,Stadtgrün;Stadtgärtnerei;Werkhof;Werkdienst;Gemeindebetriebe;Friedhof;Parks;Sportanlagen;Schulanlagen;Forst;Liegenschaften;Strassenunterhalt;Arealpflege;Winterdienst,DISCOVERY_PENDING,,TO_DISCOVER,NOT_YET_AUDITED,"Puede publicar en portal propio, ATS compartido, cantón, Job-Room o agregador público."
PUB-CH-GR-MUN-3543,MUNICIPALITY,CH,GR,Graubünden,3543,Gemeinde/Stadt Surses,Region Albula,1,GERMAN,NO,3,P2_RURAL,Stadtgrün;Stadtgärtnerei;Werkhof;Werkdienst;Gemeindebetriebe;Friedhof;Parks;Sportanlagen;Schulanlagen;Forst;Liegenschaften;Strassenunterhalt;Arealpflege;Winterdienst,DISCOVERY_PENDING,,TO_DISCOVER,NOT_YET_AUDITED,"Puede publicar en portal propio, ATS compartido, cantón, Job-Room o agregador público."
PUB-CH-GR-MUN-3733,MUNICIPALITY,CH,GR,Graubünden,3733,Gemeinde/Stadt Tamins,Region Imboden,1,GERMAN,NO,3,P2_RURAL,Stadtgrün;Stadtgärtnerei;Werkhof;Werkdienst;Gemeindebetriebe;Friedhof;Parks;Sportanlagen;Schulanlagen;Forst;Liegenschaften;Strassenunterhalt;Arealpflege;Winterdienst,DISCOVERY_PENDING,,TO_DISCOVER,NOT_YET_AUDITED,"Puede publicar en portal propio, ATS compartido, cantón, Job-Room o agregador público."
PUB-CH-GR-MUN-3668,MUNICIPALITY,CH,GR,Graubünden,3668,Gemeinde/Stadt Thusis,Region Viamala,1,GERMAN,NO,2,P1_URBAN_OR_INTERMEDIATE,Stadtgrün;Stadtgärtnerei;Werkhof;Werkdienst;Gemeindebetriebe;Friedhof;Parks;Sportanlagen;Schulanlagen;Forst;Liegenschaften;Strassenunterhalt;Arealpflege;Winterdienst,DISCOVERY_PENDING,,TO_DISCOVER,NOT_YET_AUDITED,"Puede publicar en portal propio, ATS compartido, cantón, Job-Room o agregador público."
PUB-CH-GR-MUN-3945,MUNICIPALITY,CH,GR,Graubünden,3945,Gemeinde/Stadt Trimmis,Region Landquart,1,GERMAN,NO,3,P2_RURAL,Stadtgrün;Stadtgärtnerei;Werkhof;Werkdienst;Gemeindebetriebe;Friedhof;Parks;Sportanlagen;Schulanlagen;Forst;Liegenschaften;Strassenunterhalt;Arealpflege;Winterdienst,DISCOVERY_PENDING,,TO_DISCOVER,NOT_YET_AUDITED,"Puede publicar en portal propio, ATS compartido, cantón, Job-Room o agregador público."
PUB-CH-GR-MUN-3734,MUNICIPALITY,CH,GR,Graubünden,3734,Gemeinde/Stadt Trin,Region Imboden,1,GERMAN,NO,3,P2_RURAL,Stadtgrün;Stadtgärtnerei;Werkhof;Werkdienst;Gemeindebetriebe;Friedhof;Parks;Sportanlagen;Schulanlagen;Forst;Liegenschaften;Strassenunterhalt;Arealpflege;Winterdienst,DISCOVERY_PENDING,,TO_DISCOVER,NOT_YET_AUDITED,"Puede publicar en portal propio, ATS compartido, cantón, Job-Room o agregador público."
PUB-CH-GR-MUN-3669,MUNICIPALITY,CH,GR,Graubünden,3669,Gemeinde/Stadt Tschappina,Region Viamala,1,GERMAN,NO,3,P2_RURAL,Stadtgrün;Stadtgärtnerei;Werkhof;Werkdienst;Gemeindebetriebe;Friedhof;Parks;Sportanlagen;Schulanlagen;Forst;Liegenschaften;Strassenunterhalt;Arealpflege;Winterdienst,DISCOVERY_PENDING,,TO_DISCOVER,NOT_YET_AUDITED,"Puede publicar en portal propio, ATS compartido, cantón, Job-Room o agregador público."
PUB-CH-GR-MUN-3946,MUNICIPALITY,CH,GR,Graubünden,3946,Gemeinde/Stadt Untervaz,Region Landquart,1,GERMAN,NO,3,P2_RURAL,Stadtgrün;Stadtgärtnerei;Werkhof;Werkdienst;Gemeindebetriebe;Friedhof;Parks;Sportanlagen;Schulanlagen;Forst;Liegenschaften;Strassenunterhalt;Arealpflege;Winterdienst,DISCOVERY_PENDING,,TO_DISCOVER,NOT_YET_AUDITED,"Puede publicar en portal propio, ATS compartido, cantón, Job-Room o agregador público."
PUB-CH-GR-MUN-3670,MUNICIPALITY,CH,GR,Graubünden,3670,Gemeinde/Stadt Urmein,Region Viamala,1,GERMAN,NO,3,P2_RURAL,Stadtgrün;Stadtgärtnerei;Werkhof;Werkdienst;Gemeindebetriebe;Friedhof;Parks;Sportanlagen;Schulanlagen;Forst;Liegenschaften;Strassenunterhalt;Arealpflege;Winterdienst,DISCOVERY_PENDING,,TO_DISCOVER,NOT_YET_AUDITED,"Puede publicar en portal propio, ATS compartido, cantón, Job-Room o agregador público."
PUB-CH-GR-MUN-3603,MUNICIPALITY,CH,GR,Graubünden,3603,Gemeinde/Stadt Vals,Region Surselva,1,GERMAN,NO,3,P2_RURAL,Stadtgrün;Stadtgärtnerei;Werkhof;Werkdienst;Gemeindebetriebe;Friedhof;Parks;Sportanlagen;Schulanlagen;Forst;Liegenschaften;Strassenunterhalt;Arealpflege;Winterdienst,DISCOVERY_PENDING,,TO_DISCOVER,NOT_YET_AUDITED,"Puede publicar en portal propio, ATS compartido, cantón, Job-Room o agregador público."
PUB-CH-GR-MUN-3506,MUNICIPALITY,CH,GR,Graubünden,3506,Gemeinde/Stadt Vaz/Obervaz,Region Albula,1,GERMAN,NO,3,P2_RURAL,Stadtgrün;Stadtgärtnerei;Werkhof;Werkdienst;Gemeindebetriebe;Friedhof;Parks;Sportanlagen;Schulanlagen;Forst;Liegenschaften;Strassenunterhalt;Arealpflege;Winterdienst,DISCOVERY_PENDING,,TO_DISCOVER,NOT_YET_AUDITED,"Puede publicar en portal propio, ATS compartido, cantón, Job-Room o agregador público."
PUB-CH-GR-MUN-3712,MUNICIPALITY,CH,GR,Graubünden,3712,Gemeinde/Stadt Zillis-Reischen,Region Viamala,1,GERMAN,NO,3,P2_RURAL,Stadtgrün;Stadtgärtnerei;Werkhof;Werkdienst;Gemeindebetriebe;Friedhof;Parks;Sportanlagen;Schulanlagen;Forst;Liegenschaften;Strassenunterhalt;Arealpflege;Winterdienst,DISCOVERY_PENDING,,TO_DISCOVER,NOT_YET_AUDITED,"Puede publicar en portal propio, ATS compartido, cantón, Job-Room o agregador público."
PUB-CH-GR-MUN-3947,MUNICIPALITY,CH,GR,Graubünden,3947,Gemeinde/Stadt Zizers,Region Landquart,1,GERMAN,NO,2,P1_URBAN_OR_INTERMEDIATE,Stadtgrün;Stadtgärtnerei;Werkhof;Werkdienst;Gemeindebetriebe;Friedhof;Parks;Sportanlagen;Schulanlagen;Forst;Liegenschaften;Strassenunterhalt;Arealpflege;Winterdienst,DISCOVERY_PENDING,,TO_DISCOVER,NOT_YET_AUDITED,"Puede publicar en portal propio, ATS compartido, cantón, Job-Room o agregador público."
PUB-CH-GR-MUN-3791,MUNICIPALITY,CH,GR,Graubünden,3791,Gemeinde/Stadt Zuoz,Region Maloja,1,GERMAN,NO,3,P2_RURAL,Stadtgrün;Stadtgärtnerei;Werkhof;Werkdienst;Gemeindebetriebe;Friedhof;Parks;Sportanlagen;Schulanlagen;Forst;Liegenschaften;Strassenunterhalt;Arealpflege;Winterdienst,DISCOVERY_PENDING,,TO_DISCOVER,NOT_YET_AUDITED,"Puede publicar en portal propio, ATS compartido, cantón, Job-Room o agregador público."
PUB-CH-JU-MUN-6713,MUNICIPALITY,CH,JU,Jura,6713,Gemeinde/Stadt Ederswiler,District de Delémont,1,GERMAN,NO,3,P2_RURAL,Stadtgrün;Stadtgärtnerei;Werkhof;Werkdienst;Gemeindebetriebe;Friedhof;Parks;Sportanlagen;Schulanlagen;Forst;Liegenschaften;Strassenunterhalt;Arealpflege;Winterdienst,DISCOVERY_PENDING,,TO_DISCOVER,NOT_YET_AUDITED,"Puede publicar en portal propio, ATS compartido, cantón, Job-Room o agregador público."
PUB-CH-LU-MUN-1051,MUNICIPALITY,CH,LU,Luzern,1051,Gemeinde/Stadt Adligenswil,Wahlkreis Luzern-Land,1,GERMAN,NO,2,P1_URBAN_OR_INTERMEDIATE,Stadtgrün;Stadtgärtnerei;Werkhof;Werkdienst;Gemeindebetriebe;Friedhof;Parks;Sportanlagen;Schulanlagen;Forst;Liegenschaften;Strassenunterhalt;Arealpflege;Winterdienst,DISCOVERY_PENDING,,TO_DISCOVER,NOT_YET_AUDITED,"Puede publicar en portal propio, ATS compartido, cantón, Job-Room o agregador público."
PUB-CH-LU-MUN-1021,MUNICIPALITY,CH,LU,Luzern,1021,Gemeinde/Stadt Aesch (LU),Wahlkreis Hochdorf,1,GERMAN,NO,3,P2_RURAL,Stadtgrün;Stadtgärtnerei;Werkhof;Werkdienst;Gemeindebetriebe;Friedhof;Parks;Sportanlagen;Schulanlagen;Forst;Liegenschaften;Strassenunterhalt;Arealpflege;Winterdienst,DISCOVERY_PENDING,,TO_DISCOVER,NOT_YET_AUDITED,"Puede publicar en portal propio, ATS compartido, cantón, Job-Room o agregador público."
PUB-CH-LU-MUN-1121,MUNICIPALITY,CH,LU,Luzern,1121,Gemeinde/Stadt Alberswil,Wahlkreis Willisau,1,GERMAN,NO,3,P2_RURAL,Stadtgrün;Stadtgärtnerei;Werkhof;Werkdienst;Gemeindebetriebe;Friedhof;Parks;Sportanlagen;Schulanlagen;Forst;Liegenschaften;Strassenunterhalt;Arealpflege;Winterdienst,DISCOVERY_PENDING,,TO_DISCOVER,NOT_YET_AUDITED,"Puede publicar en portal propio, ATS compartido, cantón, Job-Room o agregador público."
PUB-CH-LU-MUN-1122,MUNICIPALITY,CH,LU,Luzern,1122,Gemeinde/Stadt Altbüron,Wahlkreis Willisau,1,GERMAN,NO,3,P2_RURAL,Stadtgrün;Stadtgärtnerei;Werkhof;Werkdienst;Gemeindebetriebe;Friedhof;Parks;Sportanlagen;Schulanlagen;Forst;Liegenschaften;Strassenunterhalt;Arealpflege;Winterdienst,DISCOVERY_PENDING,,TO_DISCOVER,NOT_YET_AUDITED,"Puede publicar en portal propio, ATS compartido, cantón, Job-Room o agregador público."
PUB-CH-LU-MUN-1123,MUNICIPALITY,CH,LU,Luzern,1123,Gemeinde/Stadt Altishofen,Wahlkreis Willisau,1,GERMAN,NO,2,P1_URBAN_OR_INTERMEDIATE,Stadtgrün;Stadtgärtnerei;Werkhof;Werkdienst;Gemeindebetriebe;Friedhof;Parks;Sportanlagen;Schulanlagen;Forst;Liegenschaften;Strassenunterhalt;Arealpflege;Winterdienst,DISCOVERY_PENDING,,TO_DISCOVER,NOT_YET_AUDITED,"Puede publicar en portal propio, ATS compartido, cantón, Job-Room o agregador público."
PUB-CH-LU-MUN-1023,MUNICIPALITY,CH,LU,Luzern,1023,Gemeinde/Stadt Ballwil,Wahlkreis Hochdorf,1,GERMAN,NO,2,P1_URBAN_OR_INTERMEDIATE,Stadtgrün;Stadtgärtnerei;Werkhof;Werkdienst;Gemeindebetriebe;Friedhof;Parks;Sportanlagen;Schulanlagen;Forst;Liegenschaften;Strassenunterhalt;Arealpflege;Winterdienst,DISCOVERY_PENDING,,TO_DISCOVER,NOT_YET_AUDITED,"Puede publicar en portal propio, ATS compartido, cantón, Job-Room o agregador público."
PUB-CH-LU-MUN-1081,MUNICIPALITY,CH,LU,Luzern,1081,Gemeinde/Stadt Beromünster,Wahlkreis Sursee,1,GERMAN,NO,3,P2_RURAL,Stadtgrün;Stadtgärtnerei;Werkhof;Werkdienst;Gemeindebetriebe;Friedhof;Parks;Sportanlagen;Schulanlagen;Forst;Liegenschaften;Strassenunterhalt;Arealpflege;Winterdienst,DISCOVERY_PENDING,,TO_DISCOVER,NOT_YET_AUDITED,"Puede publicar en portal propio, ATS compartido, cantón, Job-Room o agregador público."
PUB-CH-LU-MUN-1052,MUNICIPALITY,CH,LU,Luzern,1052,Gemeinde/Stadt Buchrain,Wahlkreis Luzern-Land,1,GERMAN,NO,2,P1_URBAN_OR_INTERMEDIATE,Stadtgrün;Stadtgärtnerei;Werkhof;Werkdienst;Gemeindebetriebe;Friedhof;Parks;Sportanlagen;Schulanlagen;Forst;Liegenschaften;Strassenunterhalt;Arealpflege;Winterdienst,DISCOVERY_PENDING,,TO_DISCOVER,NOT_YET_AUDITED,"Puede publicar en portal propio, ATS compartido, cantón, Job-Room o agregador público."
PUB-CH-LU-MUN-1083,MUNICIPALITY,CH,LU,Luzern,1083,Gemeinde/Stadt Buttisholz,Wahlkreis Sursee,1,GERMAN,NO,3,P2_RURAL,Stadtgrün;Stadtgärtnerei;Werkhof;Werkdienst;Gemeindebetriebe;Friedhof;Parks;Sportanlagen;Schulanlagen;Forst;Liegenschaften;Strassenunterhalt;Arealpflege;Winterdienst,DISCOVERY_PENDING,,TO_DISCOVER,NOT_YET_AUDITED,"Puede publicar en portal propio, ATS compartido, cantón, Job-Room o agregador público."
PUB-CH-LU-MUN-1082,MUNICIPALITY,CH,LU,Luzern,1082,Gemeinde/Stadt Büron,Wahlkreis Sursee,1,GERMAN,NO,2,P1_URBAN_OR_INTERMEDIATE,Stadtgrün;Stadtgärtnerei;Werkhof;Werkdienst;Gemeindebetriebe;Friedhof;Parks;Sportanlagen;Schulanlagen;Forst;Liegenschaften;Strassenunterhalt;Arealpflege;Winterdienst,DISCOVERY_PENDING,,TO_DISCOVER,NOT_YET_AUDITED,"Puede publicar en portal propio, ATS compartido, cantón, Job-Room o agregador público."
PUB-CH-LU-MUN-1125,MUNICIPALITY,CH,LU,Luzern,1125,Gemeinde/Stadt Dagmersellen,Wahlkreis Willisau,1,GERMAN,NO,2,P1_URBAN_OR_INTERMEDIATE,Stadtgrün;Stadtgärtnerei;Werkhof;Werkdienst;Gemeindebetriebe;Friedhof;Parks;Sportanlagen;Schulanlagen;Forst;Liegenschaften;Strassenunterhalt;Arealpflege;Winterdienst,DISCOVERY_PENDING,,TO_DISCOVER,NOT_YET_AUDITED,"Puede publicar en portal propio, ATS compartido, cantón, Job-Room o agregador público."
PUB-CH-LU-MUN-1053,MUNICIPALITY,CH,LU,Luzern,1053,Gemeinde/Stadt Dierikon,Wahlkreis Luzern-Land,1,GERMAN,NO,2,P1_URBAN_OR_INTERMEDIATE,Stadtgrün;Stadtgärtnerei;Werkhof;Werkdienst;Gemeindebetriebe;Friedhof;Parks;Sportanlagen;Schulanlagen;Forst;Liegenschaften;Strassenunterhalt;Arealpflege;Winterdienst,DISCOVERY_PENDING,,TO_DISCOVER,NOT_YET_AUDITED,"Puede publicar en portal propio, ATS compartido, cantón, Job-Room o agregador público."
PUB-CH-LU-MUN-1001,MUNICIPALITY,CH,LU,Luzern,1001,Gemeinde/Stadt Doppleschwand,Wahlkreis Entlebuch,1,GERMAN,NO,3,P2_RURAL,Stadtgrün;Stadtgärtnerei;Werkhof;Werkdienst;Gemeindebetriebe;Friedhof;Parks;Sportanlagen;Schulanlagen;Forst;Liegenschaften;Strassenunterhalt;Arealpflege;Winterdienst,DISCOVERY_PENDING,,TO_DISCOVER,NOT_YET_AUDITED,"Puede publicar en portal propio, ATS compartido, cantón, Job-Room o agregador público."
PUB-CH-LU-MUN-1054,MUNICIPALITY,CH,LU,Luzern,1054,Gemeinde/Stadt Ebikon,Wahlkreis Luzern-Land,1,GERMAN,YES,2,P0_CITY,Stadtgrün;Stadtgärtnerei;Werkhof;Werkdienst;Gemeindebetriebe;Friedhof;Parks;Sportanlagen;Schulanlagen;Forst;Liegenschaften;Strassenunterhalt;Arealpflege;Winterdienst,DISCOVERY_PENDING,,TO_DISCOVER,NOT_YET_AUDITED,"Puede publicar en portal propio, ATS compartido, cantón, Job-Room o agregador público."
PUB-CH-LU-MUN-1127,MUNICIPALITY,CH,LU,Luzern,1127,Gemeinde/Stadt Egolzwil,Wahlkreis Willisau,1,GERMAN,NO,2,P1_URBAN_OR_INTERMEDIATE,Stadtgrün;Stadtgärtnerei;Werkhof;Werkdienst;Gemeindebetriebe;Friedhof;Parks;Sportanlagen;Schulanlagen;Forst;Liegenschaften;Strassenunterhalt;Arealpflege;Winterdienst,DISCOVERY_PENDING,,TO_DISCOVER,NOT_YET_AUDITED,"Puede publicar en portal propio, ATS compartido, cantón, Job-Room o agregador público."
PUB-CH-LU-MUN-1084,MUNICIPALITY,CH,LU,Luzern,1084,Gemeinde/Stadt Eich,Wahlkreis Sursee,1,GERMAN,NO,3,P2_RURAL,Stadtgrün;Stadtgärtnerei;Werkhof;Werkdienst;Gemeindebetriebe;Friedhof;Parks;Sportanlagen;Schulanlagen;Forst;Liegenschaften;Strassenunterhalt;Arealpflege;Winterdienst,DISCOVERY_PENDING,,TO_DISCOVER,NOT_YET_AUDITED,"Puede publicar en portal propio, ATS compartido, cantón, Job-Room o agregador público."
PUB-CH-LU-MUN-1024,MUNICIPALITY,CH,LU,Luzern,1024,Gemeinde/Stadt Emmen,Wahlkreis Hochdorf,1,GERMAN,YES,1,P0_CITY,Stadtgrün;Stadtgärtnerei;Werkhof;Werkdienst;Gemeindebetriebe;Friedhof;Parks;Sportanlagen;Schulanlagen;Forst;Liegenschaften;Strassenunterhalt;Arealpflege;Winterdienst,DISCOVERY_PENDING,,TO_DISCOVER,NOT_YET_AUDITED,"Puede publicar en portal propio, ATS compartido, cantón, Job-Room o agregador público."
PUB-CH-LU-MUN-1002,MUNICIPALITY,CH,LU,Luzern,1002,Gemeinde/Stadt Entlebuch,Wahlkreis Entlebuch,1,GERMAN,NO,3,P2_RURAL,Stadtgrün;Stadtgärtnerei;Werkhof;Werkdienst;Gemeindebetriebe;Friedhof;Parks;Sportanlagen;Schulanlagen;Forst;Liegenschaften;Strassenunterhalt;Arealpflege;Winterdienst,DISCOVERY_PENDING,,TO_DISCOVER,NOT_YET_AUDITED,"Puede publicar en portal propio, ATS compartido, cantón, Job-Room o agregador público."
PUB-CH-LU-MUN-1025,MUNICIPALITY,CH,LU,Luzern,1025,Gemeinde/Stadt Ermensee,Wahlkreis Hochdorf,1,GERMAN,NO,2,P1_URBAN_OR_INTERMEDIATE,Stadtgrün;Stadtgärtnerei;Werkhof;Werkdienst;Gemeindebetriebe;Friedhof;Parks;Sportanlagen;Schulanlagen;Forst;Liegenschaften;Strassenunterhalt;Arealpflege;Winterdienst,DISCOVERY_PENDING,,TO_DISCOVER,NOT_YET_AUDITED,"Puede publicar en portal propio, ATS compartido, cantón, Job-Room o agregador público."
PUB-CH-LU-MUN-1026,MUNICIPALITY,CH,LU,Luzern,1026,Gemeinde/Stadt Eschenbach (LU),Wahlkreis Hochdorf,1,GERMAN,NO,2,P1_URBAN_OR_INTERMEDIATE,Stadtgrün;Stadtgärtnerei;Werkhof;Werkdienst;Gemeindebetriebe;Friedhof;Parks;Sportanlagen;Schulanlagen;Forst;Liegenschaften;Strassenunterhalt;Arealpflege;Winterdienst,DISCOVERY_PENDING,,TO_DISCOVER,NOT_YET_AUDITED,"Puede publicar en portal propio, ATS compartido, cantón, Job-Room o agregador público."
PUB-CH-LU-MUN-1010,MUNICIPALITY,CH,LU,Luzern,1010,Gemeinde/Stadt Escholzmatt-Marbach,Wahlkreis Entlebuch,1,GERMAN,NO,3,P2_RURAL,Stadtgrün;Stadtgärtnerei;Werkhof;Werkdienst;Gemeindebetriebe;Friedhof;Parks;Sportanlagen;Schulanlagen;Forst;Liegenschaften;Strassenunterhalt;Arealpflege;Winterdienst,DISCOVERY_PENDING,,TO_DISCOVER,NOT_YET_AUDITED,"Puede publicar en portal propio, ATS compartido, cantón, Job-Room o agregador público."
PUB-CH-LU-MUN-1128,MUNICIPALITY,CH,LU,Luzern,1128,Gemeinde/Stadt Ettiswil,Wahlkreis Willisau,1,GERMAN,NO,3,P2_RURAL,Stadtgrün;Stadtgärtnerei;Werkhof;Werkdienst;Gemeindebetriebe;Friedhof;Parks;Sportanlagen;Schulanlagen;Forst;Liegenschaften;Strassenunterhalt;Arealpflege;Winterdienst,DISCOVERY_PENDING,,TO_DISCOVER,NOT_YET_AUDITED,"Puede publicar en portal propio, ATS compartido, cantón, Job-Room o agregador público."
PUB-CH-LU-MUN-1129,MUNICIPALITY,CH,LU,Luzern,1129,Gemeinde/Stadt Fischbach,Wahlkreis Willisau,1,GERMAN,NO,3,P2_RURAL,Stadtgrün;Stadtgärtnerei;Werkhof;Werkdienst;Gemeindebetriebe;Friedhof;Parks;Sportanlagen;Schulanlagen;Forst;Liegenschaften;Strassenunterhalt;Arealpflege;Winterdienst,DISCOVERY_PENDING,,TO_DISCOVER,NOT_YET_AUDITED,"Puede publicar en portal propio, ATS compartido, cantón, Job-Room o agregador público."
PUB-CH-LU-MUN-1004,MUNICIPALITY,CH,LU,Luzern,1004,Gemeinde/Stadt Flühli,Wahlkreis Entlebuch,1,GERMAN,NO,3,P2_RURAL,Stadtgrün;Stadtgärtnerei;Werkhof;Werkdienst;Gemeindebetriebe;Friedhof;Parks;Sportanlagen;Schulanlagen;Forst;Liegenschaften;Strassenunterhalt;Arealpflege;Winterdienst,DISCOVERY_PENDING,,TO_DISCOVER,NOT_YET_AUDITED,"Puede publicar en portal propio, ATS compartido, cantón, Job-Room o agregador público."
PUB-CH-LU-MUN-1085,MUNICIPALITY,CH,LU,Luzern,1085,Gemeinde/Stadt Geuensee,Wahlkreis Sursee,1,GERMAN,NO,2,P1_URBAN_OR_INTERMEDIATE,Stadtgrün;Stadtgärtnerei;Werkhof;Werkdienst;Gemeindebetriebe;Friedhof;Parks;Sportanlagen;Schulanlagen;Forst;Liegenschaften;Strassenunterhalt;Arealpflege;Winterdienst,DISCOVERY_PENDING,,TO_DISCOVER,NOT_YET_AUDITED,"Puede publicar en portal propio, ATS compartido, cantón, Job-Room o agregador público."
PUB-CH-LU-MUN-1055,MUNICIPALITY,CH,LU,Luzern,1055,Gemeinde/Stadt Gisikon,Wahlkreis Luzern-Land,1,GERMAN,NO,2,P1_URBAN_OR_INTERMEDIATE,Stadtgrün;Stadtgärtnerei;Werkhof;Werkdienst;Gemeindebetriebe;Friedhof;Parks;Sportanlagen;Schulanlagen;Forst;Liegenschaften;Strassenunterhalt;Arealpflege;Winterdienst,DISCOVERY_PENDING,,TO_DISCOVER,NOT_YET_AUDITED,"Puede publicar en portal propio, ATS compartido, cantón, Job-Room o agregador público."
PUB-CH-LU-MUN-1056,MUNICIPALITY,CH,LU,Luzern,1056,Gemeinde/Stadt Greppen,Wahlkreis Luzern-Land,1,GERMAN,NO,2,P1_URBAN_OR_INTERMEDIATE,Stadtgrün;Stadtgärtnerei;Werkhof;Werkdienst;Gemeindebetriebe;Friedhof;Parks;Sportanlagen;Schulanlagen;Forst;Liegenschaften;Strassenunterhalt;Arealpflege;Winterdienst,DISCOVERY_PENDING,,TO_DISCOVER,NOT_YET_AUDITED,"Puede publicar en portal propio, ATS compartido, cantón, Job-Room o agregador público."
PUB-CH-LU-MUN-1131,MUNICIPALITY,CH,LU,Luzern,1131,Gemeinde/Stadt Grossdietwil,Wahlkreis Willisau,1,GERMAN,NO,3,P2_RURAL,Stadtgrün;Stadtgärtnerei;Werkhof;Werkdienst;Gemeindebetriebe;Friedhof;Parks;Sportanlagen;Schulanlagen;Forst;Liegenschaften;Strassenunterhalt;Arealpflege;Winterdienst,DISCOVERY_PENDING,,TO_DISCOVER,NOT_YET_AUDITED,"Puede publicar en portal propio, ATS compartido, cantón, Job-Room o agregador público."
PUB-CH-LU-MUN-1086,MUNICIPALITY,CH,LU,Luzern,1086,Gemeinde/Stadt Grosswangen,Wahlkreis Sursee,1,GERMAN,NO,3,P2_RURAL,Stadtgrün;Stadtgärtnerei;Werkhof;Werkdienst;Gemeindebetriebe;Friedhof;Parks;Sportanlagen;Schulanlagen;Forst;Liegenschaften;Strassenunterhalt;Arealpflege;Winterdienst,DISCOVERY_PENDING,,TO_DISCOVER,NOT_YET_AUDITED,"Puede publicar en portal propio, ATS compartido, cantón, Job-Room o agregador público."
PUB-CH-LU-MUN-1005,MUNICIPALITY,CH,LU,Luzern,1005,Gemeinde/Stadt Hasle (LU),Wahlkreis Entlebuch,1,GERMAN,NO,3,P2_RURAL,Stadtgrün;Stadtgärtnerei;Werkhof;Werkdienst;Gemeindebetriebe;Friedhof;Parks;Sportanlagen;Schulanlagen;Forst;Liegenschaften;Strassenunterhalt;Arealpflege;Winterdienst,DISCOVERY_PENDING,,TO_DISCOVER,NOT_YET_AUDITED,"Puede publicar en portal propio, ATS compartido, cantón, Job-Room o agregador público."
PUB-CH-LU-MUN-1132,MUNICIPALITY,CH,LU,Luzern,1132,Gemeinde/Stadt Hergiswil bei Willisau,Wahlkreis Willisau,1,GERMAN,NO,3,P2_RURAL,Stadtgrün;Stadtgärtnerei;Werkhof;Werkdienst;Gemeindebetriebe;Friedhof;Parks;Sportanlagen;Schulanlagen;Forst;Liegenschaften;Strassenunterhalt;Arealpflege;Winterdienst,DISCOVERY_PENDING,,TO_DISCOVER,NOT_YET_AUDITED,"Puede publicar en portal propio, ATS compartido, cantón, Job-Room o agregador público."
PUB-CH-LU-MUN-1088,MUNICIPALITY,CH,LU,Luzern,1088,Gemeinde/Stadt Hildisrieden,Wahlkreis Sursee,1,GERMAN,NO,3,P2_RURAL,Stadtgrün;Stadtgärtnerei;Werkhof;Werkdienst;Gemeindebetriebe;Friedhof;Parks;Sportanlagen;Schulanlagen;Forst;Liegenschaften;Strassenunterhalt;Arealpflege;Winterdienst,DISCOVERY_PENDING,,TO_DISCOVER,NOT_YET_AUDITED,"Puede publicar en portal propio, ATS compartido, cantón, Job-Room o agregador público."
PUB-CH-LU-MUN-1030,MUNICIPALITY,CH,LU,Luzern,1030,Gemeinde/Stadt Hitzkirch,Wahlkreis Hochdorf,1,GERMAN,NO,3,P2_RURAL,Stadtgrün;Stadtgärtnerei;Werkhof;Werkdienst;Gemeindebetriebe;Friedhof;Parks;Sportanlagen;Schulanlagen;Forst;Liegenschaften;Strassenunterhalt;Arealpflege;Winterdienst,DISCOVERY_PENDING,,TO_DISCOVER,NOT_YET_AUDITED,"Puede publicar en portal propio, ATS compartido, cantón, Job-Room o agregador público."
PUB-CH-LU-MUN-1031,MUNICIPALITY,CH,LU,Luzern,1031,Gemeinde/Stadt Hochdorf,Wahlkreis Hochdorf,1,GERMAN,YES,2,P0_CITY,Stadtgrün;Stadtgärtnerei;Werkhof;Werkdienst;Gemeindebetriebe;Friedhof;Parks;Sportanlagen;Schulanlagen;Forst;Liegenschaften;Strassenunterhalt;Arealpflege;Winterdienst,DISCOVERY_PENDING,,TO_DISCOVER,NOT_YET_AUDITED,"Puede publicar en portal propio, ATS compartido, cantón, Job-Room o agregador público."
PUB-CH-LU-MUN-1032,MUNICIPALITY,CH,LU,Luzern,1032,Gemeinde/Stadt Hohenrain,Wahlkreis Hochdorf,1,GERMAN,NO,3,P2_RURAL,Stadtgrün;Stadtgärtnerei;Werkhof;Werkdienst;Gemeindebetriebe;Friedhof;Parks;Sportanlagen;Schulanlagen;Forst;Liegenschaften;Strassenunterhalt;Arealpflege;Winterdienst,DISCOVERY_PENDING,,TO_DISCOVER,NOT_YET_AUDITED,"Puede publicar en portal propio, ATS compartido, cantón, Job-Room o agregador público."
PUB-CH-LU-MUN-1058,MUNICIPALITY,CH,LU,Luzern,1058,Gemeinde/Stadt Horw,Wahlkreis Luzern-Land,1,GERMAN,YES,1,P0_CITY,Stadtgrün;Stadtgärtnerei;Werkhof;Werkdienst;Gemeindebetriebe;Friedhof;Parks;Sportanlagen;Schulanlagen;Forst;Liegenschaften;Strassenunterhalt;Arealpflege;Winterdienst,DISCOVERY_PENDING,,TO_DISCOVER,NOT_YET_AUDITED,"Puede publicar en portal propio, ATS compartido, cantón, Job-Room o agregador público."
PUB-CH-LU-MUN-1033,MUNICIPALITY,CH,LU,Luzern,1033,Gemeinde/Stadt Inwil,Wahlkreis Hochdorf,1,GERMAN,NO,2,P1_URBAN_OR_INTERMEDIATE,Stadtgrün;Stadtgärtnerei;Werkhof;Werkdienst;Gemeindebetriebe;Friedhof;Parks;Sportanlagen;Schulanlagen;Forst;Liegenschaften;Strassenunterhalt;Arealpflege;Winterdienst,DISCOVERY_PENDING,,TO_DISCOVER,NOT_YET_AUDITED,"Puede publicar en portal propio, ATS compartido, cantón, Job-Room o agregador público."
PUB-CH-LU-MUN-1089,MUNICIPALITY,CH,LU,Luzern,1089,Gemeinde/Stadt Knutwil,Wahlkreis Sursee,1,GERMAN,NO,2,P1_URBAN_OR_INTERMEDIATE,Stadtgrün;Stadtgärtnerei;Werkhof;Werkdienst;Gemeindebetriebe;Friedhof;Parks;Sportanlagen;Schulanlagen;Forst;Liegenschaften;Strassenunterhalt;Arealpflege;Winterdienst,DISCOVERY_PENDING,,TO_DISCOVER,NOT_YET_AUDITED,"Puede publicar en portal propio, ATS compartido, cantón, Job-Room o agregador público."
PUB-CH-LU-MUN-1059,MUNICIPALITY,CH,LU,Luzern,1059,Gemeinde/Stadt Kriens,Wahlkreis Luzern-Land,1,GERMAN,YES,1,P0_CITY,Stadtgrün;Stadtgärtnerei;Werkhof;Werkdienst;Gemeindebetriebe;Friedhof;Parks;Sportanlagen;Schulanlagen;Forst;Liegenschaften;Strassenunterhalt;Arealpflege;Winterdienst,DISCOVERY_PENDING,,TO_DISCOVER,NOT_YET_AUDITED,"Puede publicar en portal propio, ATS compartido, cantón, Job-Room o agregador público."
PUB-CH-LU-MUN-1135,MUNICIPALITY,CH,LU,Luzern,1135,Gemeinde/Stadt Luthern,Wahlkreis Willisau,1,GERMAN,NO,3,P2_RURAL,Stadtgrün;Stadtgärtnerei;Werkhof;Werkdienst;Gemeindebetriebe;Friedhof;Parks;Sportanlagen;Schulanlagen;Forst;Liegenschaften;Strassenunterhalt;Arealpflege;Winterdienst,DISCOVERY_PENDING,,TO_DISCOVER,NOT_YET_AUDITED,"Puede publicar en portal propio, ATS compartido, cantón, Job-Room o agregador público."
PUB-CH-LU-MUN-1061,MUNICIPALITY,CH,LU,Luzern,1061,Gemeinde/Stadt Luzern,Wahlkreis Luzern-Stadt,1,GERMAN,YES,1,P0_CITY,Stadtgrün;Stadtgärtnerei;Werkhof;Werkdienst;Gemeindebetriebe;Friedhof;Parks;Sportanlagen;Schulanlagen;Forst;Liegenschaften;Strassenunterhalt;Arealpflege;Winterdienst,VERIFIED,https://jobs.stadtluzern.ch/stellen/,CITY_LUZERN_PORTAL,VERIFIED_OFFICIAL_PORTAL,Unidad verde conocida: Stadtgrün Luzern / Strasseninspektorat.
PUB-CH-LU-MUN-1062,MUNICIPALITY,CH,LU,Luzern,1062,Gemeinde/Stadt Malters,Wahlkreis Luzern-Land,1,GERMAN,NO,2,P1_URBAN_OR_INTERMEDIATE,Stadtgrün;Stadtgärtnerei;Werkhof;Werkdienst;Gemeindebetriebe;Friedhof;Parks;Sportanlagen;Schulanlagen;Forst;Liegenschaften;Strassenunterhalt;Arealpflege;Winterdienst,DISCOVERY_PENDING,,TO_DISCOVER,NOT_YET_AUDITED,"Puede publicar en portal propio, ATS compartido, cantón, Job-Room o agregador público."
PUB-CH-LU-MUN-1091,MUNICIPALITY,CH,LU,Luzern,1091,Gemeinde/Stadt Mauensee,Wahlkreis Sursee,1,GERMAN,NO,2,P1_URBAN_OR_INTERMEDIATE,Stadtgrün;Stadtgärtnerei;Werkhof;Werkdienst;Gemeindebetriebe;Friedhof;Parks;Sportanlagen;Schulanlagen;Forst;Liegenschaften;Strassenunterhalt;Arealpflege;Winterdienst,DISCOVERY_PENDING,,TO_DISCOVER,NOT_YET_AUDITED,"Puede publicar en portal propio, ATS compartido, cantón, Job-Room o agregador público."
PUB-CH-LU-MUN-1063,MUNICIPALITY,CH,LU,Luzern,1063,Gemeinde/Stadt Meggen,Wahlkreis Luzern-Land,1,GERMAN,NO,2,P1_URBAN_OR_INTERMEDIATE,Stadtgrün;Stadtgärtnerei;Werkhof;Werkdienst;Gemeindebetriebe;Friedhof;Parks;Sportanlagen;Schulanlagen;Forst;Liegenschaften;Strassenunterhalt;Arealpflege;Winterdienst,DISCOVERY_PENDING,,TO_DISCOVER,NOT_YET_AUDITED,"Puede publicar en portal propio, ATS compartido, cantón, Job-Room o agregador público."
PUB-CH-LU-MUN-1064,MUNICIPALITY,CH,LU,Luzern,1064,Gemeinde/Stadt Meierskappel,Wahlkreis Luzern-Land,1,GERMAN,NO,2,P1_URBAN_OR_INTERMEDIATE,Stadtgrün;Stadtgärtnerei;Werkhof;Werkdienst;Gemeindebetriebe;Friedhof;Parks;Sportanlagen;Schulanlagen;Forst;Liegenschaften;Strassenunterhalt;Arealpflege;Winterdienst,DISCOVERY_PENDING,,TO_DISCOVER,NOT_YET_AUDITED,"Puede publicar en portal propio, ATS compartido, cantón, Job-Room o agregador público."
PUB-CH-LU-MUN-1136,MUNICIPALITY,CH,LU,Luzern,1136,Gemeinde/Stadt Menznau,Wahlkreis Willisau,1,GERMAN,NO,3,P2_RURAL,Stadtgrün;Stadtgärtnerei;Werkhof;Werkdienst;Gemeindebetriebe;Friedhof;Parks;Sportanlagen;Schulanlagen;Forst;Liegenschaften;Strassenunterhalt;Arealpflege;Winterdienst,DISCOVERY_PENDING,,TO_DISCOVER,NOT_YET_AUDITED,"Puede publicar en portal propio, ATS compartido, cantón, Job-Room o agregador público."
PUB-CH-LU-MUN-1137,MUNICIPALITY,CH,LU,Luzern,1137,Gemeinde/Stadt Nebikon,Wahlkreis Willisau,1,GERMAN,NO,2,P1_URBAN_OR_INTERMEDIATE,Stadtgrün;Stadtgärtnerei;Werkhof;Werkdienst;Gemeindebetriebe;Friedhof;Parks;Sportanlagen;Schulanlagen;Forst;Liegenschaften;Strassenunterhalt;Arealpflege;Winterdienst,DISCOVERY_PENDING,,TO_DISCOVER,NOT_YET_AUDITED,"Puede publicar en portal propio, ATS compartido, cantón, Job-Room o agregador público."
PUB-CH-LU-MUN-1093,MUNICIPALITY,CH,LU,Luzern,1093,Gemeinde/Stadt Neuenkirch,Wahlkreis Sursee,1,GERMAN,NO,2,P1_URBAN_OR_INTERMEDIATE,Stadtgrün;Stadtgärtnerei;Werkhof;Werkdienst;Gemeindebetriebe;Friedhof;Parks;Sportanlagen;Schulanlagen;Forst;Liegenschaften;Strassenunterhalt;Arealpflege;Winterdienst,DISCOVERY_PENDING,,TO_DISCOVER,NOT_YET_AUDITED,"Puede publicar en portal propio, ATS compartido, cantón, Job-Room o agregador público."
PUB-CH-LU-MUN-1094,MUNICIPALITY,CH,LU,Luzern,1094,Gemeinde/Stadt Nottwil,Wahlkreis Sursee,1,GERMAN,NO,3,P2_RURAL,Stadtgrün;Stadtgärtnerei;Werkhof;Werkdienst;Gemeindebetriebe;Friedhof;Parks;Sportanlagen;Schulanlagen;Forst;Liegenschaften;Strassenunterhalt;Arealpflege;Winterdienst,DISCOVERY_PENDING,,TO_DISCOVER,NOT_YET_AUDITED,"Puede publicar en portal propio, ATS compartido, cantón, Job-Room o agregador público."
PUB-CH-LU-MUN-1095,MUNICIPALITY,CH,LU,Luzern,1095,Gemeinde/Stadt Oberkirch,Wahlkreis Sursee,1,GERMAN,NO,2,P1_URBAN_OR_INTERMEDIATE,Stadtgrün;Stadtgärtnerei;Werkhof;Werkdienst;Gemeindebetriebe;Friedhof;Parks;Sportanlagen;Schulanlagen;Forst;Liegenschaften;Strassenunterhalt;Arealpflege;Winterdienst,DISCOVERY_PENDING,,TO_DISCOVER,NOT_YET_AUDITED,"Puede publicar en portal propio, ATS compartido, cantón, Job-Room o agregador público."
PUB-CH-LU-MUN-1139,MUNICIPALITY,CH,LU,Luzern,1139,Gemeinde/Stadt Pfaffnau,Wahlkreis Willisau,1,GERMAN,NO,3,P2_RURAL,Stadtgrün;Stadtgärtnerei;Werkhof;Werkdienst;Gemeindebetriebe;Friedhof;Parks;Sportanlagen;Schulanlagen;Forst;Liegenschaften;Strassenunterhalt;Arealpflege;Winterdienst,DISCOVERY_PENDING,,TO_DISCOVER,NOT_YET_AUDITED,"Puede publicar en portal propio, ATS compartido, cantón, Job-Room o agregador público."
PUB-CH-LU-MUN-1037,MUNICIPALITY,CH,LU,Luzern,1037,Gemeinde/Stadt Rain,Wahlkreis Hochdorf,1,GERMAN,NO,3,P2_RURAL,Stadtgrün;Stadtgärtnerei;Werkhof;Werkdienst;Gemeindebetriebe;Friedhof;Parks;Sportanlagen;Schulanlagen;Forst;Liegenschaften;Strassenunterhalt;Arealpflege;Winterdienst,DISCOVERY_PENDING,,TO_DISCOVER,NOT_YET_AUDITED,"Puede publicar en portal propio, ATS compartido, cantón, Job-Room o agregador público."
PUB-CH-LU-MUN-1140,MUNICIPALITY,CH,LU,Luzern,1140,Gemeinde/Stadt Reiden,Wahlkreis Willisau,1,GERMAN,NO,2,P1_URBAN_OR_INTERMEDIATE,Stadtgrün;Stadtgärtnerei;Werkhof;Werkdienst;Gemeindebetriebe;Friedhof;Parks;Sportanlagen;Schulanlagen;Forst;Liegenschaften;Strassenunterhalt;Arealpflege;Winterdienst,DISCOVERY_PENDING,,TO_DISCOVER,NOT_YET_AUDITED,"Puede publicar en portal propio, ATS compartido, cantón, Job-Room o agregador público."
PUB-CH-LU-MUN-1097,MUNICIPALITY,CH,LU,Luzern,1097,Gemeinde/Stadt Rickenbach (LU),Wahlkreis Sursee,1,GERMAN,NO,2,P1_URBAN_OR_INTERMEDIATE,Stadtgrün;Stadtgärtnerei;Werkhof;Werkdienst;Gemeindebetriebe;Friedhof;Parks;Sportanlagen;Schulanlagen;Forst;Liegenschaften;Strassenunterhalt;Arealpflege;Winterdienst,DISCOVERY_PENDING,,TO_DISCOVER,NOT_YET_AUDITED,"Puede publicar en portal propio, ATS compartido, cantón, Job-Room o agregador público."
PUB-CH-LU-MUN-1142,MUNICIPALITY,CH,LU,Luzern,1142,Gemeinde/Stadt Roggliswil,Wahlkreis Willisau,1,GERMAN,NO,3,P2_RURAL,Stadtgrün;Stadtgärtnerei;Werkhof;Werkdienst;Gemeindebetriebe;Friedhof;Parks;Sportanlagen;Schulanlagen;Forst;Liegenschaften;Strassenunterhalt;Arealpflege;Winterdienst,DISCOVERY_PENDING,,TO_DISCOVER,NOT_YET_AUDITED,"Puede publicar en portal propio, ATS compartido, cantón, Job-Room o agregador público."
PUB-CH-LU-MUN-1007,MUNICIPALITY,CH,LU,Luzern,1007,Gemeinde/Stadt Romoos,Wahlkreis Entlebuch,1,GERMAN,NO,3,P2_RURAL,Stadtgrün;Stadtgärtnerei;Werkhof;Werkdienst;Gemeindebetriebe;Friedhof;Parks;Sportanlagen;Schulanlagen;Forst;Liegenschaften;Strassenunterhalt;Arealpflege;Winterdienst,DISCOVERY_PENDING,,TO_DISCOVER,NOT_YET_AUDITED,"Puede publicar en portal propio, ATS compartido, cantón, Job-Room o agregador público."
PUB-CH-LU-MUN-1065,MUNICIPALITY,CH,LU,Luzern,1065,Gemeinde/Stadt Root,Wahlkreis Luzern-Land,1,GERMAN,NO,2,P1_URBAN_OR_INTERMEDIATE,Stadtgrün;Stadtgärtnerei;Werkhof;Werkdienst;Gemeindebetriebe;Friedhof;Parks;Sportanlagen;Schulanlagen;Forst;Liegenschaften;Strassenunterhalt;Arealpflege;Winterdienst,DISCOVERY_PENDING,,TO_DISCOVER,NOT_YET_AUDITED,"Puede publicar en portal propio, ATS compartido, cantón, Job-Room o agregador público."
PUB-CH-LU-MUN-1040,MUNICIPALITY,CH,LU,Luzern,1040,Gemeinde/Stadt Rothenburg,Wahlkreis Hochdorf,1,GERMAN,NO,1,P1_URBAN_OR_INTERMEDIATE,Stadtgrün;Stadtgärtnerei;Werkhof;Werkdienst;Gemeindebetriebe;Friedhof;Parks;Sportanlagen;Schulanlagen;Forst;Liegenschaften;Strassenunterhalt;Arealpflege;Winterdienst,DISCOVERY_PENDING,,TO_DISCOVER,NOT_YET_AUDITED,"Puede publicar en portal propio, ATS compartido, cantón, Job-Room o agregador público."
PUB-CH-LU-MUN-1098,MUNICIPALITY,CH,LU,Luzern,1098,Gemeinde/Stadt Ruswil,Wahlkreis Sursee,1,GERMAN,NO,3,P2_RURAL,Stadtgrün;Stadtgärtnerei;Werkhof;Werkdienst;Gemeindebetriebe;Friedhof;Parks;Sportanlagen;Schulanlagen;Forst;Liegenschaften;Strassenunterhalt;Arealpflege;Winterdienst,DISCOVERY_PENDING,,TO_DISCOVER,NOT_YET_AUDITED,"Puede publicar en portal propio, ATS compartido, cantón, Job-Room o agregador público."
PUB-CH-LU-MUN-1039,MUNICIPALITY,CH,LU,Luzern,1039,Gemeinde/Stadt Römerswil,Wahlkreis Hochdorf,1,GERMAN,NO,3,P2_RURAL,Stadtgrün;Stadtgärtnerei;Werkhof;Werkdienst;Gemeindebetriebe;Friedhof;Parks;Sportanlagen;Schulanlagen;Forst;Liegenschaften;Strassenunterhalt;Arealpflege;Winterdienst,DISCOVERY_PENDING,,TO_DISCOVER,NOT_YET_AUDITED,"Puede publicar en portal propio, ATS compartido, cantón, Job-Room o agregador público."
PUB-CH-LU-MUN-1099,MUNICIPALITY,CH,LU,Luzern,1099,Gemeinde/Stadt Schenkon,Wahlkreis Sursee,1,GERMAN,NO,2,P1_URBAN_OR_INTERMEDIATE,Stadtgrün;Stadtgärtnerei;Werkhof;Werkdienst;Gemeindebetriebe;Friedhof;Parks;Sportanlagen;Schulanlagen;Forst;Liegenschaften;Strassenunterhalt;Arealpflege;Winterdienst,DISCOVERY_PENDING,,TO_DISCOVER,NOT_YET_AUDITED,"Puede publicar en portal propio, ATS compartido, cantón, Job-Room o agregador público."
PUB-CH-LU-MUN-1100,MUNICIPALITY,CH,LU,Luzern,1100,Gemeinde/Stadt Schlierbach,Wahlkreis Sursee,1,GERMAN,NO,2,P1_URBAN_OR_INTERMEDIATE,Stadtgrün;Stadtgärtnerei;Werkhof;Werkdienst;Gemeindebetriebe;Friedhof;Parks;Sportanlagen;Schulanlagen;Forst;Liegenschaften;Strassenunterhalt;Arealpflege;Winterdienst,DISCOVERY_PENDING,,TO_DISCOVER,NOT_YET_AUDITED,"Puede publicar en portal propio, ATS compartido, cantón, Job-Room o agregador público."
PUB-CH-LU-MUN-1041,MUNICIPALITY,CH,LU,Luzern,1041,Gemeinde/Stadt Schongau,Wahlkreis Hochdorf,1,GERMAN,NO,3,P2_RURAL,Stadtgrün;Stadtgärtnerei;Werkhof;Werkdienst;Gemeindebetriebe;Friedhof;Parks;Sportanlagen;Schulanlagen;Forst;Liegenschaften;Strassenunterhalt;Arealpflege;Winterdienst,DISCOVERY_PENDING,,TO_DISCOVER,NOT_YET_AUDITED,"Puede publicar en portal propio, ATS compartido, cantón, Job-Room o agregador público."
PUB-CH-LU-MUN-1066,MUNICIPALITY,CH,LU,Luzern,1066,Gemeinde/Stadt Schwarzenberg,Wahlkreis Luzern-Land,1,GERMAN,NO,3,P2_RURAL,Stadtgrün;Stadtgärtnerei;Werkhof;Werkdienst;Gemeindebetriebe;Friedhof;Parks;Sportanlagen;Schulanlagen;Forst;Liegenschaften;Strassenunterhalt;Arealpflege;Winterdienst,DISCOVERY_PENDING,,TO_DISCOVER,NOT_YET_AUDITED,"Puede publicar en portal propio, ATS compartido, cantón, Job-Room o agregador público."
PUB-CH-LU-MUN-1143,MUNICIPALITY,CH,LU,Luzern,1143,Gemeinde/Stadt Schötz,Wahlkreis Willisau,1,GERMAN,NO,2,P1_URBAN_OR_INTERMEDIATE,Stadtgrün;Stadtgärtnerei;Werkhof;Werkdienst;Gemeindebetriebe;Friedhof;Parks;Sportanlagen;Schulanlagen;Forst;Liegenschaften;Strassenunterhalt;Arealpflege;Winterdienst,DISCOVERY_PENDING,,TO_DISCOVER,NOT_YET_AUDITED,"Puede publicar en portal propio, ATS compartido, cantón, Job-Room o agregador público."
PUB-CH-LU-MUN-1008,MUNICIPALITY,CH,LU,Luzern,1008,Gemeinde/Stadt Schüpfheim,Wahlkreis Entlebuch,1,GERMAN,NO,3,P2_RURAL,Stadtgrün;Stadtgärtnerei;Werkhof;Werkdienst;Gemeindebetriebe;Friedhof;Parks;Sportanlagen;Schulanlagen;Forst;Liegenschaften;Strassenunterhalt;Arealpflege;Winterdienst,DISCOVERY_PENDING,,TO_DISCOVER,NOT_YET_AUDITED,"Puede publicar en portal propio, ATS compartido, cantón, Job-Room o agregador público."
PUB-CH-LU-MUN-1102,MUNICIPALITY,CH,LU,Luzern,1102,Gemeinde/Stadt Sempach,Wahlkreis Sursee,1,GERMAN,NO,2,P1_URBAN_OR_INTERMEDIATE,Stadtgrün;Stadtgärtnerei;Werkhof;Werkdienst;Gemeindebetriebe;Friedhof;Parks;Sportanlagen;Schulanlagen;Forst;Liegenschaften;Strassenunterhalt;Arealpflege;Winterdienst,DISCOVERY_PENDING,,TO_DISCOVER,NOT_YET_AUDITED,"Puede publicar en portal propio, ATS compartido, cantón, Job-Room o agregador público."
PUB-CH-LU-MUN-1103,MUNICIPALITY,CH,LU,Luzern,1103,Gemeinde/Stadt Sursee,Wahlkreis Sursee,1,GERMAN,YES,2,P0_CITY,Stadtgrün;Stadtgärtnerei;Werkhof;Werkdienst;Gemeindebetriebe;Friedhof;Parks;Sportanlagen;Schulanlagen;Forst;Liegenschaften;Strassenunterhalt;Arealpflege;Winterdienst,DISCOVERY_PENDING,,TO_DISCOVER,NOT_YET_AUDITED,"Puede publicar en portal propio, ATS compartido, cantón, Job-Room o agregador público."
PUB-CH-LU-MUN-1104,MUNICIPALITY,CH,LU,Luzern,1104,Gemeinde/Stadt Triengen,Wahlkreis Sursee,1,GERMAN,NO,3,P2_RURAL,Stadtgrün;Stadtgärtnerei;Werkhof;Werkdienst;Gemeindebetriebe;Friedhof;Parks;Sportanlagen;Schulanlagen;Forst;Liegenschaften;Strassenunterhalt;Arealpflege;Winterdienst,DISCOVERY_PENDING,,TO_DISCOVER,NOT_YET_AUDITED,"Puede publicar en portal propio, ATS compartido, cantón, Job-Room o agregador público."
PUB-CH-LU-MUN-1067,MUNICIPALITY,CH,LU,Luzern,1067,Gemeinde/Stadt Udligenswil,Wahlkreis Luzern-Land,1,GERMAN,NO,2,P1_URBAN_OR_INTERMEDIATE,Stadtgrün;Stadtgärtnerei;Werkhof;Werkdienst;Gemeindebetriebe;Friedhof;Parks;Sportanlagen;Schulanlagen;Forst;Liegenschaften;Strassenunterhalt;Arealpflege;Winterdienst,DISCOVERY_PENDING,,TO_DISCOVER,NOT_YET_AUDITED,"Puede publicar en portal propio, ATS compartido, cantón, Job-Room o agregador público."
PUB-CH-LU-MUN-1145,MUNICIPALITY,CH,LU,Luzern,1145,Gemeinde/Stadt Ufhusen,Wahlkreis Willisau,1,GERMAN,NO,3,P2_RURAL,Stadtgrün;Stadtgärtnerei;Werkhof;Werkdienst;Gemeindebetriebe;Friedhof;Parks;Sportanlagen;Schulanlagen;Forst;Liegenschaften;Strassenunterhalt;Arealpflege;Winterdienst,DISCOVERY_PENDING,,TO_DISCOVER,NOT_YET_AUDITED,"Puede publicar en portal propio, ATS compartido, cantón, Job-Room o agregador público."
PUB-CH-LU-MUN-1068,MUNICIPALITY,CH,LU,Luzern,1068,Gemeinde/Stadt Vitznau,Wahlkreis Luzern-Land,1,GERMAN,NO,3,P2_RURAL,Stadtgrün;Stadtgärtnerei;Werkhof;Werkdienst;Gemeindebetriebe;Friedhof;Parks;Sportanlagen;Schulanlagen;Forst;Liegenschaften;Strassenunterhalt;Arealpflege;Winterdienst,DISCOVERY_PENDING,,TO_DISCOVER,NOT_YET_AUDITED,"Puede publicar en portal propio, ATS compartido, cantón, Job-Room o agregador público."
PUB-CH-LU-MUN-1146,MUNICIPALITY,CH,LU,Luzern,1146,Gemeinde/Stadt Wauwil,Wahlkreis Willisau,1,GERMAN,NO,2,P1_URBAN_OR_INTERMEDIATE,Stadtgrün;Stadtgärtnerei;Werkhof;Werkdienst;Gemeindebetriebe;Friedhof;Parks;Sportanlagen;Schulanlagen;Forst;Liegenschaften;Strassenunterhalt;Arealpflege;Winterdienst,DISCOVERY_PENDING,,TO_DISCOVER,NOT_YET_AUDITED,"Puede publicar en portal propio, ATS compartido, cantón, Job-Room o agregador público."
PUB-CH-LU-MUN-1069,MUNICIPALITY,CH,LU,Luzern,1069,Gemeinde/Stadt Weggis,Wahlkreis Luzern-Land,1,GERMAN,NO,3,P2_RURAL,Stadtgrün;Stadtgärtnerei;Werkhof;Werkdienst;Gemeindebetriebe;Friedhof;Parks;Sportanlagen;Schulanlagen;Forst;Liegenschaften;Strassenunterhalt;Arealpflege;Winterdienst,DISCOVERY_PENDING,,TO_DISCOVER,NOT_YET_AUDITED,"Puede publicar en portal propio, ATS compartido, cantón, Job-Room o agregador público."
PUB-CH-LU-MUN-1009,MUNICIPALITY,CH,LU,Luzern,1009,Gemeinde/Stadt Werthenstein,Wahlkreis Entlebuch,1,GERMAN,NO,3,P2_RURAL,Stadtgrün;Stadtgärtnerei;Werkhof;Werkdienst;Gemeindebetriebe;Friedhof;Parks;Sportanlagen;Schulanlagen;Forst;Liegenschaften;Strassenunterhalt;Arealpflege;Winterdienst,DISCOVERY_PENDING,,TO_DISCOVER,NOT_YET_AUDITED,"Puede publicar en portal propio, ATS compartido, cantón, Job-Room o agregador público."
PUB-CH-LU-MUN-1147,MUNICIPALITY,CH,LU,Luzern,1147,Gemeinde/Stadt Wikon,Wahlkreis Willisau,1,GERMAN,NO,2,P1_URBAN_OR_INTERMEDIATE,Stadtgrün;Stadtgärtnerei;Werkhof;Werkdienst;Gemeindebetriebe;Friedhof;Parks;Sportanlagen;Schulanlagen;Forst;Liegenschaften;Strassenunterhalt;Arealpflege;Winterdienst,DISCOVERY_PENDING,,TO_DISCOVER,NOT_YET_AUDITED,"Puede publicar en portal propio, ATS compartido, cantón, Job-Room o agregador público."
PUB-CH-LU-MUN-1151,MUNICIPALITY,CH,LU,Luzern,1151,Gemeinde/Stadt Willisau,Wahlkreis Willisau,1,GERMAN,NO,2,P1_URBAN_OR_INTERMEDIATE,Stadtgrün;Stadtgärtnerei;Werkhof;Werkdienst;Gemeindebetriebe;Friedhof;Parks;Sportanlagen;Schulanlagen;Forst;Liegenschaften;Strassenunterhalt;Arealpflege;Winterdienst,DISCOVERY_PENDING,,TO_DISCOVER,NOT_YET_AUDITED,"Puede publicar en portal propio, ATS compartido, cantón, Job-Room o agregador público."
PUB-CH-LU-MUN-1107,MUNICIPALITY,CH,LU,Luzern,1107,Gemeinde/Stadt Wolhusen,Wahlkreis Entlebuch,1,GERMAN,NO,3,P2_RURAL,Stadtgrün;Stadtgärtnerei;Werkhof;Werkdienst;Gemeindebetriebe;Friedhof;Parks;Sportanlagen;Schulanlagen;Forst;Liegenschaften;Strassenunterhalt;Arealpflege;Winterdienst,DISCOVERY_PENDING,,TO_DISCOVER,NOT_YET_AUDITED,"Puede publicar en portal propio, ATS compartido, cantón, Job-Room o agregador público."
PUB-CH-LU-MUN-1150,MUNICIPALITY,CH,LU,Luzern,1150,Gemeinde/Stadt Zell (LU),Wahlkreis Willisau,1,GERMAN,NO,3,P2_RURAL,Stadtgrün;Stadtgärtnerei;Werkhof;Werkdienst;Gemeindebetriebe;Friedhof;Parks;Sportanlagen;Schulanlagen;Forst;Liegenschaften;Strassenunterhalt;Arealpflege;Winterdienst,DISCOVERY_PENDING,,TO_DISCOVER,NOT_YET_AUDITED,"Puede publicar en portal propio, ATS compartido, cantón, Job-Room o agregador público."
PUB-CH-NW-MUN-1501,MUNICIPALITY,CH,NW,Nidwalden,1501,Gemeinde/Stadt Beckenried,Kanton Nidwalden,1,GERMAN,NO,2,P1_URBAN_OR_INTERMEDIATE,Stadtgrün;Stadtgärtnerei;Werkhof;Werkdienst;Gemeindebetriebe;Friedhof;Parks;Sportanlagen;Schulanlagen;Forst;Liegenschaften;Strassenunterhalt;Arealpflege;Winterdienst,DISCOVERY_PENDING,,TO_DISCOVER,NOT_YET_AUDITED,"Puede publicar en portal propio, ATS compartido, cantón, Job-Room o agregador público."
PUB-CH-NW-MUN-1502,MUNICIPALITY,CH,NW,Nidwalden,1502,Gemeinde/Stadt Buochs,Kanton Nidwalden,1,GERMAN,NO,2,P1_URBAN_OR_INTERMEDIATE,Stadtgrün;Stadtgärtnerei;Werkhof;Werkdienst;Gemeindebetriebe;Friedhof;Parks;Sportanlagen;Schulanlagen;Forst;Liegenschaften;Strassenunterhalt;Arealpflege;Winterdienst,DISCOVERY_PENDING,,TO_DISCOVER,NOT_YET_AUDITED,"Puede publicar en portal propio, ATS compartido, cantón, Job-Room o agregador público."
PUB-CH-NW-MUN-1503,MUNICIPALITY,CH,NW,Nidwalden,1503,Gemeinde/Stadt Dallenwil,Kanton Nidwalden,1,GERMAN,NO,3,P2_RURAL,Stadtgrün;Stadtgärtnerei;Werkhof;Werkdienst;Gemeindebetriebe;Friedhof;Parks;Sportanlagen;Schulanlagen;Forst;Liegenschaften;Strassenunterhalt;Arealpflege;Winterdienst,DISCOVERY_PENDING,,TO_DISCOVER,NOT_YET_AUDITED,"Puede publicar en portal propio, ATS compartido, cantón, Job-Room o agregador público."
PUB-CH-NW-MUN-1504,MUNICIPALITY,CH,NW,Nidwalden,1504,Gemeinde/Stadt Emmetten,Kanton Nidwalden,1,GERMAN,NO,2,P1_URBAN_OR_INTERMEDIATE,Stadtgrün;Stadtgärtnerei;Werkhof;Werkdienst;Gemeindebetriebe;Friedhof;Parks;Sportanlagen;Schulanlagen;Forst;Liegenschaften;Strassenunterhalt;Arealpflege;Winterdienst,DISCOVERY_PENDING,,TO_DISCOVER,NOT_YET_AUDITED,"Puede publicar en portal propio, ATS compartido, cantón, Job-Room o agregador público."
PUB-CH-NW-MUN-1505,MUNICIPALITY,CH,NW,Nidwalden,1505,Gemeinde/Stadt Ennetbürgen,Kanton Nidwalden,1,GERMAN,NO,2,P1_URBAN_OR_INTERMEDIATE,Stadtgrün;Stadtgärtnerei;Werkhof;Werkdienst;Gemeindebetriebe;Friedhof;Parks;Sportanlagen;Schulanlagen;Forst;Liegenschaften;Strassenunterhalt;Arealpflege;Winterdienst,DISCOVERY_PENDING,,TO_DISCOVER,NOT_YET_AUDITED,"Puede publicar en portal propio, ATS compartido, cantón, Job-Room o agregador público."
PUB-CH-NW-MUN-1506,MUNICIPALITY,CH,NW,Nidwalden,1506,Gemeinde/Stadt Ennetmoos,Kanton Nidwalden,1,GERMAN,NO,2,P1_URBAN_OR_INTERMEDIATE,Stadtgrün;Stadtgärtnerei;Werkhof;Werkdienst;Gemeindebetriebe;Friedhof;Parks;Sportanlagen;Schulanlagen;Forst;Liegenschaften;Strassenunterhalt;Arealpflege;Winterdienst,DISCOVERY_PENDING,,TO_DISCOVER,NOT_YET_AUDITED,"Puede publicar en portal propio, ATS compartido, cantón, Job-Room o agregador público."
PUB-CH-NW-MUN-1507,MUNICIPALITY,CH,NW,Nidwalden,1507,Gemeinde/Stadt Hergiswil (NW),Kanton Nidwalden,1,GERMAN,NO,2,P1_URBAN_OR_INTERMEDIATE,Stadtgrün;Stadtgärtnerei;Werkhof;Werkdienst;Gemeindebetriebe;Friedhof;Parks;Sportanlagen;Schulanlagen;Forst;Liegenschaften;Strassenunterhalt;Arealpflege;Winterdienst,DISCOVERY_PENDING,,TO_DISCOVER,NOT_YET_AUDITED,"Puede publicar en portal propio, ATS compartido, cantón, Job-Room o agregador público."
PUB-CH-NW-MUN-1508,MUNICIPALITY,CH,NW,Nidwalden,1508,Gemeinde/Stadt Oberdorf (NW),Kanton Nidwalden,1,GERMAN,NO,2,P1_URBAN_OR_INTERMEDIATE,Stadtgrün;Stadtgärtnerei;Werkhof;Werkdienst;Gemeindebetriebe;Friedhof;Parks;Sportanlagen;Schulanlagen;Forst;Liegenschaften;Strassenunterhalt;Arealpflege;Winterdienst,DISCOVERY_PENDING,,TO_DISCOVER,NOT_YET_AUDITED,"Puede publicar en portal propio, ATS compartido, cantón, Job-Room o agregador público."
PUB-CH-NW-MUN-1509,MUNICIPALITY,CH,NW,Nidwalden,1509,Gemeinde/Stadt Stans,Kanton Nidwalden,1,GERMAN,YES,2,P0_CITY,Stadtgrün;Stadtgärtnerei;Werkhof;Werkdienst;Gemeindebetriebe;Friedhof;Parks;Sportanlagen;Schulanlagen;Forst;Liegenschaften;Strassenunterhalt;Arealpflege;Winterdienst,DISCOVERY_PENDING,,TO_DISCOVER,NOT_YET_AUDITED,"Puede publicar en portal propio, ATS compartido, cantón, Job-Room o agregador público."
PUB-CH-NW-MUN-1510,MUNICIPALITY,CH,NW,Nidwalden,1510,Gemeinde/Stadt Stansstad,Kanton Nidwalden,1,GERMAN,NO,2,P1_URBAN_OR_INTERMEDIATE,Stadtgrün;Stadtgärtnerei;Werkhof;Werkdienst;Gemeindebetriebe;Friedhof;Parks;Sportanlagen;Schulanlagen;Forst;Liegenschaften;Strassenunterhalt;Arealpflege;Winterdienst,DISCOVERY_PENDING,,TO_DISCOVER,NOT_YET_AUDITED,"Puede publicar en portal propio, ATS compartido, cantón, Job-Room o agregador público."
PUB-CH-NW-MUN-1511,MUNICIPALITY,CH,NW,Nidwalden,1511,Gemeinde/Stadt Wolfenschiessen,Kanton Nidwalden,1,GERMAN,NO,3,P2_RURAL,Stadtgrün;Stadtgärtnerei;Werkhof;Werkdienst;Gemeindebetriebe;Friedhof;Parks;Sportanlagen;Schulanlagen;Forst;Liegenschaften;Strassenunterhalt;Arealpflege;Winterdienst,DISCOVERY_PENDING,,TO_DISCOVER,NOT_YET_AUDITED,"Puede publicar en portal propio, ATS compartido, cantón, Job-Room o agregador público."
PUB-CH-OW-MUN-1401,MUNICIPALITY,CH,OW,Obwalden,1401,Gemeinde/Stadt Alpnach,Kanton Obwalden,1,GERMAN,NO,2,P1_URBAN_OR_INTERMEDIATE,Stadtgrün;Stadtgärtnerei;Werkhof;Werkdienst;Gemeindebetriebe;Friedhof;Parks;Sportanlagen;Schulanlagen;Forst;Liegenschaften;Strassenunterhalt;Arealpflege;Winterdienst,DISCOVERY_PENDING,,TO_DISCOVER,NOT_YET_AUDITED,"Puede publicar en portal propio, ATS compartido, cantón, Job-Room o agregador público."
PUB-CH-OW-MUN-1402,MUNICIPALITY,CH,OW,Obwalden,1402,Gemeinde/Stadt Engelberg,Kanton Obwalden,1,GERMAN,NO,3,P2_RURAL,Stadtgrün;Stadtgärtnerei;Werkhof;Werkdienst;Gemeindebetriebe;Friedhof;Parks;Sportanlagen;Schulanlagen;Forst;Liegenschaften;Strassenunterhalt;Arealpflege;Winterdienst,DISCOVERY_PENDING,,TO_DISCOVER,NOT_YET_AUDITED,"Puede publicar en portal propio, ATS compartido, cantón, Job-Room o agregador público."
PUB-CH-OW-MUN-1403,MUNICIPALITY,CH,OW,Obwalden,1403,Gemeinde/Stadt Giswil,Kanton Obwalden,1,GERMAN,NO,3,P2_RURAL,Stadtgrün;Stadtgärtnerei;Werkhof;Werkdienst;Gemeindebetriebe;Friedhof;Parks;Sportanlagen;Schulanlagen;Forst;Liegenschaften;Strassenunterhalt;Arealpflege;Winterdienst,DISCOVERY_PENDING,,TO_DISCOVER,NOT_YET_AUDITED,"Puede publicar en portal propio, ATS compartido, cantón, Job-Room o agregador público."
PUB-CH-OW-MUN-1404,MUNICIPALITY,CH,OW,Obwalden,1404,Gemeinde/Stadt Kerns,Kanton Obwalden,1,GERMAN,NO,2,P1_URBAN_OR_INTERMEDIATE,Stadtgrün;Stadtgärtnerei;Werkhof;Werkdienst;Gemeindebetriebe;Friedhof;Parks;Sportanlagen;Schulanlagen;Forst;Liegenschaften;Strassenunterhalt;Arealpflege;Winterdienst,DISCOVERY_PENDING,,TO_DISCOVER,NOT_YET_AUDITED,"Puede publicar en portal propio, ATS compartido, cantón, Job-Room o agregador público."
PUB-CH-OW-MUN-1405,MUNICIPALITY,CH,OW,Obwalden,1405,Gemeinde/Stadt Lungern,Kanton Obwalden,1,GERMAN,NO,3,P2_RURAL,Stadtgrün;Stadtgärtnerei;Werkhof;Werkdienst;Gemeindebetriebe;Friedhof;Parks;Sportanlagen;Schulanlagen;Forst;Liegenschaften;Strassenunterhalt;Arealpflege;Winterdienst,DISCOVERY_PENDING,,TO_DISCOVER,NOT_YET_AUDITED,"Puede publicar en portal propio, ATS compartido, cantón, Job-Room o agregador público."
PUB-CH-OW-MUN-1406,MUNICIPALITY,CH,OW,Obwalden,1406,Gemeinde/Stadt Sachseln,Kanton Obwalden,1,GERMAN,NO,2,P1_URBAN_OR_INTERMEDIATE,Stadtgrün;Stadtgärtnerei;Werkhof;Werkdienst;Gemeindebetriebe;Friedhof;Parks;Sportanlagen;Schulanlagen;Forst;Liegenschaften;Strassenunterhalt;Arealpflege;Winterdienst,DISCOVERY_PENDING,,TO_DISCOVER,NOT_YET_AUDITED,"Puede publicar en portal propio, ATS compartido, cantón, Job-Room o agregador público."
PUB-CH-OW-MUN-1407,MUNICIPALITY,CH,OW,Obwalden,1407,Gemeinde/Stadt Sarnen,Kanton Obwalden,1,GERMAN,YES,2,P0_CITY,Stadtgrün;Stadtgärtnerei;Werkhof;Werkdienst;Gemeindebetriebe;Friedhof;Parks;Sportanlagen;Schulanlagen;Forst;Liegenschaften;Strassenunterhalt;Arealpflege;Winterdienst,DISCOVERY_PENDING,,TO_DISCOVER,NOT_YET_AUDITED,"Puede publicar en portal propio, ATS compartido, cantón, Job-Room o agregador público."
PUB-CH-SG-MUN-3251,MUNICIPALITY,CH,SG,St. Gallen,3251,Gemeinde/Stadt Altstätten,Wahlkreis Rheintal,1,GERMAN,YES,2,P0_CITY,Stadtgrün;Stadtgärtnerei;Werkhof;Werkdienst;Gemeindebetriebe;Friedhof;Parks;Sportanlagen;Schulanlagen;Forst;Liegenschaften;Strassenunterhalt;Arealpflege;Winterdienst,DISCOVERY_PENDING,,TO_DISCOVER,NOT_YET_AUDITED,"Puede publicar en portal propio, ATS compartido, cantón, Job-Room o agregador público."
PUB-CH-SG-MUN-3311,MUNICIPALITY,CH,SG,St. Gallen,3311,Gemeinde/Stadt Amden,Wahlkreis See-Gaster,1,GERMAN,NO,3,P2_RURAL,Stadtgrün;Stadtgärtnerei;Werkhof;Werkdienst;Gemeindebetriebe;Friedhof;Parks;Sportanlagen;Schulanlagen;Forst;Liegenschaften;Strassenunterhalt;Arealpflege;Winterdienst,DISCOVERY_PENDING,,TO_DISCOVER,NOT_YET_AUDITED,"Puede publicar en portal propio, ATS compartido, cantón, Job-Room o agregador público."
PUB-CH-SG-MUN-3441,MUNICIPALITY,CH,SG,St. Gallen,3441,Gemeinde/Stadt Andwil (SG),Wahlkreis St. Gallen,1,GERMAN,NO,3,P2_RURAL,Stadtgrün;Stadtgärtnerei;Werkhof;Werkdienst;Gemeindebetriebe;Friedhof;Parks;Sportanlagen;Schulanlagen;Forst;Liegenschaften;Strassenunterhalt;Arealpflege;Winterdienst,DISCOVERY_PENDING,,TO_DISCOVER,NOT_YET_AUDITED,"Puede publicar en portal propio, ATS compartido, cantón, Job-Room o agregador público."
PUB-CH-SG-MUN-3231,MUNICIPALITY,CH,SG,St. Gallen,3231,Gemeinde/Stadt Au (SG),Wahlkreis Rheintal,1,GERMAN,NO,2,P1_URBAN_OR_INTERMEDIATE,Stadtgrün;Stadtgärtnerei;Werkhof;Werkdienst;Gemeindebetriebe;Friedhof;Parks;Sportanlagen;Schulanlagen;Forst;Liegenschaften;Strassenunterhalt;Arealpflege;Winterdienst,DISCOVERY_PENDING,,TO_DISCOVER,NOT_YET_AUDITED,"Puede publicar en portal propio, ATS compartido, cantón, Job-Room o agregador público."
PUB-CH-SG-MUN-3291,MUNICIPALITY,CH,SG,St. Gallen,3291,Gemeinde/Stadt Bad Ragaz,Wahlkreis Sarganserland,1,GERMAN,NO,2,P1_URBAN_OR_INTERMEDIATE,Stadtgrün;Stadtgärtnerei;Werkhof;Werkdienst;Gemeindebetriebe;Friedhof;Parks;Sportanlagen;Schulanlagen;Forst;Liegenschaften;Strassenunterhalt;Arealpflege;Winterdienst,DISCOVERY_PENDING,,TO_DISCOVER,NOT_YET_AUDITED,"Puede publicar en portal propio, ATS compartido, cantón, Job-Room o agregador público."
PUB-CH-SG-MUN-3232,MUNICIPALITY,CH,SG,St. Gallen,3232,Gemeinde/Stadt Balgach,Wahlkreis Rheintal,1,GERMAN,NO,2,P1_URBAN_OR_INTERMEDIATE,Stadtgrün;Stadtgärtnerei;Werkhof;Werkdienst;Gemeindebetriebe;Friedhof;Parks;Sportanlagen;Schulanlagen;Forst;Liegenschaften;Strassenunterhalt;Arealpflege;Winterdienst,DISCOVERY_PENDING,,TO_DISCOVER,NOT_YET_AUDITED,"Puede publicar en portal propio, ATS compartido, cantón, Job-Room o agregador público."
PUB-CH-SG-MUN-3312,MUNICIPALITY,CH,SG,St. Gallen,3312,Gemeinde/Stadt Benken (SG),Wahlkreis See-Gaster,1,GERMAN,NO,2,P1_URBAN_OR_INTERMEDIATE,Stadtgrün;Stadtgärtnerei;Werkhof;Werkdienst;Gemeindebetriebe;Friedhof;Parks;Sportanlagen;Schulanlagen;Forst;Liegenschaften;Strassenunterhalt;Arealpflege;Winterdienst,DISCOVERY_PENDING,,TO_DISCOVER,NOT_YET_AUDITED,"Puede publicar en portal propio, ATS compartido, cantón, Job-Room o agregador público."
PUB-CH-SG-MUN-3211,MUNICIPALITY,CH,SG,St. Gallen,3211,Gemeinde/Stadt Berg (SG),Wahlkreis Rorschach,1,GERMAN,NO,2,P1_URBAN_OR_INTERMEDIATE,Stadtgrün;Stadtgärtnerei;Werkhof;Werkdienst;Gemeindebetriebe;Friedhof;Parks;Sportanlagen;Schulanlagen;Forst;Liegenschaften;Strassenunterhalt;Arealpflege;Winterdienst,DISCOVERY_PENDING,,TO_DISCOVER,NOT_YET_AUDITED,"Puede publicar en portal propio, ATS compartido, cantón, Job-Room o agregador público."
PUB-CH-SG-MUN-3233,MUNICIPALITY,CH,SG,St. Gallen,3233,Gemeinde/Stadt Berneck,Wahlkreis Rheintal,1,GERMAN,NO,2,P1_URBAN_OR_INTERMEDIATE,Stadtgrün;Stadtgärtnerei;Werkhof;Werkdienst;Gemeindebetriebe;Friedhof;Parks;Sportanlagen;Schulanlagen;Forst;Liegenschaften;Strassenunterhalt;Arealpflege;Winterdienst,DISCOVERY_PENDING,,TO_DISCOVER,NOT_YET_AUDITED,"Puede publicar en portal propio, ATS compartido, cantón, Job-Room o agregador público."
PUB-CH-SG-MUN-3271,MUNICIPALITY,CH,SG,St. Gallen,3271,Gemeinde/Stadt Buchs (SG),Wahlkreis Werdenberg,1,GERMAN,YES,2,P0_CITY,Stadtgrün;Stadtgärtnerei;Werkhof;Werkdienst;Gemeindebetriebe;Friedhof;Parks;Sportanlagen;Schulanlagen;Forst;Liegenschaften;Strassenunterhalt;Arealpflege;Winterdienst,DISCOVERY_PENDING,,TO_DISCOVER,NOT_YET_AUDITED,"Puede publicar en portal propio, ATS compartido, cantón, Job-Room o agregador público."
PUB-CH-SG-MUN-3395,MUNICIPALITY,CH,SG,St. Gallen,3395,Gemeinde/Stadt Bütschwil-Ganterschwil,Wahlkreis Toggenburg,1,GERMAN,NO,2,P1_URBAN_OR_INTERMEDIATE,Stadtgrün;Stadtgärtnerei;Werkhof;Werkdienst;Gemeindebetriebe;Friedhof;Parks;Sportanlagen;Schulanlagen;Forst;Liegenschaften;Strassenunterhalt;Arealpflege;Winterdienst,DISCOVERY_PENDING,,TO_DISCOVER,NOT_YET_AUDITED,"Puede publicar en portal propio, ATS compartido, cantón, Job-Room o agregador público."
PUB-CH-SG-MUN-3401,MUNICIPALITY,CH,SG,St. Gallen,3401,Gemeinde/Stadt Degersheim,Wahlkreis Wil,1,GERMAN,NO,3,P2_RURAL,Stadtgrün;Stadtgärtnerei;Werkhof;Werkdienst;Gemeindebetriebe;Friedhof;Parks;Sportanlagen;Schulanlagen;Forst;Liegenschaften;Strassenunterhalt;Arealpflege;Winterdienst,DISCOVERY_PENDING,,TO_DISCOVER,NOT_YET_AUDITED,"Puede publicar en portal propio, ATS compartido, cantón, Job-Room o agregador público."
PUB-CH-SG-MUN-3234,MUNICIPALITY,CH,SG,St. Gallen,3234,Gemeinde/Stadt Diepoldsau,Wahlkreis Rheintal,1,GERMAN,NO,2,P1_URBAN_OR_INTERMEDIATE,Stadtgrün;Stadtgärtnerei;Werkhof;Werkdienst;Gemeindebetriebe;Friedhof;Parks;Sportanlagen;Schulanlagen;Forst;Liegenschaften;Strassenunterhalt;Arealpflege;Winterdienst,DISCOVERY_PENDING,,TO_DISCOVER,NOT_YET_AUDITED,"Puede publicar en portal propio, ATS compartido, cantón, Job-Room o agregador público."
PUB-CH-SG-MUN-3352,MUNICIPALITY,CH,SG,St. Gallen,3352,Gemeinde/Stadt Ebnat-Kappel,Wahlkreis Toggenburg,1,GERMAN,NO,3,P2_RURAL,Stadtgrün;Stadtgärtnerei;Werkhof;Werkdienst;Gemeindebetriebe;Friedhof;Parks;Sportanlagen;Schulanlagen;Forst;Liegenschaften;Strassenunterhalt;Arealpflege;Winterdienst,DISCOVERY_PENDING,,TO_DISCOVER,NOT_YET_AUDITED,"Puede publicar en portal propio, ATS compartido, cantón, Job-Room o agregador público."
PUB-CH-SG-MUN-3212,MUNICIPALITY,CH,SG,St. Gallen,3212,Gemeinde/Stadt Eggersriet,Wahlkreis St. Gallen,1,GERMAN,NO,2,P1_URBAN_OR_INTERMEDIATE,Stadtgrün;Stadtgärtnerei;Werkhof;Werkdienst;Gemeindebetriebe;Friedhof;Parks;Sportanlagen;Schulanlagen;Forst;Liegenschaften;Strassenunterhalt;Arealpflege;Winterdienst,DISCOVERY_PENDING,,TO_DISCOVER,NOT_YET_AUDITED,"Puede publicar en portal propio, ATS compartido, cantón, Job-Room o agregador público."
PUB-CH-SG-MUN-3252,MUNICIPALITY,CH,SG,St. Gallen,3252,Gemeinde/Stadt Eichberg,Wahlkreis Rheintal,1,GERMAN,NO,3,P2_RURAL,Stadtgrün;Stadtgärtnerei;Werkhof;Werkdienst;Gemeindebetriebe;Friedhof;Parks;Sportanlagen;Schulanlagen;Forst;Liegenschaften;Strassenunterhalt;Arealpflege;Winterdienst,DISCOVERY_PENDING,,TO_DISCOVER,NOT_YET_AUDITED,"Puede publicar en portal propio, ATS compartido, cantón, Job-Room o agregador público."
PUB-CH-SG-MUN-3342,MUNICIPALITY,CH,SG,St. Gallen,3342,Gemeinde/Stadt Eschenbach (SG),Wahlkreis See-Gaster,1,GERMAN,NO,2,P1_URBAN_OR_INTERMEDIATE,Stadtgrün;Stadtgärtnerei;Werkhof;Werkdienst;Gemeindebetriebe;Friedhof;Parks;Sportanlagen;Schulanlagen;Forst;Liegenschaften;Strassenunterhalt;Arealpflege;Winterdienst,DISCOVERY_PENDING,,TO_DISCOVER,NOT_YET_AUDITED,"Puede publicar en portal propio, ATS compartido, cantón, Job-Room o agregador público."
PUB-CH-SG-MUN-3402,MUNICIPALITY,CH,SG,St. Gallen,3402,Gemeinde/Stadt Flawil,Wahlkreis Wil,1,GERMAN,YES,2,P0_CITY,Stadtgrün;Stadtgärtnerei;Werkhof;Werkdienst;Gemeindebetriebe;Friedhof;Parks;Sportanlagen;Schulanlagen;Forst;Liegenschaften;Strassenunterhalt;Arealpflege;Winterdienst,DISCOVERY_PENDING,,TO_DISCOVER,NOT_YET_AUDITED,"Puede publicar en portal propio, ATS compartido, cantón, Job-Room o agregador público."
PUB-CH-SG-MUN-3292,MUNICIPALITY,CH,SG,St. Gallen,3292,Gemeinde/Stadt Flums,Wahlkreis Sarganserland,1,GERMAN,NO,2,P1_URBAN_OR_INTERMEDIATE,Stadtgrün;Stadtgärtnerei;Werkhof;Werkdienst;Gemeindebetriebe;Friedhof;Parks;Sportanlagen;Schulanlagen;Forst;Liegenschaften;Strassenunterhalt;Arealpflege;Winterdienst,DISCOVERY_PENDING,,TO_DISCOVER,NOT_YET_AUDITED,"Puede publicar en portal propio, ATS compartido, cantón, Job-Room o agregador público."
PUB-CH-SG-MUN-3442,MUNICIPALITY,CH,SG,St. Gallen,3442,Gemeinde/Stadt Gaiserwald,Wahlkreis St. Gallen,1,GERMAN,NO,2,P1_URBAN_OR_INTERMEDIATE,Stadtgrün;Stadtgärtnerei;Werkhof;Werkdienst;Gemeindebetriebe;Friedhof;Parks;Sportanlagen;Schulanlagen;Forst;Liegenschaften;Strassenunterhalt;Arealpflege;Winterdienst,DISCOVERY_PENDING,,TO_DISCOVER,NOT_YET_AUDITED,"Puede publicar en portal propio, ATS compartido, cantón, Job-Room o agregador público."
PUB-CH-SG-MUN-3272,MUNICIPALITY,CH,SG,St. Gallen,3272,Gemeinde/Stadt Gams,Wahlkreis Werdenberg,1,GERMAN,NO,2,P1_URBAN_OR_INTERMEDIATE,Stadtgrün;Stadtgärtnerei;Werkhof;Werkdienst;Gemeindebetriebe;Friedhof;Parks;Sportanlagen;Schulanlagen;Forst;Liegenschaften;Strassenunterhalt;Arealpflege;Winterdienst,DISCOVERY_PENDING,,TO_DISCOVER,NOT_YET_AUDITED,"Puede publicar en portal propio, ATS compartido, cantón, Job-Room o agregador público."
PUB-CH-SG-MUN-3213,MUNICIPALITY,CH,SG,St. Gallen,3213,Gemeinde/Stadt Goldach,Wahlkreis Rorschach,1,GERMAN,NO,2,P1_URBAN_OR_INTERMEDIATE,Stadtgrün;Stadtgärtnerei;Werkhof;Werkdienst;Gemeindebetriebe;Friedhof;Parks;Sportanlagen;Schulanlagen;Forst;Liegenschaften;Strassenunterhalt;Arealpflege;Winterdienst,DISCOVERY_PENDING,,TO_DISCOVER,NOT_YET_AUDITED,"Puede publicar en portal propio, ATS compartido, cantón, Job-Room o agregador público."
PUB-CH-SG-MUN-3341,MUNICIPALITY,CH,SG,St. Gallen,3341,Gemeinde/Stadt Gommiswald,Wahlkreis See-Gaster,1,GERMAN,NO,2,P1_URBAN_OR_INTERMEDIATE,Stadtgrün;Stadtgärtnerei;Werkhof;Werkdienst;Gemeindebetriebe;Friedhof;Parks;Sportanlagen;Schulanlagen;Forst;Liegenschaften;Strassenunterhalt;Arealpflege;Winterdienst,DISCOVERY_PENDING,,TO_DISCOVER,NOT_YET_AUDITED,"Puede publicar en portal propio, ATS compartido, cantón, Job-Room o agregador público."
PUB-CH-SG-MUN-3443,MUNICIPALITY,CH,SG,St. Gallen,3443,Gemeinde/Stadt Gossau (SG),Wahlkreis St. Gallen,1,GERMAN,YES,2,P0_CITY,Stadtgrün;Stadtgärtnerei;Werkhof;Werkdienst;Gemeindebetriebe;Friedhof;Parks;Sportanlagen;Schulanlagen;Forst;Liegenschaften;Strassenunterhalt;Arealpflege;Winterdienst,DISCOVERY_PENDING,,TO_DISCOVER,NOT_YET_AUDITED,"Puede publicar en portal propio, ATS compartido, cantón, Job-Room o agregador público."
PUB-CH-SG-MUN-3273,MUNICIPALITY,CH,SG,St. Gallen,3273,Gemeinde/Stadt Grabs,Wahlkreis Werdenberg,1,GERMAN,NO,2,P1_URBAN_OR_INTERMEDIATE,Stadtgrün;Stadtgärtnerei;Werkhof;Werkdienst;Gemeindebetriebe;Friedhof;Parks;Sportanlagen;Schulanlagen;Forst;Liegenschaften;Strassenunterhalt;Arealpflege;Winterdienst,DISCOVERY_PENDING,,TO_DISCOVER,NOT_YET_AUDITED,"Puede publicar en portal propio, ATS compartido, cantón, Job-Room o agregador público."
PUB-CH-SG-MUN-3201,MUNICIPALITY,CH,SG,St. Gallen,3201,Gemeinde/Stadt Häggenschwil,Wahlkreis St. Gallen,1,GERMAN,NO,3,P2_RURAL,Stadtgrün;Stadtgärtnerei;Werkhof;Werkdienst;Gemeindebetriebe;Friedhof;Parks;Sportanlagen;Schulanlagen;Forst;Liegenschaften;Strassenunterhalt;Arealpflege;Winterdienst,DISCOVERY_PENDING,,TO_DISCOVER,NOT_YET_AUDITED,"Puede publicar en portal propio, ATS compartido, cantón, Job-Room o agregador público."
PUB-CH-SG-MUN-3405,MUNICIPALITY,CH,SG,St. Gallen,3405,Gemeinde/Stadt Jonschwil,Wahlkreis Wil,1,GERMAN,NO,2,P1_URBAN_OR_INTERMEDIATE,Stadtgrün;Stadtgärtnerei;Werkhof;Werkdienst;Gemeindebetriebe;Friedhof;Parks;Sportanlagen;Schulanlagen;Forst;Liegenschaften;Strassenunterhalt;Arealpflege;Winterdienst,DISCOVERY_PENDING,,TO_DISCOVER,NOT_YET_AUDITED,"Puede publicar en portal propio, ATS compartido, cantón, Job-Room o agregador público."
PUB-CH-SG-MUN-3313,MUNICIPALITY,CH,SG,St. Gallen,3313,Gemeinde/Stadt Kaltbrunn,Wahlkreis See-Gaster,1,GERMAN,NO,2,P1_URBAN_OR_INTERMEDIATE,Stadtgrün;Stadtgärtnerei;Werkhof;Werkdienst;Gemeindebetriebe;Friedhof;Parks;Sportanlagen;Schulanlagen;Forst;Liegenschaften;Strassenunterhalt;Arealpflege;Winterdienst,DISCOVERY_PENDING,,TO_DISCOVER,NOT_YET_AUDITED,"Puede publicar en portal propio, ATS compartido, cantón, Job-Room o agregador público."
PUB-CH-SG-MUN-3392,MUNICIPALITY,CH,SG,St. Gallen,3392,Gemeinde/Stadt Kirchberg (SG),Wahlkreis Toggenburg,1,GERMAN,NO,2,P1_URBAN_OR_INTERMEDIATE,Stadtgrün;Stadtgärtnerei;Werkhof;Werkdienst;Gemeindebetriebe;Friedhof;Parks;Sportanlagen;Schulanlagen;Forst;Liegenschaften;Strassenunterhalt;Arealpflege;Winterdienst,DISCOVERY_PENDING,,TO_DISCOVER,NOT_YET_AUDITED,"Puede publicar en portal propio, ATS compartido, cantón, Job-Room o agregador público."
PUB-CH-SG-MUN-3374,MUNICIPALITY,CH,SG,St. Gallen,3374,Gemeinde/Stadt Lichtensteig,Wahlkreis Toggenburg,1,GERMAN,NO,2,P1_URBAN_OR_INTERMEDIATE,Stadtgrün;Stadtgärtnerei;Werkhof;Werkdienst;Gemeindebetriebe;Friedhof;Parks;Sportanlagen;Schulanlagen;Forst;Liegenschaften;Strassenunterhalt;Arealpflege;Winterdienst,DISCOVERY_PENDING,,TO_DISCOVER,NOT_YET_AUDITED,"Puede publicar en portal propio, ATS compartido, cantón, Job-Room o agregador público."
PUB-CH-SG-MUN-3393,MUNICIPALITY,CH,SG,St. Gallen,3393,Gemeinde/Stadt Lütisburg,Wahlkreis Toggenburg,1,GERMAN,NO,3,P2_RURAL,Stadtgrün;Stadtgärtnerei;Werkhof;Werkdienst;Gemeindebetriebe;Friedhof;Parks;Sportanlagen;Schulanlagen;Forst;Liegenschaften;Strassenunterhalt;Arealpflege;Winterdienst,DISCOVERY_PENDING,,TO_DISCOVER,NOT_YET_AUDITED,"Puede publicar en portal propio, ATS compartido, cantón, Job-Room o agregador público."
PUB-CH-SG-MUN-3253,MUNICIPALITY,CH,SG,St. Gallen,3253,Gemeinde/Stadt Marbach (SG),Wahlkreis Rheintal,1,GERMAN,NO,2,P1_URBAN_OR_INTERMEDIATE,Stadtgrün;Stadtgärtnerei;Werkhof;Werkdienst;Gemeindebetriebe;Friedhof;Parks;Sportanlagen;Schulanlagen;Forst;Liegenschaften;Strassenunterhalt;Arealpflege;Winterdienst,DISCOVERY_PENDING,,TO_DISCOVER,NOT_YET_AUDITED,"Puede publicar en portal propio, ATS compartido, cantón, Job-Room o agregador público."
PUB-CH-SG-MUN-3293,MUNICIPALITY,CH,SG,St. Gallen,3293,Gemeinde/Stadt Mels,Wahlkreis Sarganserland,1,GERMAN,NO,2,P1_URBAN_OR_INTERMEDIATE,Stadtgrün;Stadtgärtnerei;Werkhof;Werkdienst;Gemeindebetriebe;Friedhof;Parks;Sportanlagen;Schulanlagen;Forst;Liegenschaften;Strassenunterhalt;Arealpflege;Winterdienst,DISCOVERY_PENDING,,TO_DISCOVER,NOT_YET_AUDITED,"Puede publicar en portal propio, ATS compartido, cantón, Job-Room o agregador público."
PUB-CH-SG-MUN-3394,MUNICIPALITY,CH,SG,St. Gallen,3394,Gemeinde/Stadt Mosnang,Wahlkreis Toggenburg,1,GERMAN,NO,3,P2_RURAL,Stadtgrün;Stadtgärtnerei;Werkhof;Werkdienst;Gemeindebetriebe;Friedhof;Parks;Sportanlagen;Schulanlagen;Forst;Liegenschaften;Strassenunterhalt;Arealpflege;Winterdienst,DISCOVERY_PENDING,,TO_DISCOVER,NOT_YET_AUDITED,"Puede publicar en portal propio, ATS compartido, cantón, Job-Room o agregador público."
PUB-CH-SG-MUN-3202,MUNICIPALITY,CH,SG,St. Gallen,3202,Gemeinde/Stadt Muolen,Wahlkreis St. Gallen,1,GERMAN,NO,3,P2_RURAL,Stadtgrün;Stadtgärtnerei;Werkhof;Werkdienst;Gemeindebetriebe;Friedhof;Parks;Sportanlagen;Schulanlagen;Forst;Liegenschaften;Strassenunterhalt;Arealpflege;Winterdienst,DISCOVERY_PENDING,,TO_DISCOVER,NOT_YET_AUDITED,"Puede publicar en portal propio, ATS compartido, cantón, Job-Room o agregador público."
PUB-CH-SG-MUN-3214,MUNICIPALITY,CH,SG,St. Gallen,3214,Gemeinde/Stadt Mörschwil,Wahlkreis Rorschach,1,GERMAN,NO,2,P1_URBAN_OR_INTERMEDIATE,Stadtgrün;Stadtgärtnerei;Werkhof;Werkdienst;Gemeindebetriebe;Friedhof;Parks;Sportanlagen;Schulanlagen;Forst;Liegenschaften;Strassenunterhalt;Arealpflege;Winterdienst,DISCOVERY_PENDING,,TO_DISCOVER,NOT_YET_AUDITED,"Puede publicar en portal propio, ATS compartido, cantón, Job-Room o agregador público."
PUB-CH-SG-MUN-3396,MUNICIPALITY,CH,SG,St. Gallen,3396,Gemeinde/Stadt Neckertal,Wahlkreis Toggenburg,1,GERMAN,NO,3,P2_RURAL,Stadtgrün;Stadtgärtnerei;Werkhof;Werkdienst;Gemeindebetriebe;Friedhof;Parks;Sportanlagen;Schulanlagen;Forst;Liegenschaften;Strassenunterhalt;Arealpflege;Winterdienst,DISCOVERY_PENDING,,TO_DISCOVER,NOT_YET_AUDITED,"Puede publicar en portal propio, ATS compartido, cantón, Job-Room o agregador público."
PUB-CH-SG-MUN-3360,MUNICIPALITY,CH,SG,St. Gallen,3360,Gemeinde/Stadt Nesslau,Wahlkreis Toggenburg,1,GERMAN,NO,3,P2_RURAL,Stadtgrün;Stadtgärtnerei;Werkhof;Werkdienst;Gemeindebetriebe;Friedhof;Parks;Sportanlagen;Schulanlagen;Forst;Liegenschaften;Strassenunterhalt;Arealpflege;Winterdienst,DISCOVERY_PENDING,,TO_DISCOVER,NOT_YET_AUDITED,"Puede publicar en portal propio, ATS compartido, cantón, Job-Room o agregador público."
PUB-CH-SG-MUN-3422,MUNICIPALITY,CH,SG,St. Gallen,3422,Gemeinde/Stadt Niederbüren,Wahlkreis Wil,1,GERMAN,NO,3,P2_RURAL,Stadtgrün;Stadtgärtnerei;Werkhof;Werkdienst;Gemeindebetriebe;Friedhof;Parks;Sportanlagen;Schulanlagen;Forst;Liegenschaften;Strassenunterhalt;Arealpflege;Winterdienst,DISCOVERY_PENDING,,TO_DISCOVER,NOT_YET_AUDITED,"Puede publicar en portal propio, ATS compartido, cantón, Job-Room o agregador público."
PUB-CH-SG-MUN-3423,MUNICIPALITY,CH,SG,St. Gallen,3423,Gemeinde/Stadt Niederhelfenschwil,Wahlkreis Wil,1,GERMAN,NO,3,P2_RURAL,Stadtgrün;Stadtgärtnerei;Werkhof;Werkdienst;Gemeindebetriebe;Friedhof;Parks;Sportanlagen;Schulanlagen;Forst;Liegenschaften;Strassenunterhalt;Arealpflege;Winterdienst,DISCOVERY_PENDING,,TO_DISCOVER,NOT_YET_AUDITED,"Puede publicar en portal propio, ATS compartido, cantón, Job-Room o agregador público."
PUB-CH-SG-MUN-3424,MUNICIPALITY,CH,SG,St. Gallen,3424,Gemeinde/Stadt Oberbüren,Wahlkreis Wil,1,GERMAN,NO,2,P1_URBAN_OR_INTERMEDIATE,Stadtgrün;Stadtgärtnerei;Werkhof;Werkdienst;Gemeindebetriebe;Friedhof;Parks;Sportanlagen;Schulanlagen;Forst;Liegenschaften;Strassenunterhalt;Arealpflege;Winterdienst,DISCOVERY_PENDING,,TO_DISCOVER,NOT_YET_AUDITED,"Puede publicar en portal propio, ATS compartido, cantón, Job-Room o agregador público."
PUB-CH-SG-MUN-3254,MUNICIPALITY,CH,SG,St. Gallen,3254,Gemeinde/Stadt Oberriet (SG),Wahlkreis Rheintal,1,GERMAN,NO,2,P1_URBAN_OR_INTERMEDIATE,Stadtgrün;Stadtgärtnerei;Werkhof;Werkdienst;Gemeindebetriebe;Friedhof;Parks;Sportanlagen;Schulanlagen;Forst;Liegenschaften;Strassenunterhalt;Arealpflege;Winterdienst,DISCOVERY_PENDING,,TO_DISCOVER,NOT_YET_AUDITED,"Puede publicar en portal propio, ATS compartido, cantón, Job-Room o agregador público."
PUB-CH-SG-MUN-3407,MUNICIPALITY,CH,SG,St. Gallen,3407,Gemeinde/Stadt Oberuzwil,Wahlkreis Wil,1,GERMAN,NO,2,P1_URBAN_OR_INTERMEDIATE,Stadtgrün;Stadtgärtnerei;Werkhof;Werkdienst;Gemeindebetriebe;Friedhof;Parks;Sportanlagen;Schulanlagen;Forst;Liegenschaften;Strassenunterhalt;Arealpflege;Winterdienst,DISCOVERY_PENDING,,TO_DISCOVER,NOT_YET_AUDITED,"Puede publicar en portal propio, ATS compartido, cantón, Job-Room o agregador público."
PUB-CH-SG-MUN-3294,MUNICIPALITY,CH,SG,St. Gallen,3294,Gemeinde/Stadt Pfäfers,Wahlkreis Sarganserland,1,GERMAN,NO,3,P2_RURAL,Stadtgrün;Stadtgärtnerei;Werkhof;Werkdienst;Gemeindebetriebe;Friedhof;Parks;Sportanlagen;Schulanlagen;Forst;Liegenschaften;Strassenunterhalt;Arealpflege;Winterdienst,DISCOVERY_PENDING,,TO_DISCOVER,NOT_YET_AUDITED,"Puede publicar en portal propio, ATS compartido, cantón, Job-Room o agregador público."
PUB-CH-SG-MUN-3295,MUNICIPALITY,CH,SG,St. Gallen,3295,Gemeinde/Stadt Quarten,Wahlkreis Sarganserland,1,GERMAN,NO,3,P2_RURAL,Stadtgrün;Stadtgärtnerei;Werkhof;Werkdienst;Gemeindebetriebe;Friedhof;Parks;Sportanlagen;Schulanlagen;Forst;Liegenschaften;Strassenunterhalt;Arealpflege;Winterdienst,DISCOVERY_PENDING,,TO_DISCOVER,NOT_YET_AUDITED,"Puede publicar en portal propio, ATS compartido, cantón, Job-Room o agregador público."
PUB-CH-SG-MUN-3340,MUNICIPALITY,CH,SG,St. Gallen,3340,Gemeinde/Stadt Rapperswil-Jona,Wahlkreis See-Gaster,1,GERMAN,YES,2,P0_CITY,Stadtgrün;Stadtgärtnerei;Werkhof;Werkdienst;Gemeindebetriebe;Friedhof;Parks;Sportanlagen;Schulanlagen;Forst;Liegenschaften;Strassenunterhalt;Arealpflege;Winterdienst,DISCOVERY_PENDING,,TO_DISCOVER,NOT_YET_AUDITED,"Puede publicar en portal propio, ATS compartido, cantón, Job-Room o agregador público."
PUB-CH-SG-MUN-3255,MUNICIPALITY,CH,SG,St. Gallen,3255,Gemeinde/Stadt Rebstein,Wahlkreis Rheintal,1,GERMAN,NO,2,P1_URBAN_OR_INTERMEDIATE,Stadtgrün;Stadtgärtnerei;Werkhof;Werkdienst;Gemeindebetriebe;Friedhof;Parks;Sportanlagen;Schulanlagen;Forst;Liegenschaften;Strassenunterhalt;Arealpflege;Winterdienst,DISCOVERY_PENDING,,TO_DISCOVER,NOT_YET_AUDITED,"Puede publicar en portal propio, ATS compartido, cantón, Job-Room o agregador público."
PUB-CH-SG-MUN-3235,MUNICIPALITY,CH,SG,St. Gallen,3235,Gemeinde/Stadt Rheineck,Wahlkreis Rheintal,1,GERMAN,NO,2,P1_URBAN_OR_INTERMEDIATE,Stadtgrün;Stadtgärtnerei;Werkhof;Werkdienst;Gemeindebetriebe;Friedhof;Parks;Sportanlagen;Schulanlagen;Forst;Liegenschaften;Strassenunterhalt;Arealpflege;Winterdienst,DISCOVERY_PENDING,,TO_DISCOVER,NOT_YET_AUDITED,"Puede publicar en portal propio, ATS compartido, cantón, Job-Room o agregador público."
PUB-CH-SG-MUN-3215,MUNICIPALITY,CH,SG,St. Gallen,3215,Gemeinde/Stadt Rorschach,Wahlkreis Rorschach,1,GERMAN,YES,2,P0_CITY,Stadtgrün;Stadtgärtnerei;Werkhof;Werkdienst;Gemeindebetriebe;Friedhof;Parks;Sportanlagen;Schulanlagen;Forst;Liegenschaften;Strassenunterhalt;Arealpflege;Winterdienst,DISCOVERY_PENDING,,TO_DISCOVER,NOT_YET_AUDITED,"Puede publicar en portal propio, ATS compartido, cantón, Job-Room o agregador público."
PUB-CH-SG-MUN-3216,MUNICIPALITY,CH,SG,St. Gallen,3216,Gemeinde/Stadt Rorschacherberg,Wahlkreis Rorschach,1,GERMAN,NO,2,P1_URBAN_OR_INTERMEDIATE,Stadtgrün;Stadtgärtnerei;Werkhof;Werkdienst;Gemeindebetriebe;Friedhof;Parks;Sportanlagen;Schulanlagen;Forst;Liegenschaften;Strassenunterhalt;Arealpflege;Winterdienst,DISCOVERY_PENDING,,TO_DISCOVER,NOT_YET_AUDITED,"Puede publicar en portal propio, ATS compartido, cantón, Job-Room o agregador público."
PUB-CH-SG-MUN-3256,MUNICIPALITY,CH,SG,St. Gallen,3256,Gemeinde/Stadt Rüthi (SG),Wahlkreis Rheintal,1,GERMAN,NO,3,P2_RURAL,Stadtgrün;Stadtgärtnerei;Werkhof;Werkdienst;Gemeindebetriebe;Friedhof;Parks;Sportanlagen;Schulanlagen;Forst;Liegenschaften;Strassenunterhalt;Arealpflege;Winterdienst,DISCOVERY_PENDING,,TO_DISCOVER,NOT_YET_AUDITED,"Puede publicar en portal propio, ATS compartido, cantón, Job-Room o agregador público."
PUB-CH-SG-MUN-3296,MUNICIPALITY,CH,SG,St. Gallen,3296,Gemeinde/Stadt Sargans,Wahlkreis Sarganserland,1,GERMAN,NO,2,P1_URBAN_OR_INTERMEDIATE,Stadtgrün;Stadtgärtnerei;Werkhof;Werkdienst;Gemeindebetriebe;Friedhof;Parks;Sportanlagen;Schulanlagen;Forst;Liegenschaften;Strassenunterhalt;Arealpflege;Winterdienst,DISCOVERY_PENDING,,TO_DISCOVER,NOT_YET_AUDITED,"Puede publicar en portal propio, ATS compartido, cantón, Job-Room o agregador público."
PUB-CH-SG-MUN-3338,MUNICIPALITY,CH,SG,St. Gallen,3338,Gemeinde/Stadt Schmerikon,Wahlkreis See-Gaster,1,GERMAN,NO,2,P1_URBAN_OR_INTERMEDIATE,Stadtgrün;Stadtgärtnerei;Werkhof;Werkdienst;Gemeindebetriebe;Friedhof;Parks;Sportanlagen;Schulanlagen;Forst;Liegenschaften;Strassenunterhalt;Arealpflege;Winterdienst,DISCOVERY_PENDING,,TO_DISCOVER,NOT_YET_AUDITED,"Puede publicar en portal propio, ATS compartido, cantón, Job-Room o agregador público."
PUB-CH-SG-MUN-3315,MUNICIPALITY,CH,SG,St. Gallen,3315,Gemeinde/Stadt Schänis,Wahlkreis See-Gaster,1,GERMAN,NO,3,P2_RURAL,Stadtgrün;Stadtgärtnerei;Werkhof;Werkdienst;Gemeindebetriebe;Friedhof;Parks;Sportanlagen;Schulanlagen;Forst;Liegenschaften;Strassenunterhalt;Arealpflege;Winterdienst,DISCOVERY_PENDING,,TO_DISCOVER,NOT_YET_AUDITED,"Puede publicar en portal propio, ATS compartido, cantón, Job-Room o agregador público."
PUB-CH-SG-MUN-3274,MUNICIPALITY,CH,SG,St. Gallen,3274,Gemeinde/Stadt Sennwald,Wahlkreis Werdenberg,1,GERMAN,NO,3,P2_RURAL,Stadtgrün;Stadtgärtnerei;Werkhof;Werkdienst;Gemeindebetriebe;Friedhof;Parks;Sportanlagen;Schulanlagen;Forst;Liegenschaften;Strassenunterhalt;Arealpflege;Winterdienst,DISCOVERY_PENDING,,TO_DISCOVER,NOT_YET_AUDITED,"Puede publicar en portal propio, ATS compartido, cantón, Job-Room o agregador público."
PUB-CH-SG-MUN-3275,MUNICIPALITY,CH,SG,St. Gallen,3275,Gemeinde/Stadt Sevelen,Wahlkreis Werdenberg,1,GERMAN,NO,2,P1_URBAN_OR_INTERMEDIATE,Stadtgrün;Stadtgärtnerei;Werkhof;Werkdienst;Gemeindebetriebe;Friedhof;Parks;Sportanlagen;Schulanlagen;Forst;Liegenschaften;Strassenunterhalt;Arealpflege;Winterdienst,DISCOVERY_PENDING,,TO_DISCOVER,NOT_YET_AUDITED,"Puede publicar en portal propio, ATS compartido, cantón, Job-Room o agregador público."
PUB-CH-SG-MUN-3203,MUNICIPALITY,CH,SG,St. Gallen,3203,Gemeinde/Stadt St. Gallen,Wahlkreis St. Gallen,1,GERMAN,YES,1,P0_CITY,Stadtgrün;Stadtgärtnerei;Werkhof;Werkdienst;Gemeindebetriebe;Friedhof;Parks;Sportanlagen;Schulanlagen;Forst;Liegenschaften;Strassenunterhalt;Arealpflege;Winterdienst,VERIFIED,https://www.stadt.sg.ch/home/verwaltung-politik/arbeiten-fuer-stgallen.html,CITY_SG_PORTAL,VERIFIED_OFFICIAL_PORTAL,Unidad verde conocida: Stadtgrün St.Gallen / Botanischer Garten.
PUB-CH-SG-MUN-3236,MUNICIPALITY,CH,SG,St. Gallen,3236,Gemeinde/Stadt St. Margrethen,Wahlkreis Rheintal,1,GERMAN,NO,2,P1_URBAN_OR_INTERMEDIATE,Stadtgrün;Stadtgärtnerei;Werkhof;Werkdienst;Gemeindebetriebe;Friedhof;Parks;Sportanlagen;Schulanlagen;Forst;Liegenschaften;Strassenunterhalt;Arealpflege;Winterdienst,DISCOVERY_PENDING,,TO_DISCOVER,NOT_YET_AUDITED,"Puede publicar en portal propio, ATS compartido, cantón, Job-Room o agregador público."
PUB-CH-SG-MUN-3217,MUNICIPALITY,CH,SG,St. Gallen,3217,Gemeinde/Stadt Steinach,Wahlkreis Rorschach,1,GERMAN,NO,2,P1_URBAN_OR_INTERMEDIATE,Stadtgrün;Stadtgärtnerei;Werkhof;Werkdienst;Gemeindebetriebe;Friedhof;Parks;Sportanlagen;Schulanlagen;Forst;Liegenschaften;Strassenunterhalt;Arealpflege;Winterdienst,DISCOVERY_PENDING,,TO_DISCOVER,NOT_YET_AUDITED,"Puede publicar en portal propio, ATS compartido, cantón, Job-Room o agregador público."
PUB-CH-SG-MUN-3237,MUNICIPALITY,CH,SG,St. Gallen,3237,Gemeinde/Stadt Thal,Wahlkreis Rorschach,1,GERMAN,NO,2,P1_URBAN_OR_INTERMEDIATE,Stadtgrün;Stadtgärtnerei;Werkhof;Werkdienst;Gemeindebetriebe;Friedhof;Parks;Sportanlagen;Schulanlagen;Forst;Liegenschaften;Strassenunterhalt;Arealpflege;Winterdienst,DISCOVERY_PENDING,,TO_DISCOVER,NOT_YET_AUDITED,"Puede publicar en portal propio, ATS compartido, cantón, Job-Room o agregador público."
PUB-CH-SG-MUN-3218,MUNICIPALITY,CH,SG,St. Gallen,3218,Gemeinde/Stadt Tübach,Wahlkreis Rorschach,1,GERMAN,NO,2,P1_URBAN_OR_INTERMEDIATE,Stadtgrün;Stadtgärtnerei;Werkhof;Werkdienst;Gemeindebetriebe;Friedhof;Parks;Sportanlagen;Schulanlagen;Forst;Liegenschaften;Strassenunterhalt;Arealpflege;Winterdienst,DISCOVERY_PENDING,,TO_DISCOVER,NOT_YET_AUDITED,"Puede publicar en portal propio, ATS compartido, cantón, Job-Room o agregador público."
PUB-CH-SG-MUN-3219,MUNICIPALITY,CH,SG,St. Gallen,3219,Gemeinde/Stadt Untereggen,Wahlkreis Rorschach,1,GERMAN,NO,2,P1_URBAN_OR_INTERMEDIATE,Stadtgrün;Stadtgärtnerei;Werkhof;Werkdienst;Gemeindebetriebe;Friedhof;Parks;Sportanlagen;Schulanlagen;Forst;Liegenschaften;Strassenunterhalt;Arealpflege;Winterdienst,DISCOVERY_PENDING,,TO_DISCOVER,NOT_YET_AUDITED,"Puede publicar en portal propio, ATS compartido, cantón, Job-Room o agregador público."
PUB-CH-SG-MUN-3339,MUNICIPALITY,CH,SG,St. Gallen,3339,Gemeinde/Stadt Uznach,Wahlkreis See-Gaster,1,GERMAN,NO,2,P1_URBAN_OR_INTERMEDIATE,Stadtgrün;Stadtgärtnerei;Werkhof;Werkdienst;Gemeindebetriebe;Friedhof;Parks;Sportanlagen;Schulanlagen;Forst;Liegenschaften;Strassenunterhalt;Arealpflege;Winterdienst,DISCOVERY_PENDING,,TO_DISCOVER,NOT_YET_AUDITED,"Puede publicar en portal propio, ATS compartido, cantón, Job-Room o agregador público."
PUB-CH-SG-MUN-3408,MUNICIPALITY,CH,SG,St. Gallen,3408,Gemeinde/Stadt Uzwil,Wahlkreis Wil,1,GERMAN,YES,2,P0_CITY,Stadtgrün;Stadtgärtnerei;Werkhof;Werkdienst;Gemeindebetriebe;Friedhof;Parks;Sportanlagen;Schulanlagen;Forst;Liegenschaften;Strassenunterhalt;Arealpflege;Winterdienst,DISCOVERY_PENDING,,TO_DISCOVER,NOT_YET_AUDITED,"Puede publicar en portal propio, ATS compartido, cantón, Job-Room o agregador público."
PUB-CH-SG-MUN-3297,MUNICIPALITY,CH,SG,St. Gallen,3297,Gemeinde/Stadt Vilters-Wangs,Wahlkreis Sarganserland,1,GERMAN,NO,2,P1_URBAN_OR_INTERMEDIATE,Stadtgrün;Stadtgärtnerei;Werkhof;Werkdienst;Gemeindebetriebe;Friedhof;Parks;Sportanlagen;Schulanlagen;Forst;Liegenschaften;Strassenunterhalt;Arealpflege;Winterdienst,DISCOVERY_PENDING,,TO_DISCOVER,NOT_YET_AUDITED,"Puede publicar en portal propio, ATS compartido, cantón, Job-Room o agregador público."
PUB-CH-SG-MUN-3444,MUNICIPALITY,CH,SG,St. Gallen,3444,Gemeinde/Stadt Waldkirch,Wahlkreis St. Gallen,1,GERMAN,NO,3,P2_RURAL,Stadtgrün;Stadtgärtnerei;Werkhof;Werkdienst;Gemeindebetriebe;Friedhof;Parks;Sportanlagen;Schulanlagen;Forst;Liegenschaften;Strassenunterhalt;Arealpflege;Winterdienst,DISCOVERY_PENDING,,TO_DISCOVER,NOT_YET_AUDITED,"Puede publicar en portal propio, ATS compartido, cantón, Job-Room o agregador público."
PUB-CH-SG-MUN-3298,MUNICIPALITY,CH,SG,St. Gallen,3298,Gemeinde/Stadt Walenstadt,Wahlkreis Sarganserland,1,GERMAN,NO,2,P1_URBAN_OR_INTERMEDIATE,Stadtgrün;Stadtgärtnerei;Werkhof;Werkdienst;Gemeindebetriebe;Friedhof;Parks;Sportanlagen;Schulanlagen;Forst;Liegenschaften;Strassenunterhalt;Arealpflege;Winterdienst,DISCOVERY_PENDING,,TO_DISCOVER,NOT_YET_AUDITED,"Puede publicar en portal propio, ATS compartido, cantón, Job-Room o agregador público."
PUB-CH-SG-MUN-3276,MUNICIPALITY,CH,SG,St. Gallen,3276,Gemeinde/Stadt Wartau,Wahlkreis Werdenberg,1,GERMAN,NO,2,P1_URBAN_OR_INTERMEDIATE,Stadtgrün;Stadtgärtnerei;Werkhof;Werkdienst;Gemeindebetriebe;Friedhof;Parks;Sportanlagen;Schulanlagen;Forst;Liegenschaften;Strassenunterhalt;Arealpflege;Winterdienst,DISCOVERY_PENDING,,TO_DISCOVER,NOT_YET_AUDITED,"Puede publicar en portal propio, ATS compartido, cantón, Job-Room o agregador público."
PUB-CH-SG-MUN-3379,MUNICIPALITY,CH,SG,St. Gallen,3379,Gemeinde/Stadt Wattwil,Wahlkreis Toggenburg,1,GERMAN,NO,2,P1_URBAN_OR_INTERMEDIATE,Stadtgrün;Stadtgärtnerei;Werkhof;Werkdienst;Gemeindebetriebe;Friedhof;Parks;Sportanlagen;Schulanlagen;Forst;Liegenschaften;Strassenunterhalt;Arealpflege;Winterdienst,DISCOVERY_PENDING,,TO_DISCOVER,NOT_YET_AUDITED,"Puede publicar en portal propio, ATS compartido, cantón, Job-Room o agregador público."
PUB-CH-SG-MUN-3316,MUNICIPALITY,CH,SG,St. Gallen,3316,Gemeinde/Stadt Weesen,Wahlkreis See-Gaster,1,GERMAN,NO,3,P2_RURAL,Stadtgrün;Stadtgärtnerei;Werkhof;Werkdienst;Gemeindebetriebe;Friedhof;Parks;Sportanlagen;Schulanlagen;Forst;Liegenschaften;Strassenunterhalt;Arealpflege;Winterdienst,DISCOVERY_PENDING,,TO_DISCOVER,NOT_YET_AUDITED,"Puede publicar en portal propio, ATS compartido, cantón, Job-Room o agregador público."
PUB-CH-SG-MUN-3238,MUNICIPALITY,CH,SG,St. Gallen,3238,Gemeinde/Stadt Widnau,Wahlkreis Rheintal,1,GERMAN,YES,2,P0_CITY,Stadtgrün;Stadtgärtnerei;Werkhof;Werkdienst;Gemeindebetriebe;Friedhof;Parks;Sportanlagen;Schulanlagen;Forst;Liegenschaften;Strassenunterhalt;Arealpflege;Winterdienst,DISCOVERY_PENDING,,TO_DISCOVER,NOT_YET_AUDITED,"Puede publicar en portal propio, ATS compartido, cantón, Job-Room o agregador público."
PUB-CH-SG-MUN-3427,MUNICIPALITY,CH,SG,St. Gallen,3427,Gemeinde/Stadt Wil (SG),Wahlkreis Wil,1,GERMAN,YES,2,P0_CITY,Stadtgrün;Stadtgärtnerei;Werkhof;Werkdienst;Gemeindebetriebe;Friedhof;Parks;Sportanlagen;Schulanlagen;Forst;Liegenschaften;Strassenunterhalt;Arealpflege;Winterdienst,DISCOVERY_PENDING,,TO_DISCOVER,NOT_YET_AUDITED,"Puede publicar en portal propio, ATS compartido, cantón, Job-Room o agregador público."
PUB-CH-SG-MUN-3359,MUNICIPALITY,CH,SG,St. Gallen,3359,Gemeinde/Stadt Wildhaus-Alt St. Johann,Wahlkreis Toggenburg,1,GERMAN,NO,3,P2_RURAL,Stadtgrün;Stadtgärtnerei;Werkhof;Werkdienst;Gemeindebetriebe;Friedhof;Parks;Sportanlagen;Schulanlagen;Forst;Liegenschaften;Strassenunterhalt;Arealpflege;Winterdienst,DISCOVERY_PENDING,,TO_DISCOVER,NOT_YET_AUDITED,"Puede publicar en portal propio, ATS compartido, cantón, Job-Room o agregador público."
PUB-CH-SG-MUN-3204,MUNICIPALITY,CH,SG,St. Gallen,3204,Gemeinde/Stadt Wittenbach,Wahlkreis St. Gallen,1,GERMAN,NO,1,P1_URBAN_OR_INTERMEDIATE,Stadtgrün;Stadtgärtnerei;Werkhof;Werkdienst;Gemeindebetriebe;Friedhof;Parks;Sportanlagen;Schulanlagen;Forst;Liegenschaften;Strassenunterhalt;Arealpflege;Winterdienst,DISCOVERY_PENDING,,TO_DISCOVER,NOT_YET_AUDITED,"Puede publicar en portal propio, ATS compartido, cantón, Job-Room o agregador público."
PUB-CH-SG-MUN-3426,MUNICIPALITY,CH,SG,St. Gallen,3426,Gemeinde/Stadt Zuzwil (SG),Wahlkreis Wil,1,GERMAN,NO,2,P1_URBAN_OR_INTERMEDIATE,Stadtgrün;Stadtgärtnerei;Werkhof;Werkdienst;Gemeindebetriebe;Friedhof;Parks;Sportanlagen;Schulanlagen;Forst;Liegenschaften;Strassenunterhalt;Arealpflege;Winterdienst,DISCOVERY_PENDING,,TO_DISCOVER,NOT_YET_AUDITED,"Puede publicar en portal propio, ATS compartido, cantón, Job-Room o agregador público."
PUB-CH-SH-MUN-2931,MUNICIPALITY,CH,SH,Schaffhausen,2931,Gemeinde/Stadt Bargen (SH),Bezirk Schaffhausen,1,GERMAN,NO,3,P2_RURAL,Stadtgrün;Stadtgärtnerei;Werkhof;Werkdienst;Gemeindebetriebe;Friedhof;Parks;Sportanlagen;Schulanlagen;Forst;Liegenschaften;Strassenunterhalt;Arealpflege;Winterdienst,DISCOVERY_PENDING,,TO_DISCOVER,NOT_YET_AUDITED,"Puede publicar en portal propio, ATS compartido, cantón, Job-Room o agregador público."
PUB-CH-SH-MUN-2951,MUNICIPALITY,CH,SH,Schaffhausen,2951,Gemeinde/Stadt Beggingen,Bezirk Schleitheim,1,GERMAN,NO,3,P2_RURAL,Stadtgrün;Stadtgärtnerei;Werkhof;Werkdienst;Gemeindebetriebe;Friedhof;Parks;Sportanlagen;Schulanlagen;Forst;Liegenschaften;Strassenunterhalt;Arealpflege;Winterdienst,DISCOVERY_PENDING,,TO_DISCOVER,NOT_YET_AUDITED,"Puede publicar en portal propio, ATS compartido, cantón, Job-Room o agregador público."
PUB-CH-SH-MUN-2932,MUNICIPALITY,CH,SH,Schaffhausen,2932,Gemeinde/Stadt Beringen,Bezirk Schaffhausen,1,GERMAN,NO,2,P1_URBAN_OR_INTERMEDIATE,Stadtgrün;Stadtgärtnerei;Werkhof;Werkdienst;Gemeindebetriebe;Friedhof;Parks;Sportanlagen;Schulanlagen;Forst;Liegenschaften;Strassenunterhalt;Arealpflege;Winterdienst,DISCOVERY_PENDING,,TO_DISCOVER,NOT_YET_AUDITED,"Puede publicar en portal propio, ATS compartido, cantón, Job-Room o agregador público."
PUB-CH-SH-MUN-2961,MUNICIPALITY,CH,SH,Schaffhausen,2961,Gemeinde/Stadt Buch (SH),Bezirk Stein,1,GERMAN,NO,3,P2_RURAL,Stadtgrün;Stadtgärtnerei;Werkhof;Werkdienst;Gemeindebetriebe;Friedhof;Parks;Sportanlagen;Schulanlagen;Forst;Liegenschaften;Strassenunterhalt;Arealpflege;Winterdienst,DISCOVERY_PENDING,,TO_DISCOVER,NOT_YET_AUDITED,"Puede publicar en portal propio, ATS compartido, cantón, Job-Room o agregador público."
PUB-CH-SH-MUN-2933,MUNICIPALITY,CH,SH,Schaffhausen,2933,Gemeinde/Stadt Buchberg,Bezirk Schaffhausen,1,GERMAN,NO,3,P2_RURAL,Stadtgrün;Stadtgärtnerei;Werkhof;Werkdienst;Gemeindebetriebe;Friedhof;Parks;Sportanlagen;Schulanlagen;Forst;Liegenschaften;Strassenunterhalt;Arealpflege;Winterdienst,DISCOVERY_PENDING,,TO_DISCOVER,NOT_YET_AUDITED,"Puede publicar en portal propio, ATS compartido, cantón, Job-Room o agregador público."
PUB-CH-SH-MUN-2914,MUNICIPALITY,CH,SH,Schaffhausen,2914,Gemeinde/Stadt Büttenhardt,Bezirk Reiat,1,GERMAN,NO,3,P2_RURAL,Stadtgrün;Stadtgärtnerei;Werkhof;Werkdienst;Gemeindebetriebe;Friedhof;Parks;Sportanlagen;Schulanlagen;Forst;Liegenschaften;Strassenunterhalt;Arealpflege;Winterdienst,DISCOVERY_PENDING,,TO_DISCOVER,NOT_YET_AUDITED,"Puede publicar en portal propio, ATS compartido, cantón, Job-Room o agregador público."
PUB-CH-SH-MUN-2915,MUNICIPALITY,CH,SH,Schaffhausen,2915,Gemeinde/Stadt Dörflingen,Bezirk Reiat,1,GERMAN,NO,3,P2_RURAL,Stadtgrün;Stadtgärtnerei;Werkhof;Werkdienst;Gemeindebetriebe;Friedhof;Parks;Sportanlagen;Schulanlagen;Forst;Liegenschaften;Strassenunterhalt;Arealpflege;Winterdienst,DISCOVERY_PENDING,,TO_DISCOVER,NOT_YET_AUDITED,"Puede publicar en portal propio, ATS compartido, cantón, Job-Room o agregador público."
PUB-CH-SH-MUN-2901,MUNICIPALITY,CH,SH,Schaffhausen,2901,Gemeinde/Stadt Gächlingen,Bezirk Oberklettgau,1,GERMAN,NO,3,P2_RURAL,Stadtgrün;Stadtgärtnerei;Werkhof;Werkdienst;Gemeindebetriebe;Friedhof;Parks;Sportanlagen;Schulanlagen;Forst;Liegenschaften;Strassenunterhalt;Arealpflege;Winterdienst,DISCOVERY_PENDING,,TO_DISCOVER,NOT_YET_AUDITED,"Puede publicar en portal propio, ATS compartido, cantón, Job-Room o agregador público."
PUB-CH-SH-MUN-2971,MUNICIPALITY,CH,SH,Schaffhausen,2971,Gemeinde/Stadt Hallau,Bezirk Unterklettgau,1,GERMAN,NO,3,P2_RURAL,Stadtgrün;Stadtgärtnerei;Werkhof;Werkdienst;Gemeindebetriebe;Friedhof;Parks;Sportanlagen;Schulanlagen;Forst;Liegenschaften;Strassenunterhalt;Arealpflege;Winterdienst,DISCOVERY_PENDING,,TO_DISCOVER,NOT_YET_AUDITED,"Puede publicar en portal propio, ATS compartido, cantón, Job-Room o agregador público."
PUB-CH-SH-MUN-2962,MUNICIPALITY,CH,SH,Schaffhausen,2962,Gemeinde/Stadt Hemishofen,Bezirk Stein,1,GERMAN,NO,2,P1_URBAN_OR_INTERMEDIATE,Stadtgrün;Stadtgärtnerei;Werkhof;Werkdienst;Gemeindebetriebe;Friedhof;Parks;Sportanlagen;Schulanlagen;Forst;Liegenschaften;Strassenunterhalt;Arealpflege;Winterdienst,DISCOVERY_PENDING,,TO_DISCOVER,NOT_YET_AUDITED,"Puede publicar en portal propio, ATS compartido, cantón, Job-Room o agregador público."
PUB-CH-SH-MUN-2917,MUNICIPALITY,CH,SH,Schaffhausen,2917,Gemeinde/Stadt Lohn (SH),Bezirk Reiat,1,GERMAN,NO,3,P2_RURAL,Stadtgrün;Stadtgärtnerei;Werkhof;Werkdienst;Gemeindebetriebe;Friedhof;Parks;Sportanlagen;Schulanlagen;Forst;Liegenschaften;Strassenunterhalt;Arealpflege;Winterdienst,DISCOVERY_PENDING,,TO_DISCOVER,NOT_YET_AUDITED,"Puede publicar en portal propio, ATS compartido, cantón, Job-Room o agregador público."
PUB-CH-SH-MUN-2903,MUNICIPALITY,CH,SH,Schaffhausen,2903,Gemeinde/Stadt Löhningen,Bezirk Oberklettgau,1,GERMAN,NO,2,P1_URBAN_OR_INTERMEDIATE,Stadtgrün;Stadtgärtnerei;Werkhof;Werkdienst;Gemeindebetriebe;Friedhof;Parks;Sportanlagen;Schulanlagen;Forst;Liegenschaften;Strassenunterhalt;Arealpflege;Winterdienst,DISCOVERY_PENDING,,TO_DISCOVER,NOT_YET_AUDITED,"Puede publicar en portal propio, ATS compartido, cantón, Job-Room o agregador público."
PUB-CH-SH-MUN-2936,MUNICIPALITY,CH,SH,Schaffhausen,2936,Gemeinde/Stadt Merishausen,Bezirk Schaffhausen,1,GERMAN,NO,3,P2_RURAL,Stadtgrün;Stadtgärtnerei;Werkhof;Werkdienst;Gemeindebetriebe;Friedhof;Parks;Sportanlagen;Schulanlagen;Forst;Liegenschaften;Strassenunterhalt;Arealpflege;Winterdienst,DISCOVERY_PENDING,,TO_DISCOVER,NOT_YET_AUDITED,"Puede publicar en portal propio, ATS compartido, cantón, Job-Room o agregador público."
PUB-CH-SH-MUN-2937,MUNICIPALITY,CH,SH,Schaffhausen,2937,Gemeinde/Stadt Neuhausen am Rheinfall,Bezirk Schaffhausen,1,GERMAN,YES,2,P0_CITY,Stadtgrün;Stadtgärtnerei;Werkhof;Werkdienst;Gemeindebetriebe;Friedhof;Parks;Sportanlagen;Schulanlagen;Forst;Liegenschaften;Strassenunterhalt;Arealpflege;Winterdienst,DISCOVERY_PENDING,,TO_DISCOVER,NOT_YET_AUDITED,"Puede publicar en portal propio, ATS compartido, cantón, Job-Room o agregador público."
PUB-CH-SH-MUN-2904,MUNICIPALITY,CH,SH,Schaffhausen,2904,Gemeinde/Stadt Neunkirch,Bezirk Oberklettgau,1,GERMAN,NO,3,P2_RURAL,Stadtgrün;Stadtgärtnerei;Werkhof;Werkdienst;Gemeindebetriebe;Friedhof;Parks;Sportanlagen;Schulanlagen;Forst;Liegenschaften;Strassenunterhalt;Arealpflege;Winterdienst,DISCOVERY_PENDING,,TO_DISCOVER,NOT_YET_AUDITED,"Puede publicar en portal propio, ATS compartido, cantón, Job-Room o agregador público."
PUB-CH-SH-MUN-2972,MUNICIPALITY,CH,SH,Schaffhausen,2972,Gemeinde/Stadt Oberhallau,Bezirk Unterklettgau,1,GERMAN,NO,3,P2_RURAL,Stadtgrün;Stadtgärtnerei;Werkhof;Werkdienst;Gemeindebetriebe;Friedhof;Parks;Sportanlagen;Schulanlagen;Forst;Liegenschaften;Strassenunterhalt;Arealpflege;Winterdienst,DISCOVERY_PENDING,,TO_DISCOVER,NOT_YET_AUDITED,"Puede publicar en portal propio, ATS compartido, cantón, Job-Room o agregador público."
PUB-CH-SH-MUN-2963,MUNICIPALITY,CH,SH,Schaffhausen,2963,Gemeinde/Stadt Ramsen,Bezirk Stein,1,GERMAN,NO,3,P2_RURAL,Stadtgrün;Stadtgärtnerei;Werkhof;Werkdienst;Gemeindebetriebe;Friedhof;Parks;Sportanlagen;Schulanlagen;Forst;Liegenschaften;Strassenunterhalt;Arealpflege;Winterdienst,DISCOVERY_PENDING,,TO_DISCOVER,NOT_YET_AUDITED,"Puede publicar en portal propio, ATS compartido, cantón, Job-Room o agregador público."
PUB-CH-SH-MUN-2938,MUNICIPALITY,CH,SH,Schaffhausen,2938,Gemeinde/Stadt Rüdlingen,Bezirk Schaffhausen,1,GERMAN,NO,3,P2_RURAL,Stadtgrün;Stadtgärtnerei;Werkhof;Werkdienst;Gemeindebetriebe;Friedhof;Parks;Sportanlagen;Schulanlagen;Forst;Liegenschaften;Strassenunterhalt;Arealpflege;Winterdienst,DISCOVERY_PENDING,,TO_DISCOVER,NOT_YET_AUDITED,"Puede publicar en portal propio, ATS compartido, cantón, Job-Room o agregador público."
PUB-CH-SH-MUN-2939,MUNICIPALITY,CH,SH,Schaffhausen,2939,Gemeinde/Stadt Schaffhausen,Bezirk Schaffhausen,1,GERMAN,YES,2,P0_CITY,Stadtgrün;Stadtgärtnerei;Werkhof;Werkdienst;Gemeindebetriebe;Friedhof;Parks;Sportanlagen;Schulanlagen;Forst;Liegenschaften;Strassenunterhalt;Arealpflege;Winterdienst,VERIFIED,https://jobs.stadt-schaffhausen.ch/freie-stellen/,UMANTIS_LINKED,VERIFIED_OFFICIAL_PORTAL,Unidad verde conocida: Grün Schaffhausen.
PUB-CH-SH-MUN-2952,MUNICIPALITY,CH,SH,Schaffhausen,2952,Gemeinde/Stadt Schleitheim,Bezirk Schleitheim,1,GERMAN,NO,3,P2_RURAL,Stadtgrün;Stadtgärtnerei;Werkhof;Werkdienst;Gemeindebetriebe;Friedhof;Parks;Sportanlagen;Schulanlagen;Forst;Liegenschaften;Strassenunterhalt;Arealpflege;Winterdienst,DISCOVERY_PENDING,,TO_DISCOVER,NOT_YET_AUDITED,"Puede publicar en portal propio, ATS compartido, cantón, Job-Room o agregador público."
PUB-CH-SH-MUN-2953,MUNICIPALITY,CH,SH,Schaffhausen,2953,Gemeinde/Stadt Siblingen,Bezirk Schleitheim,1,GERMAN,NO,3,P2_RURAL,Stadtgrün;Stadtgärtnerei;Werkhof;Werkdienst;Gemeindebetriebe;Friedhof;Parks;Sportanlagen;Schulanlagen;Forst;Liegenschaften;Strassenunterhalt;Arealpflege;Winterdienst,DISCOVERY_PENDING,,TO_DISCOVER,NOT_YET_AUDITED,"Puede publicar en portal propio, ATS compartido, cantón, Job-Room o agregador público."
PUB-CH-SH-MUN-2964,MUNICIPALITY,CH,SH,Schaffhausen,2964,Gemeinde/Stadt Stein am Rhein,Bezirk Stein,1,GERMAN,NO,2,P1_URBAN_OR_INTERMEDIATE,Stadtgrün;Stadtgärtnerei;Werkhof;Werkdienst;Gemeindebetriebe;Friedhof;Parks;Sportanlagen;Schulanlagen;Forst;Liegenschaften;Strassenunterhalt;Arealpflege;Winterdienst,DISCOVERY_PENDING,,TO_DISCOVER,NOT_YET_AUDITED,"Puede publicar en portal propio, ATS compartido, cantón, Job-Room o agregador público."
PUB-CH-SH-MUN-2919,MUNICIPALITY,CH,SH,Schaffhausen,2919,Gemeinde/Stadt Stetten (SH),Bezirk Reiat,1,GERMAN,NO,2,P1_URBAN_OR_INTERMEDIATE,Stadtgrün;Stadtgärtnerei;Werkhof;Werkdienst;Gemeindebetriebe;Friedhof;Parks;Sportanlagen;Schulanlagen;Forst;Liegenschaften;Strassenunterhalt;Arealpflege;Winterdienst,DISCOVERY_PENDING,,TO_DISCOVER,NOT_YET_AUDITED,"Puede publicar en portal propio, ATS compartido, cantón, Job-Room o agregador público."
PUB-CH-SH-MUN-2920,MUNICIPALITY,CH,SH,Schaffhausen,2920,Gemeinde/Stadt Thayngen,Bezirk Reiat,1,GERMAN,NO,2,P1_URBAN_OR_INTERMEDIATE,Stadtgrün;Stadtgärtnerei;Werkhof;Werkdienst;Gemeindebetriebe;Friedhof;Parks;Sportanlagen;Schulanlagen;Forst;Liegenschaften;Strassenunterhalt;Arealpflege;Winterdienst,DISCOVERY_PENDING,,TO_DISCOVER,NOT_YET_AUDITED,"Puede publicar en portal propio, ATS compartido, cantón, Job-Room o agregador público."
PUB-CH-SH-MUN-2973,MUNICIPALITY,CH,SH,Schaffhausen,2973,Gemeinde/Stadt Trasadingen,Bezirk Unterklettgau,1,GERMAN,NO,3,P2_RURAL,Stadtgrün;Stadtgärtnerei;Werkhof;Werkdienst;Gemeindebetriebe;Friedhof;Parks;Sportanlagen;Schulanlagen;Forst;Liegenschaften;Strassenunterhalt;Arealpflege;Winterdienst,DISCOVERY_PENDING,,TO_DISCOVER,NOT_YET_AUDITED,"Puede publicar en portal propio, ATS compartido, cantón, Job-Room o agregador público."
PUB-CH-SH-MUN-2974,MUNICIPALITY,CH,SH,Schaffhausen,2974,Gemeinde/Stadt Wilchingen,Bezirk Unterklettgau,1,GERMAN,NO,3,P2_RURAL,Stadtgrün;Stadtgärtnerei;Werkhof;Werkdienst;Gemeindebetriebe;Friedhof;Parks;Sportanlagen;Schulanlagen;Forst;Liegenschaften;Strassenunterhalt;Arealpflege;Winterdienst,DISCOVERY_PENDING,,TO_DISCOVER,NOT_YET_AUDITED,"Puede publicar en portal propio, ATS compartido, cantón, Job-Room o agregador público."
PUB-CH-SO-MUN-2421,MUNICIPALITY,CH,SO,Solothurn,2421,Gemeinde/Stadt Aedermannsdorf,Bezirk Thal,1,GERMAN,NO,3,P2_RURAL,Stadtgrün;Stadtgärtnerei;Werkhof;Werkdienst;Gemeindebetriebe;Friedhof;Parks;Sportanlagen;Schulanlagen;Forst;Liegenschaften;Strassenunterhalt;Arealpflege;Winterdienst,DISCOVERY_PENDING,,TO_DISCOVER,NOT_YET_AUDITED,"Puede publicar en portal propio, ATS compartido, cantón, Job-Room o agregador público."
PUB-CH-SO-MUN-2511,MUNICIPALITY,CH,SO,Solothurn,2511,Gemeinde/Stadt Aeschi (SO),Bezirk Wasseramt,1,GERMAN,NO,2,P1_URBAN_OR_INTERMEDIATE,Stadtgrün;Stadtgärtnerei;Werkhof;Werkdienst;Gemeindebetriebe;Friedhof;Parks;Sportanlagen;Schulanlagen;Forst;Liegenschaften;Strassenunterhalt;Arealpflege;Winterdienst,DISCOVERY_PENDING,,TO_DISCOVER,NOT_YET_AUDITED,"Puede publicar en portal propio, ATS compartido, cantón, Job-Room o agregador público."
PUB-CH-SO-MUN-2541,MUNICIPALITY,CH,SO,Solothurn,2541,Gemeinde/Stadt Balm bei Günsberg,Bezirk Lebern,1,GERMAN,NO,3,P2_RURAL,Stadtgrün;Stadtgärtnerei;Werkhof;Werkdienst;Gemeindebetriebe;Friedhof;Parks;Sportanlagen;Schulanlagen;Forst;Liegenschaften;Strassenunterhalt;Arealpflege;Winterdienst,DISCOVERY_PENDING,,TO_DISCOVER,NOT_YET_AUDITED,"Puede publicar en portal propio, ATS compartido, cantón, Job-Room o agregador público."
PUB-CH-SO-MUN-2422,MUNICIPALITY,CH,SO,Solothurn,2422,Gemeinde/Stadt Balsthal,Bezirk Thal,1,GERMAN,NO,2,P1_URBAN_OR_INTERMEDIATE,Stadtgrün;Stadtgärtnerei;Werkhof;Werkdienst;Gemeindebetriebe;Friedhof;Parks;Sportanlagen;Schulanlagen;Forst;Liegenschaften;Strassenunterhalt;Arealpflege;Winterdienst,DISCOVERY_PENDING,,TO_DISCOVER,NOT_YET_AUDITED,"Puede publicar en portal propio, ATS compartido, cantón, Job-Room o agregador público."
PUB-CH-SO-MUN-2612,MUNICIPALITY,CH,SO,Solothurn,2612,Gemeinde/Stadt Beinwil (SO),Bezirk Thierstein,1,GERMAN,NO,3,P2_RURAL,Stadtgrün;Stadtgärtnerei;Werkhof;Werkdienst;Gemeindebetriebe;Friedhof;Parks;Sportanlagen;Schulanlagen;Forst;Liegenschaften;Strassenunterhalt;Arealpflege;Winterdienst,DISCOVERY_PENDING,,TO_DISCOVER,NOT_YET_AUDITED,"Puede publicar en portal propio, ATS compartido, cantón, Job-Room o agregador público."
PUB-CH-SO-MUN-2542,MUNICIPALITY,CH,SO,Solothurn,2542,Gemeinde/Stadt Bellach,Bezirk Lebern,1,GERMAN,NO,2,P1_URBAN_OR_INTERMEDIATE,Stadtgrün;Stadtgärtnerei;Werkhof;Werkdienst;Gemeindebetriebe;Friedhof;Parks;Sportanlagen;Schulanlagen;Forst;Liegenschaften;Strassenunterhalt;Arealpflege;Winterdienst,DISCOVERY_PENDING,,TO_DISCOVER,NOT_YET_AUDITED,"Puede publicar en portal propio, ATS compartido, cantón, Job-Room o agregador público."
PUB-CH-SO-MUN-2543,MUNICIPALITY,CH,SO,Solothurn,2543,Gemeinde/Stadt Bettlach,Bezirk Lebern,1,GERMAN,NO,2,P1_URBAN_OR_INTERMEDIATE,Stadtgrün;Stadtgärtnerei;Werkhof;Werkdienst;Gemeindebetriebe;Friedhof;Parks;Sportanlagen;Schulanlagen;Forst;Liegenschaften;Strassenunterhalt;Arealpflege;Winterdienst,DISCOVERY_PENDING,,TO_DISCOVER,NOT_YET_AUDITED,"Puede publicar en portal propio, ATS compartido, cantón, Job-Room o agregador público."
PUB-CH-SO-MUN-2513,MUNICIPALITY,CH,SO,Solothurn,2513,Gemeinde/Stadt Biberist,Bezirk Wasseramt,1,GERMAN,NO,2,P1_URBAN_OR_INTERMEDIATE,Stadtgrün;Stadtgärtnerei;Werkhof;Werkdienst;Gemeindebetriebe;Friedhof;Parks;Sportanlagen;Schulanlagen;Forst;Liegenschaften;Strassenunterhalt;Arealpflege;Winterdienst,DISCOVERY_PENDING,,TO_DISCOVER,NOT_YET_AUDITED,"Puede publicar en portal propio, ATS compartido, cantón, Job-Room o agregador público."
PUB-CH-SO-MUN-2445,MUNICIPALITY,CH,SO,Solothurn,2445,Gemeinde/Stadt Biezwil,Bezirk Bucheggberg,1,GERMAN,NO,3,P2_RURAL,Stadtgrün;Stadtgärtnerei;Werkhof;Werkdienst;Gemeindebetriebe;Friedhof;Parks;Sportanlagen;Schulanlagen;Forst;Liegenschaften;Strassenunterhalt;Arealpflege;Winterdienst,DISCOVERY_PENDING,,TO_DISCOVER,NOT_YET_AUDITED,"Puede publicar en portal propio, ATS compartido, cantón, Job-Room o agregador público."
PUB-CH-SO-MUN-2514,MUNICIPALITY,CH,SO,Solothurn,2514,Gemeinde/Stadt Bolken,Bezirk Wasseramt,1,GERMAN,NO,2,P1_URBAN_OR_INTERMEDIATE,Stadtgrün;Stadtgärtnerei;Werkhof;Werkdienst;Gemeindebetriebe;Friedhof;Parks;Sportanlagen;Schulanlagen;Forst;Liegenschaften;Strassenunterhalt;Arealpflege;Winterdienst,DISCOVERY_PENDING,,TO_DISCOVER,NOT_YET_AUDITED,"Puede publicar en portal propio, ATS compartido, cantón, Job-Room o agregador público."
PUB-CH-SO-MUN-2571,MUNICIPALITY,CH,SO,Solothurn,2571,Gemeinde/Stadt Boningen,Bezirk Olten,1,GERMAN,NO,2,P1_URBAN_OR_INTERMEDIATE,Stadtgrün;Stadtgärtnerei;Werkhof;Werkdienst;Gemeindebetriebe;Friedhof;Parks;Sportanlagen;Schulanlagen;Forst;Liegenschaften;Strassenunterhalt;Arealpflege;Winterdienst,DISCOVERY_PENDING,,TO_DISCOVER,NOT_YET_AUDITED,"Puede publicar en portal propio, ATS compartido, cantón, Job-Room o agregador público."
PUB-CH-SO-MUN-2613,MUNICIPALITY,CH,SO,Solothurn,2613,Gemeinde/Stadt Breitenbach,Bezirk Thierstein,1,GERMAN,NO,2,P1_URBAN_OR_INTERMEDIATE,Stadtgrün;Stadtgärtnerei;Werkhof;Werkdienst;Gemeindebetriebe;Friedhof;Parks;Sportanlagen;Schulanlagen;Forst;Liegenschaften;Strassenunterhalt;Arealpflege;Winterdienst,DISCOVERY_PENDING,,TO_DISCOVER,NOT_YET_AUDITED,"Puede publicar en portal propio, ATS compartido, cantón, Job-Room o agregador público."
PUB-CH-SO-MUN-2465,MUNICIPALITY,CH,SO,Solothurn,2465,Gemeinde/Stadt Buchegg,Bezirk Bucheggberg,1,GERMAN,NO,3,P2_RURAL,Stadtgrün;Stadtgärtnerei;Werkhof;Werkdienst;Gemeindebetriebe;Friedhof;Parks;Sportanlagen;Schulanlagen;Forst;Liegenschaften;Strassenunterhalt;Arealpflege;Winterdienst,DISCOVERY_PENDING,,TO_DISCOVER,NOT_YET_AUDITED,"Puede publicar en portal propio, ATS compartido, cantón, Job-Room o agregador público."
PUB-CH-SO-MUN-2611,MUNICIPALITY,CH,SO,Solothurn,2611,Gemeinde/Stadt Bärschwil,Bezirk Thierstein,1,GERMAN,NO,3,P2_RURAL,Stadtgrün;Stadtgärtnerei;Werkhof;Werkdienst;Gemeindebetriebe;Friedhof;Parks;Sportanlagen;Schulanlagen;Forst;Liegenschaften;Strassenunterhalt;Arealpflege;Winterdienst,DISCOVERY_PENDING,,TO_DISCOVER,NOT_YET_AUDITED,"Puede publicar en portal propio, ATS compartido, cantón, Job-Room o agregador público."
PUB-CH-SO-MUN-2471,MUNICIPALITY,CH,SO,Solothurn,2471,Gemeinde/Stadt Bättwil,Bezirk Dorneck,1,GERMAN,NO,2,P1_URBAN_OR_INTERMEDIATE,Stadtgrün;Stadtgärtnerei;Werkhof;Werkdienst;Gemeindebetriebe;Friedhof;Parks;Sportanlagen;Schulanlagen;Forst;Liegenschaften;Strassenunterhalt;Arealpflege;Winterdienst,DISCOVERY_PENDING,,TO_DISCOVER,NOT_YET_AUDITED,"Puede publicar en portal propio, ATS compartido, cantón, Job-Room o agregador público."
PUB-CH-SO-MUN-2472,MUNICIPALITY,CH,SO,Solothurn,2472,Gemeinde/Stadt Büren (SO),Bezirk Dorneck,1,GERMAN,NO,2,P1_URBAN_OR_INTERMEDIATE,Stadtgrün;Stadtgärtnerei;Werkhof;Werkdienst;Gemeindebetriebe;Friedhof;Parks;Sportanlagen;Schulanlagen;Forst;Liegenschaften;Strassenunterhalt;Arealpflege;Winterdienst,DISCOVERY_PENDING,,TO_DISCOVER,NOT_YET_AUDITED,"Puede publicar en portal propio, ATS compartido, cantón, Job-Room o agregador público."
PUB-CH-SO-MUN-2614,MUNICIPALITY,CH,SO,Solothurn,2614,Gemeinde/Stadt Büsserach,Bezirk Thierstein,1,GERMAN,NO,2,P1_URBAN_OR_INTERMEDIATE,Stadtgrün;Stadtgärtnerei;Werkhof;Werkdienst;Gemeindebetriebe;Friedhof;Parks;Sportanlagen;Schulanlagen;Forst;Liegenschaften;Strassenunterhalt;Arealpflege;Winterdienst,DISCOVERY_PENDING,,TO_DISCOVER,NOT_YET_AUDITED,"Puede publicar en portal propio, ATS compartido, cantón, Job-Room o agregador público."
PUB-CH-SO-MUN-2516,MUNICIPALITY,CH,SO,Solothurn,2516,Gemeinde/Stadt Deitingen,Bezirk Wasseramt,1,GERMAN,NO,2,P1_URBAN_OR_INTERMEDIATE,Stadtgrün;Stadtgärtnerei;Werkhof;Werkdienst;Gemeindebetriebe;Friedhof;Parks;Sportanlagen;Schulanlagen;Forst;Liegenschaften;Strassenunterhalt;Arealpflege;Winterdienst,DISCOVERY_PENDING,,TO_DISCOVER,NOT_YET_AUDITED,"Puede publicar en portal propio, ATS compartido, cantón, Job-Room o agregador público."
PUB-CH-SO-MUN-2517,MUNICIPALITY,CH,SO,Solothurn,2517,Gemeinde/Stadt Derendingen,Bezirk Wasseramt,1,GERMAN,NO,2,P1_URBAN_OR_INTERMEDIATE,Stadtgrün;Stadtgärtnerei;Werkhof;Werkdienst;Gemeindebetriebe;Friedhof;Parks;Sportanlagen;Schulanlagen;Forst;Liegenschaften;Strassenunterhalt;Arealpflege;Winterdienst,DISCOVERY_PENDING,,TO_DISCOVER,NOT_YET_AUDITED,"Puede publicar en portal propio, ATS compartido, cantón, Job-Room o agregador público."
PUB-CH-SO-MUN-2473,MUNICIPALITY,CH,SO,Solothurn,2473,Gemeinde/Stadt Dornach,Bezirk Dorneck,1,GERMAN,NO,1,P1_URBAN_OR_INTERMEDIATE,Stadtgrün;Stadtgärtnerei;Werkhof;Werkdienst;Gemeindebetriebe;Friedhof;Parks;Sportanlagen;Schulanlagen;Forst;Liegenschaften;Strassenunterhalt;Arealpflege;Winterdienst,DISCOVERY_PENDING,,TO_DISCOVER,NOT_YET_AUDITED,"Puede publicar en portal propio, ATS compartido, cantón, Job-Room o agregador público."
PUB-CH-SO-MUN-2535,MUNICIPALITY,CH,SO,Solothurn,2535,Gemeinde/Stadt Drei Höfe,Bezirk Wasseramt,1,GERMAN,NO,3,P2_RURAL,Stadtgrün;Stadtgärtnerei;Werkhof;Werkdienst;Gemeindebetriebe;Friedhof;Parks;Sportanlagen;Schulanlagen;Forst;Liegenschaften;Strassenunterhalt;Arealpflege;Winterdienst,DISCOVERY_PENDING,,TO_DISCOVER,NOT_YET_AUDITED,"Puede publicar en portal propio, ATS compartido, cantón, Job-Room o agregador público."
PUB-CH-SO-MUN-2573,MUNICIPALITY,CH,SO,Solothurn,2573,Gemeinde/Stadt Dulliken,Bezirk Olten,1,GERMAN,NO,2,P1_URBAN_OR_INTERMEDIATE,Stadtgrün;Stadtgärtnerei;Werkhof;Werkdienst;Gemeindebetriebe;Friedhof;Parks;Sportanlagen;Schulanlagen;Forst;Liegenschaften;Strassenunterhalt;Arealpflege;Winterdienst,DISCOVERY_PENDING,,TO_DISCOVER,NOT_YET_AUDITED,"Puede publicar en portal propio, ATS compartido, cantón, Job-Room o agregador público."
PUB-CH-SO-MUN-2572,MUNICIPALITY,CH,SO,Solothurn,2572,Gemeinde/Stadt Däniken,Bezirk Olten,1,GERMAN,NO,2,P1_URBAN_OR_INTERMEDIATE,Stadtgrün;Stadtgärtnerei;Werkhof;Werkdienst;Gemeindebetriebe;Friedhof;Parks;Sportanlagen;Schulanlagen;Forst;Liegenschaften;Strassenunterhalt;Arealpflege;Winterdienst,DISCOVERY_PENDING,,TO_DISCOVER,NOT_YET_AUDITED,"Puede publicar en portal propio, ATS compartido, cantón, Job-Room o agregador público."
PUB-CH-SO-MUN-2401,MUNICIPALITY,CH,SO,Solothurn,2401,Gemeinde/Stadt Egerkingen,Bezirk Gäu,1,GERMAN,NO,2,P1_URBAN_OR_INTERMEDIATE,Stadtgrün;Stadtgärtnerei;Werkhof;Werkdienst;Gemeindebetriebe;Friedhof;Parks;Sportanlagen;Schulanlagen;Forst;Liegenschaften;Strassenunterhalt;Arealpflege;Winterdienst,DISCOVERY_PENDING,,TO_DISCOVER,NOT_YET_AUDITED,"Puede publicar en portal propio, ATS compartido, cantón, Job-Room o agregador público."
PUB-CH-SO-MUN-2574,MUNICIPALITY,CH,SO,Solothurn,2574,Gemeinde/Stadt Eppenberg-Wöschnau,Bezirk Olten,1,GERMAN,NO,2,P1_URBAN_OR_INTERMEDIATE,Stadtgrün;Stadtgärtnerei;Werkhof;Werkdienst;Gemeindebetriebe;Friedhof;Parks;Sportanlagen;Schulanlagen;Forst;Liegenschaften;Strassenunterhalt;Arealpflege;Winterdienst,DISCOVERY_PENDING,,TO_DISCOVER,NOT_YET_AUDITED,"Puede publicar en portal propio, ATS compartido, cantón, Job-Room o agregador público."
PUB-CH-SO-MUN-2503,MUNICIPALITY,CH,SO,Solothurn,2503,Gemeinde/Stadt Erlinsbach (SO),Bezirk Gösgen,1,GERMAN,NO,2,P1_URBAN_OR_INTERMEDIATE,Stadtgrün;Stadtgärtnerei;Werkhof;Werkdienst;Gemeindebetriebe;Friedhof;Parks;Sportanlagen;Schulanlagen;Forst;Liegenschaften;Strassenunterhalt;Arealpflege;Winterdienst,DISCOVERY_PENDING,,TO_DISCOVER,NOT_YET_AUDITED,"Puede publicar en portal propio, ATS compartido, cantón, Job-Room o agregador público."
PUB-CH-SO-MUN-2615,MUNICIPALITY,CH,SO,Solothurn,2615,Gemeinde/Stadt Erschwil,Bezirk Thierstein,1,GERMAN,NO,3,P2_RURAL,Stadtgrün;Stadtgärtnerei;Werkhof;Werkdienst;Gemeindebetriebe;Friedhof;Parks;Sportanlagen;Schulanlagen;Forst;Liegenschaften;Strassenunterhalt;Arealpflege;Winterdienst,DISCOVERY_PENDING,,TO_DISCOVER,NOT_YET_AUDITED,"Puede publicar en portal propio, ATS compartido, cantón, Job-Room o agregador público."
PUB-CH-SO-MUN-2518,MUNICIPALITY,CH,SO,Solothurn,2518,Gemeinde/Stadt Etziken,Bezirk Wasseramt,1,GERMAN,NO,2,P1_URBAN_OR_INTERMEDIATE,Stadtgrün;Stadtgärtnerei;Werkhof;Werkdienst;Gemeindebetriebe;Friedhof;Parks;Sportanlagen;Schulanlagen;Forst;Liegenschaften;Strassenunterhalt;Arealpflege;Winterdienst,DISCOVERY_PENDING,,TO_DISCOVER,NOT_YET_AUDITED,"Puede publicar en portal propio, ATS compartido, cantón, Job-Room o agregador público."
PUB-CH-SO-MUN-2616,MUNICIPALITY,CH,SO,Solothurn,2616,Gemeinde/Stadt Fehren,Bezirk Thierstein,1,GERMAN,NO,3,P2_RURAL,Stadtgrün;Stadtgärtnerei;Werkhof;Werkdienst;Gemeindebetriebe;Friedhof;Parks;Sportanlagen;Schulanlagen;Forst;Liegenschaften;Strassenunterhalt;Arealpflege;Winterdienst,DISCOVERY_PENDING,,TO_DISCOVER,NOT_YET_AUDITED,"Puede publicar en portal propio, ATS compartido, cantón, Job-Room o agregador público."
PUB-CH-SO-MUN-2544,MUNICIPALITY,CH,SO,Solothurn,2544,Gemeinde/Stadt Feldbrunnen-St. Niklaus,Bezirk Lebern,1,GERMAN,NO,2,P1_URBAN_OR_INTERMEDIATE,Stadtgrün;Stadtgärtnerei;Werkhof;Werkdienst;Gemeindebetriebe;Friedhof;Parks;Sportanlagen;Schulanlagen;Forst;Liegenschaften;Strassenunterhalt;Arealpflege;Winterdienst,DISCOVERY_PENDING,,TO_DISCOVER,NOT_YET_AUDITED,"Puede publicar en portal propio, ATS compartido, cantón, Job-Room o agregador público."
PUB-CH-SO-MUN-2545,MUNICIPALITY,CH,SO,Solothurn,2545,Gemeinde/Stadt Flumenthal,Bezirk Lebern,1,GERMAN,NO,2,P1_URBAN_OR_INTERMEDIATE,Stadtgrün;Stadtgärtnerei;Werkhof;Werkdienst;Gemeindebetriebe;Friedhof;Parks;Sportanlagen;Schulanlagen;Forst;Liegenschaften;Strassenunterhalt;Arealpflege;Winterdienst,DISCOVERY_PENDING,,TO_DISCOVER,NOT_YET_AUDITED,"Puede publicar en portal propio, ATS compartido, cantón, Job-Room o agregador público."
PUB-CH-SO-MUN-2575,MUNICIPALITY,CH,SO,Solothurn,2575,Gemeinde/Stadt Fulenbach,Bezirk Olten,1,GERMAN,NO,2,P1_URBAN_OR_INTERMEDIATE,Stadtgrün;Stadtgärtnerei;Werkhof;Werkdienst;Gemeindebetriebe;Friedhof;Parks;Sportanlagen;Schulanlagen;Forst;Liegenschaften;Strassenunterhalt;Arealpflege;Winterdienst,DISCOVERY_PENDING,,TO_DISCOVER,NOT_YET_AUDITED,"Puede publicar en portal propio, ATS compartido, cantón, Job-Room o agregador público."
PUB-CH-SO-MUN-2474,MUNICIPALITY,CH,SO,Solothurn,2474,Gemeinde/Stadt Gempen,Bezirk Dorneck,1,GERMAN,NO,3,P2_RURAL,Stadtgrün;Stadtgärtnerei;Werkhof;Werkdienst;Gemeindebetriebe;Friedhof;Parks;Sportanlagen;Schulanlagen;Forst;Liegenschaften;Strassenunterhalt;Arealpflege;Winterdienst,DISCOVERY_PENDING,,TO_DISCOVER,NOT_YET_AUDITED,"Puede publicar en portal propio, ATS compartido, cantón, Job-Room o agregador público."
PUB-CH-SO-MUN-2519,MUNICIPALITY,CH,SO,Solothurn,2519,Gemeinde/Stadt Gerlafingen,Bezirk Wasseramt,1,GERMAN,NO,2,P1_URBAN_OR_INTERMEDIATE,Stadtgrün;Stadtgärtnerei;Werkhof;Werkdienst;Gemeindebetriebe;Friedhof;Parks;Sportanlagen;Schulanlagen;Forst;Liegenschaften;Strassenunterhalt;Arealpflege;Winterdienst,DISCOVERY_PENDING,,TO_DISCOVER,NOT_YET_AUDITED,"Puede publicar en portal propio, ATS compartido, cantón, Job-Room o agregador público."
PUB-CH-SO-MUN-2546,MUNICIPALITY,CH,SO,Solothurn,2546,Gemeinde/Stadt Grenchen,Bezirk Lebern,1,GERMAN,YES,2,P0_CITY,Stadtgrün;Stadtgärtnerei;Werkhof;Werkdienst;Gemeindebetriebe;Friedhof;Parks;Sportanlagen;Schulanlagen;Forst;Liegenschaften;Strassenunterhalt;Arealpflege;Winterdienst,DISCOVERY_PENDING,,TO_DISCOVER,NOT_YET_AUDITED,"Puede publicar en portal propio, ATS compartido, cantón, Job-Room o agregador público."
PUB-CH-SO-MUN-2576,MUNICIPALITY,CH,SO,Solothurn,2576,Gemeinde/Stadt Gretzenbach,Bezirk Olten,1,GERMAN,NO,2,P1_URBAN_OR_INTERMEDIATE,Stadtgrün;Stadtgärtnerei;Werkhof;Werkdienst;Gemeindebetriebe;Friedhof;Parks;Sportanlagen;Schulanlagen;Forst;Liegenschaften;Strassenunterhalt;Arealpflege;Winterdienst,DISCOVERY_PENDING,,TO_DISCOVER,NOT_YET_AUDITED,"Puede publicar en portal propio, ATS compartido, cantón, Job-Room o agregador público."
PUB-CH-SO-MUN-2617,MUNICIPALITY,CH,SO,Solothurn,2617,Gemeinde/Stadt Grindel,Bezirk Thierstein,1,GERMAN,NO,3,P2_RURAL,Stadtgrün;Stadtgärtnerei;Werkhof;Werkdienst;Gemeindebetriebe;Friedhof;Parks;Sportanlagen;Schulanlagen;Forst;Liegenschaften;Strassenunterhalt;Arealpflege;Winterdienst,DISCOVERY_PENDING,,TO_DISCOVER,NOT_YET_AUDITED,"Puede publicar en portal propio, ATS compartido, cantón, Job-Room o agregador público."
PUB-CH-SO-MUN-2578,MUNICIPALITY,CH,SO,Solothurn,2578,Gemeinde/Stadt Gunzgen,Bezirk Olten,1,GERMAN,NO,2,P1_URBAN_OR_INTERMEDIATE,Stadtgrün;Stadtgärtnerei;Werkhof;Werkdienst;Gemeindebetriebe;Friedhof;Parks;Sportanlagen;Schulanlagen;Forst;Liegenschaften;Strassenunterhalt;Arealpflege;Winterdienst,DISCOVERY_PENDING,,TO_DISCOVER,NOT_YET_AUDITED,"Puede publicar en portal propio, ATS compartido, cantón, Job-Room o agregador público."
PUB-CH-SO-MUN-2547,MUNICIPALITY,CH,SO,Solothurn,2547,Gemeinde/Stadt Günsberg,Bezirk Lebern,1,GERMAN,NO,2,P1_URBAN_OR_INTERMEDIATE,Stadtgrün;Stadtgärtnerei;Werkhof;Werkdienst;Gemeindebetriebe;Friedhof;Parks;Sportanlagen;Schulanlagen;Forst;Liegenschaften;Strassenunterhalt;Arealpflege;Winterdienst,DISCOVERY_PENDING,,TO_DISCOVER,NOT_YET_AUDITED,"Puede publicar en portal propio, ATS compartido, cantón, Job-Room o agregador público."
PUB-CH-SO-MUN-2491,MUNICIPALITY,CH,SO,Solothurn,2491,Gemeinde/Stadt Hauenstein-Ifenthal,Bezirk Gösgen,1,GERMAN,NO,3,P2_RURAL,Stadtgrün;Stadtgärtnerei;Werkhof;Werkdienst;Gemeindebetriebe;Friedhof;Parks;Sportanlagen;Schulanlagen;Forst;Liegenschaften;Strassenunterhalt;Arealpflege;Winterdienst,DISCOVERY_PENDING,,TO_DISCOVER,NOT_YET_AUDITED,"Puede publicar en portal propio, ATS compartido, cantón, Job-Room o agregador público."
PUB-CH-SO-MUN-2424,MUNICIPALITY,CH,SO,Solothurn,2424,Gemeinde/Stadt Herbetswil,Bezirk Thal,1,GERMAN,NO,3,P2_RURAL,Stadtgrün;Stadtgärtnerei;Werkhof;Werkdienst;Gemeindebetriebe;Friedhof;Parks;Sportanlagen;Schulanlagen;Forst;Liegenschaften;Strassenunterhalt;Arealpflege;Winterdienst,DISCOVERY_PENDING,,TO_DISCOVER,NOT_YET_AUDITED,"Puede publicar en portal propio, ATS compartido, cantón, Job-Room o agregador público."
PUB-CH-SO-MUN-2618,MUNICIPALITY,CH,SO,Solothurn,2618,Gemeinde/Stadt Himmelried,Bezirk Thierstein,1,GERMAN,NO,3,P2_RURAL,Stadtgrün;Stadtgärtnerei;Werkhof;Werkdienst;Gemeindebetriebe;Friedhof;Parks;Sportanlagen;Schulanlagen;Forst;Liegenschaften;Strassenunterhalt;Arealpflege;Winterdienst,DISCOVERY_PENDING,,TO_DISCOVER,NOT_YET_AUDITED,"Puede publicar en portal propio, ATS compartido, cantón, Job-Room o agregador público."
PUB-CH-SO-MUN-2475,MUNICIPALITY,CH,SO,Solothurn,2475,Gemeinde/Stadt Hochwald,Bezirk Dorneck,1,GERMAN,NO,3,P2_RURAL,Stadtgrün;Stadtgärtnerei;Werkhof;Werkdienst;Gemeindebetriebe;Friedhof;Parks;Sportanlagen;Schulanlagen;Forst;Liegenschaften;Strassenunterhalt;Arealpflege;Winterdienst,DISCOVERY_PENDING,,TO_DISCOVER,NOT_YET_AUDITED,"Puede publicar en portal propio, ATS compartido, cantón, Job-Room o agregador público."
PUB-CH-SO-MUN-2476,MUNICIPALITY,CH,SO,Solothurn,2476,Gemeinde/Stadt Hofstetten-Flüh,Bezirk Dorneck,1,GERMAN,NO,2,P1_URBAN_OR_INTERMEDIATE,Stadtgrün;Stadtgärtnerei;Werkhof;Werkdienst;Gemeindebetriebe;Friedhof;Parks;Sportanlagen;Schulanlagen;Forst;Liegenschaften;Strassenunterhalt;Arealpflege;Winterdienst,DISCOVERY_PENDING,,TO_DISCOVER,NOT_YET_AUDITED,"Puede publicar en portal propio, ATS compartido, cantón, Job-Room o agregador público."
PUB-CH-SO-MUN-2425,MUNICIPALITY,CH,SO,Solothurn,2425,Gemeinde/Stadt Holderbank (SO),Bezirk Thal,1,GERMAN,NO,3,P2_RURAL,Stadtgrün;Stadtgärtnerei;Werkhof;Werkdienst;Gemeindebetriebe;Friedhof;Parks;Sportanlagen;Schulanlagen;Forst;Liegenschaften;Strassenunterhalt;Arealpflege;Winterdienst,DISCOVERY_PENDING,,TO_DISCOVER,NOT_YET_AUDITED,"Puede publicar en portal propio, ATS compartido, cantón, Job-Room o agregador público."
PUB-CH-SO-MUN-2523,MUNICIPALITY,CH,SO,Solothurn,2523,Gemeinde/Stadt Horriwil,Bezirk Wasseramt,1,GERMAN,NO,2,P1_URBAN_OR_INTERMEDIATE,Stadtgrün;Stadtgärtnerei;Werkhof;Werkdienst;Gemeindebetriebe;Friedhof;Parks;Sportanlagen;Schulanlagen;Forst;Liegenschaften;Strassenunterhalt;Arealpflege;Winterdienst,DISCOVERY_PENDING,,TO_DISCOVER,NOT_YET_AUDITED,"Puede publicar en portal propio, ATS compartido, cantón, Job-Room o agregador público."
PUB-CH-SO-MUN-2548,MUNICIPALITY,CH,SO,Solothurn,2548,Gemeinde/Stadt Hubersdorf,Bezirk Lebern,1,GERMAN,NO,2,P1_URBAN_OR_INTERMEDIATE,Stadtgrün;Stadtgärtnerei;Werkhof;Werkdienst;Gemeindebetriebe;Friedhof;Parks;Sportanlagen;Schulanlagen;Forst;Liegenschaften;Strassenunterhalt;Arealpflege;Winterdienst,DISCOVERY_PENDING,,TO_DISCOVER,NOT_YET_AUDITED,"Puede publicar en portal propio, ATS compartido, cantón, Job-Room o agregador público."
PUB-CH-SO-MUN-2579,MUNICIPALITY,CH,SO,Solothurn,2579,Gemeinde/Stadt Hägendorf,Bezirk Olten,1,GERMAN,NO,2,P1_URBAN_OR_INTERMEDIATE,Stadtgrün;Stadtgärtnerei;Werkhof;Werkdienst;Gemeindebetriebe;Friedhof;Parks;Sportanlagen;Schulanlagen;Forst;Liegenschaften;Strassenunterhalt;Arealpflege;Winterdienst,DISCOVERY_PENDING,,TO_DISCOVER,NOT_YET_AUDITED,"Puede publicar en portal propio, ATS compartido, cantón, Job-Room o agregador público."
PUB-CH-SO-MUN-2402,MUNICIPALITY,CH,SO,Solothurn,2402,Gemeinde/Stadt Härkingen,Bezirk Gäu,1,GERMAN,NO,2,P1_URBAN_OR_INTERMEDIATE,Stadtgrün;Stadtgärtnerei;Werkhof;Werkdienst;Gemeindebetriebe;Friedhof;Parks;Sportanlagen;Schulanlagen;Forst;Liegenschaften;Strassenunterhalt;Arealpflege;Winterdienst,DISCOVERY_PENDING,,TO_DISCOVER,NOT_YET_AUDITED,"Puede publicar en portal propio, ATS compartido, cantón, Job-Room o agregador público."
PUB-CH-SO-MUN-2524,MUNICIPALITY,CH,SO,Solothurn,2524,Gemeinde/Stadt Hüniken,Bezirk Wasseramt,1,GERMAN,NO,2,P1_URBAN_OR_INTERMEDIATE,Stadtgrün;Stadtgärtnerei;Werkhof;Werkdienst;Gemeindebetriebe;Friedhof;Parks;Sportanlagen;Schulanlagen;Forst;Liegenschaften;Strassenunterhalt;Arealpflege;Winterdienst,DISCOVERY_PENDING,,TO_DISCOVER,NOT_YET_AUDITED,"Puede publicar en portal propio, ATS compartido, cantón, Job-Room o agregador público."
PUB-CH-SO-MUN-2549,MUNICIPALITY,CH,SO,Solothurn,2549,Gemeinde/Stadt Kammersrohr,Bezirk Lebern,1,GERMAN,NO,3,P2_RURAL,Stadtgrün;Stadtgärtnerei;Werkhof;Werkdienst;Gemeindebetriebe;Friedhof;Parks;Sportanlagen;Schulanlagen;Forst;Liegenschaften;Strassenunterhalt;Arealpflege;Winterdienst,DISCOVERY_PENDING,,TO_DISCOVER,NOT_YET_AUDITED,"Puede publicar en portal propio, ATS compartido, cantón, Job-Room o agregador público."
PUB-CH-SO-MUN-2580,MUNICIPALITY,CH,SO,Solothurn,2580,Gemeinde/Stadt Kappel (SO),Bezirk Olten,1,GERMAN,NO,2,P1_URBAN_OR_INTERMEDIATE,Stadtgrün;Stadtgärtnerei;Werkhof;Werkdienst;Gemeindebetriebe;Friedhof;Parks;Sportanlagen;Schulanlagen;Forst;Liegenschaften;Strassenunterhalt;Arealpflege;Winterdienst,DISCOVERY_PENDING,,TO_DISCOVER,NOT_YET_AUDITED,"Puede publicar en portal propio, ATS compartido, cantón, Job-Room o agregador público."
PUB-CH-SO-MUN-2403,MUNICIPALITY,CH,SO,Solothurn,2403,Gemeinde/Stadt Kestenholz,Bezirk Gäu,1,GERMAN,NO,2,P1_URBAN_OR_INTERMEDIATE,Stadtgrün;Stadtgärtnerei;Werkhof;Werkdienst;Gemeindebetriebe;Friedhof;Parks;Sportanlagen;Schulanlagen;Forst;Liegenschaften;Strassenunterhalt;Arealpflege;Winterdienst,DISCOVERY_PENDING,,TO_DISCOVER,NOT_YET_AUDITED,"Puede publicar en portal propio, ATS compartido, cantón, Job-Room o agregador público."
PUB-CH-SO-MUN-2492,MUNICIPALITY,CH,SO,Solothurn,2492,Gemeinde/Stadt Kienberg,Bezirk Gösgen,1,GERMAN,NO,3,P2_RURAL,Stadtgrün;Stadtgärtnerei;Werkhof;Werkdienst;Gemeindebetriebe;Friedhof;Parks;Sportanlagen;Schulanlagen;Forst;Liegenschaften;Strassenunterhalt;Arealpflege;Winterdienst,DISCOVERY_PENDING,,TO_DISCOVER,NOT_YET_AUDITED,"Puede publicar en portal propio, ATS compartido, cantón, Job-Room o agregador público."
PUB-CH-SO-MUN-2619,MUNICIPALITY,CH,SO,Solothurn,2619,Gemeinde/Stadt Kleinlützel,Bezirk Thierstein,1,GERMAN,NO,3,P2_RURAL,Stadtgrün;Stadtgärtnerei;Werkhof;Werkdienst;Gemeindebetriebe;Friedhof;Parks;Sportanlagen;Schulanlagen;Forst;Liegenschaften;Strassenunterhalt;Arealpflege;Winterdienst,DISCOVERY_PENDING,,TO_DISCOVER,NOT_YET_AUDITED,"Puede publicar en portal propio, ATS compartido, cantón, Job-Room o agregador público."
PUB-CH-SO-MUN-2525,MUNICIPALITY,CH,SO,Solothurn,2525,Gemeinde/Stadt Kriegstetten,Bezirk Wasseramt,1,GERMAN,NO,2,P1_URBAN_OR_INTERMEDIATE,Stadtgrün;Stadtgärtnerei;Werkhof;Werkdienst;Gemeindebetriebe;Friedhof;Parks;Sportanlagen;Schulanlagen;Forst;Liegenschaften;Strassenunterhalt;Arealpflege;Winterdienst,DISCOVERY_PENDING,,TO_DISCOVER,NOT_YET_AUDITED,"Puede publicar en portal propio, ATS compartido, cantón, Job-Room o agregador público."
PUB-CH-SO-MUN-2550,MUNICIPALITY,CH,SO,Solothurn,2550,Gemeinde/Stadt Langendorf,Bezirk Lebern,1,GERMAN,NO,2,P1_URBAN_OR_INTERMEDIATE,Stadtgrün;Stadtgärtnerei;Werkhof;Werkdienst;Gemeindebetriebe;Friedhof;Parks;Sportanlagen;Schulanlagen;Forst;Liegenschaften;Strassenunterhalt;Arealpflege;Winterdienst,DISCOVERY_PENDING,,TO_DISCOVER,NOT_YET_AUDITED,"Puede publicar en portal propio, ATS compartido, cantón, Job-Room o agregador público."
PUB-CH-SO-MUN-2426,MUNICIPALITY,CH,SO,Solothurn,2426,Gemeinde/Stadt Laupersdorf,Bezirk Thal,1,GERMAN,NO,3,P2_RURAL,Stadtgrün;Stadtgärtnerei;Werkhof;Werkdienst;Gemeindebetriebe;Friedhof;Parks;Sportanlagen;Schulanlagen;Forst;Liegenschaften;Strassenunterhalt;Arealpflege;Winterdienst,DISCOVERY_PENDING,,TO_DISCOVER,NOT_YET_AUDITED,"Puede publicar en portal propio, ATS compartido, cantón, Job-Room o agregador público."
PUB-CH-SO-MUN-2526,MUNICIPALITY,CH,SO,Solothurn,2526,Gemeinde/Stadt Lohn-Ammannsegg,Bezirk Wasseramt,1,GERMAN,NO,2,P1_URBAN_OR_INTERMEDIATE,Stadtgrün;Stadtgärtnerei;Werkhof;Werkdienst;Gemeindebetriebe;Friedhof;Parks;Sportanlagen;Schulanlagen;Forst;Liegenschaften;Strassenunterhalt;Arealpflege;Winterdienst,DISCOVERY_PENDING,,TO_DISCOVER,NOT_YET_AUDITED,"Puede publicar en portal propio, ATS compartido, cantón, Job-Room o agregador público."
PUB-CH-SO-MUN-2551,MUNICIPALITY,CH,SO,Solothurn,2551,Gemeinde/Stadt Lommiswil,Bezirk Lebern,1,GERMAN,NO,2,P1_URBAN_OR_INTERMEDIATE,Stadtgrün;Stadtgärtnerei;Werkhof;Werkdienst;Gemeindebetriebe;Friedhof;Parks;Sportanlagen;Schulanlagen;Forst;Liegenschaften;Strassenunterhalt;Arealpflege;Winterdienst,DISCOVERY_PENDING,,TO_DISCOVER,NOT_YET_AUDITED,"Puede publicar en portal propio, ATS compartido, cantón, Job-Room o agregador público."
PUB-CH-SO-MUN-2493,MUNICIPALITY,CH,SO,Solothurn,2493,Gemeinde/Stadt Lostorf,Bezirk Gösgen,1,GERMAN,NO,2,P1_URBAN_OR_INTERMEDIATE,Stadtgrün;Stadtgärtnerei;Werkhof;Werkdienst;Gemeindebetriebe;Friedhof;Parks;Sportanlagen;Schulanlagen;Forst;Liegenschaften;Strassenunterhalt;Arealpflege;Winterdienst,DISCOVERY_PENDING,,TO_DISCOVER,NOT_YET_AUDITED,"Puede publicar en portal propio, ATS compartido, cantón, Job-Room o agregador público."
PUB-CH-SO-MUN-2527,MUNICIPALITY,CH,SO,Solothurn,2527,Gemeinde/Stadt Luterbach,Bezirk Wasseramt,1,GERMAN,NO,2,P1_URBAN_OR_INTERMEDIATE,Stadtgrün;Stadtgärtnerei;Werkhof;Werkdienst;Gemeindebetriebe;Friedhof;Parks;Sportanlagen;Schulanlagen;Forst;Liegenschaften;Strassenunterhalt;Arealpflege;Winterdienst,DISCOVERY_PENDING,,TO_DISCOVER,NOT_YET_AUDITED,"Puede publicar en portal propio, ATS compartido, cantón, Job-Room o agregador público."
PUB-CH-SO-MUN-2464,MUNICIPALITY,CH,SO,Solothurn,2464,Gemeinde/Stadt Lüsslingen-Nennigkofen,Bezirk Bucheggberg,1,GERMAN,NO,3,P2_RURAL,Stadtgrün;Stadtgärtnerei;Werkhof;Werkdienst;Gemeindebetriebe;Friedhof;Parks;Sportanlagen;Schulanlagen;Forst;Liegenschaften;Strassenunterhalt;Arealpflege;Winterdienst,DISCOVERY_PENDING,,TO_DISCOVER,NOT_YET_AUDITED,"Puede publicar en portal propio, ATS compartido, cantón, Job-Room o agregador público."
PUB-CH-SO-MUN-2455,MUNICIPALITY,CH,SO,Solothurn,2455,Gemeinde/Stadt Lüterkofen-Ichertswil,Bezirk Bucheggberg,1,GERMAN,NO,2,P1_URBAN_OR_INTERMEDIATE,Stadtgrün;Stadtgärtnerei;Werkhof;Werkdienst;Gemeindebetriebe;Friedhof;Parks;Sportanlagen;Schulanlagen;Forst;Liegenschaften;Strassenunterhalt;Arealpflege;Winterdienst,DISCOVERY_PENDING,,TO_DISCOVER,NOT_YET_AUDITED,"Puede publicar en portal propio, ATS compartido, cantón, Job-Room o agregador público."
PUB-CH-SO-MUN-2427,MUNICIPALITY,CH,SO,Solothurn,2427,Gemeinde/Stadt Matzendorf,Bezirk Thal,1,GERMAN,NO,3,P2_RURAL,Stadtgrün;Stadtgärtnerei;Werkhof;Werkdienst;Gemeindebetriebe;Friedhof;Parks;Sportanlagen;Schulanlagen;Forst;Liegenschaften;Strassenunterhalt;Arealpflege;Winterdienst,DISCOVERY_PENDING,,TO_DISCOVER,NOT_YET_AUDITED,"Puede publicar en portal propio, ATS compartido, cantón, Job-Room o agregador público."
PUB-CH-SO-MUN-2620,MUNICIPALITY,CH,SO,Solothurn,2620,Gemeinde/Stadt Meltingen,Bezirk Thierstein,1,GERMAN,NO,3,P2_RURAL,Stadtgrün;Stadtgärtnerei;Werkhof;Werkdienst;Gemeindebetriebe;Friedhof;Parks;Sportanlagen;Schulanlagen;Forst;Liegenschaften;Strassenunterhalt;Arealpflege;Winterdienst,DISCOVERY_PENDING,,TO_DISCOVER,NOT_YET_AUDITED,"Puede publicar en portal propio, ATS compartido, cantón, Job-Room o agregador público."
PUB-CH-SO-MUN-2457,MUNICIPALITY,CH,SO,Solothurn,2457,Gemeinde/Stadt Messen,Bezirk Bucheggberg,1,GERMAN,NO,3,P2_RURAL,Stadtgrün;Stadtgärtnerei;Werkhof;Werkdienst;Gemeindebetriebe;Friedhof;Parks;Sportanlagen;Schulanlagen;Forst;Liegenschaften;Strassenunterhalt;Arealpflege;Winterdienst,DISCOVERY_PENDING,,TO_DISCOVER,NOT_YET_AUDITED,"Puede publicar en portal propio, ATS compartido, cantón, Job-Room o agregador público."
PUB-CH-SO-MUN-2477,MUNICIPALITY,CH,SO,Solothurn,2477,Gemeinde/Stadt Metzerlen-Mariastein,Bezirk Dorneck,1,GERMAN,NO,3,P2_RURAL,Stadtgrün;Stadtgärtnerei;Werkhof;Werkdienst;Gemeindebetriebe;Friedhof;Parks;Sportanlagen;Schulanlagen;Forst;Liegenschaften;Strassenunterhalt;Arealpflege;Winterdienst,DISCOVERY_PENDING,,TO_DISCOVER,NOT_YET_AUDITED,"Puede publicar en portal propio, ATS compartido, cantón, Job-Room o agregador público."
PUB-CH-SO-MUN-2428,MUNICIPALITY,CH,SO,Solothurn,2428,Gemeinde/Stadt Mümliswil-Ramiswil,Bezirk Thal,1,GERMAN,NO,3,P2_RURAL,Stadtgrün;Stadtgärtnerei;Werkhof;Werkdienst;Gemeindebetriebe;Friedhof;Parks;Sportanlagen;Schulanlagen;Forst;Liegenschaften;Strassenunterhalt;Arealpflege;Winterdienst,DISCOVERY_PENDING,,TO_DISCOVER,NOT_YET_AUDITED,"Puede publicar en portal propio, ATS compartido, cantón, Job-Room o agregador público."
PUB-CH-SO-MUN-2404,MUNICIPALITY,CH,SO,Solothurn,2404,Gemeinde/Stadt Neuendorf,Bezirk Gäu,1,GERMAN,NO,2,P1_URBAN_OR_INTERMEDIATE,Stadtgrün;Stadtgärtnerei;Werkhof;Werkdienst;Gemeindebetriebe;Friedhof;Parks;Sportanlagen;Schulanlagen;Forst;Liegenschaften;Strassenunterhalt;Arealpflege;Winterdienst,DISCOVERY_PENDING,,TO_DISCOVER,NOT_YET_AUDITED,"Puede publicar en portal propio, ATS compartido, cantón, Job-Room o agregador público."
PUB-CH-SO-MUN-2405,MUNICIPALITY,CH,SO,Solothurn,2405,Gemeinde/Stadt Niederbuchsiten,Bezirk Gäu,1,GERMAN,NO,2,P1_URBAN_OR_INTERMEDIATE,Stadtgrün;Stadtgärtnerei;Werkhof;Werkdienst;Gemeindebetriebe;Friedhof;Parks;Sportanlagen;Schulanlagen;Forst;Liegenschaften;Strassenunterhalt;Arealpflege;Winterdienst,DISCOVERY_PENDING,,TO_DISCOVER,NOT_YET_AUDITED,"Puede publicar en portal propio, ATS compartido, cantón, Job-Room o agregador público."
PUB-CH-SO-MUN-2495,MUNICIPALITY,CH,SO,Solothurn,2495,Gemeinde/Stadt Niedergösgen,Bezirk Gösgen,1,GERMAN,NO,2,P1_URBAN_OR_INTERMEDIATE,Stadtgrün;Stadtgärtnerei;Werkhof;Werkdienst;Gemeindebetriebe;Friedhof;Parks;Sportanlagen;Schulanlagen;Forst;Liegenschaften;Strassenunterhalt;Arealpflege;Winterdienst,DISCOVERY_PENDING,,TO_DISCOVER,NOT_YET_AUDITED,"Puede publicar en portal propio, ATS compartido, cantón, Job-Room o agregador público."
PUB-CH-SO-MUN-2478,MUNICIPALITY,CH,SO,Solothurn,2478,Gemeinde/Stadt Nuglar-St. Pantaleon,Bezirk Dorneck,1,GERMAN,NO,3,P2_RURAL,Stadtgrün;Stadtgärtnerei;Werkhof;Werkdienst;Gemeindebetriebe;Friedhof;Parks;Sportanlagen;Schulanlagen;Forst;Liegenschaften;Strassenunterhalt;Arealpflege;Winterdienst,DISCOVERY_PENDING,,TO_DISCOVER,NOT_YET_AUDITED,"Puede publicar en portal propio, ATS compartido, cantón, Job-Room o agregador público."
PUB-CH-SO-MUN-2621,MUNICIPALITY,CH,SO,Solothurn,2621,Gemeinde/Stadt Nunningen,Bezirk Thierstein,1,GERMAN,NO,3,P2_RURAL,Stadtgrün;Stadtgärtnerei;Werkhof;Werkdienst;Gemeindebetriebe;Friedhof;Parks;Sportanlagen;Schulanlagen;Forst;Liegenschaften;Strassenunterhalt;Arealpflege;Winterdienst,DISCOVERY_PENDING,,TO_DISCOVER,NOT_YET_AUDITED,"Puede publicar en portal propio, ATS compartido, cantón, Job-Room o agregador público."
PUB-CH-SO-MUN-2406,MUNICIPALITY,CH,SO,Solothurn,2406,Gemeinde/Stadt Oberbuchsiten,Bezirk Gäu,1,GERMAN,NO,2,P1_URBAN_OR_INTERMEDIATE,Stadtgrün;Stadtgärtnerei;Werkhof;Werkdienst;Gemeindebetriebe;Friedhof;Parks;Sportanlagen;Schulanlagen;Forst;Liegenschaften;Strassenunterhalt;Arealpflege;Winterdienst,DISCOVERY_PENDING,,TO_DISCOVER,NOT_YET_AUDITED,"Puede publicar en portal propio, ATS compartido, cantón, Job-Room o agregador público."
PUB-CH-SO-MUN-2553,MUNICIPALITY,CH,SO,Solothurn,2553,Gemeinde/Stadt Oberdorf (SO),Bezirk Lebern,1,GERMAN,NO,2,P1_URBAN_OR_INTERMEDIATE,Stadtgrün;Stadtgärtnerei;Werkhof;Werkdienst;Gemeindebetriebe;Friedhof;Parks;Sportanlagen;Schulanlagen;Forst;Liegenschaften;Strassenunterhalt;Arealpflege;Winterdienst,DISCOVERY_PENDING,,TO_DISCOVER,NOT_YET_AUDITED,"Puede publicar en portal propio, ATS compartido, cantón, Job-Room o agregador público."
PUB-CH-SO-MUN-2528,MUNICIPALITY,CH,SO,Solothurn,2528,Gemeinde/Stadt Obergerlafingen,Bezirk Wasseramt,1,GERMAN,NO,2,P1_URBAN_OR_INTERMEDIATE,Stadtgrün;Stadtgärtnerei;Werkhof;Werkdienst;Gemeindebetriebe;Friedhof;Parks;Sportanlagen;Schulanlagen;Forst;Liegenschaften;Strassenunterhalt;Arealpflege;Winterdienst,DISCOVERY_PENDING,,TO_DISCOVER,NOT_YET_AUDITED,"Puede publicar en portal propio, ATS compartido, cantón, Job-Room o agregador público."
PUB-CH-SO-MUN-2497,MUNICIPALITY,CH,SO,Solothurn,2497,Gemeinde/Stadt Obergösgen,Bezirk Gösgen,1,GERMAN,NO,2,P1_URBAN_OR_INTERMEDIATE,Stadtgrün;Stadtgärtnerei;Werkhof;Werkdienst;Gemeindebetriebe;Friedhof;Parks;Sportanlagen;Schulanlagen;Forst;Liegenschaften;Strassenunterhalt;Arealpflege;Winterdienst,DISCOVERY_PENDING,,TO_DISCOVER,NOT_YET_AUDITED,"Puede publicar en portal propio, ATS compartido, cantón, Job-Room o agregador público."
PUB-CH-SO-MUN-2407,MUNICIPALITY,CH,SO,Solothurn,2407,Gemeinde/Stadt Oensingen,Bezirk Gäu,1,GERMAN,NO,2,P1_URBAN_OR_INTERMEDIATE,Stadtgrün;Stadtgärtnerei;Werkhof;Werkdienst;Gemeindebetriebe;Friedhof;Parks;Sportanlagen;Schulanlagen;Forst;Liegenschaften;Strassenunterhalt;Arealpflege;Winterdienst,DISCOVERY_PENDING,,TO_DISCOVER,NOT_YET_AUDITED,"Puede publicar en portal propio, ATS compartido, cantón, Job-Room o agregador público."
PUB-CH-SO-MUN-2581,MUNICIPALITY,CH,SO,Solothurn,2581,Gemeinde/Stadt Olten,Bezirk Olten,1,GERMAN,YES,2,P0_CITY,Stadtgrün;Stadtgärtnerei;Werkhof;Werkdienst;Gemeindebetriebe;Friedhof;Parks;Sportanlagen;Schulanlagen;Forst;Liegenschaften;Strassenunterhalt;Arealpflege;Winterdienst,DISCOVERY_PENDING,,TO_DISCOVER,NOT_YET_AUDITED,"Puede publicar en portal propio, ATS compartido, cantón, Job-Room o agregador público."
PUB-CH-SO-MUN-2530,MUNICIPALITY,CH,SO,Solothurn,2530,Gemeinde/Stadt Recherswil,Bezirk Wasseramt,1,GERMAN,NO,2,P1_URBAN_OR_INTERMEDIATE,Stadtgrün;Stadtgärtnerei;Werkhof;Werkdienst;Gemeindebetriebe;Friedhof;Parks;Sportanlagen;Schulanlagen;Forst;Liegenschaften;Strassenunterhalt;Arealpflege;Winterdienst,DISCOVERY_PENDING,,TO_DISCOVER,NOT_YET_AUDITED,"Puede publicar en portal propio, ATS compartido, cantón, Job-Room o agregador público."
PUB-CH-SO-MUN-2582,MUNICIPALITY,CH,SO,Solothurn,2582,Gemeinde/Stadt Rickenbach (SO),Bezirk Olten,1,GERMAN,NO,2,P1_URBAN_OR_INTERMEDIATE,Stadtgrün;Stadtgärtnerei;Werkhof;Werkdienst;Gemeindebetriebe;Friedhof;Parks;Sportanlagen;Schulanlagen;Forst;Liegenschaften;Strassenunterhalt;Arealpflege;Winterdienst,DISCOVERY_PENDING,,TO_DISCOVER,NOT_YET_AUDITED,"Puede publicar en portal propio, ATS compartido, cantón, Job-Room o agregador público."
PUB-CH-SO-MUN-2554,MUNICIPALITY,CH,SO,Solothurn,2554,Gemeinde/Stadt Riedholz,Bezirk Lebern,1,GERMAN,NO,2,P1_URBAN_OR_INTERMEDIATE,Stadtgrün;Stadtgärtnerei;Werkhof;Werkdienst;Gemeindebetriebe;Friedhof;Parks;Sportanlagen;Schulanlagen;Forst;Liegenschaften;Strassenunterhalt;Arealpflege;Winterdienst,DISCOVERY_PENDING,,TO_DISCOVER,NOT_YET_AUDITED,"Puede publicar en portal propio, ATS compartido, cantón, Job-Room o agregador público."
PUB-CH-SO-MUN-2479,MUNICIPALITY,CH,SO,Solothurn,2479,Gemeinde/Stadt Rodersdorf,Bezirk Dorneck,1,GERMAN,NO,3,P2_RURAL,Stadtgrün;Stadtgärtnerei;Werkhof;Werkdienst;Gemeindebetriebe;Friedhof;Parks;Sportanlagen;Schulanlagen;Forst;Liegenschaften;Strassenunterhalt;Arealpflege;Winterdienst,DISCOVERY_PENDING,,TO_DISCOVER,NOT_YET_AUDITED,"Puede publicar en portal propio, ATS compartido, cantón, Job-Room o agregador público."
PUB-CH-SO-MUN-2555,MUNICIPALITY,CH,SO,Solothurn,2555,Gemeinde/Stadt Rüttenen,Bezirk Lebern,1,GERMAN,NO,2,P1_URBAN_OR_INTERMEDIATE,Stadtgrün;Stadtgärtnerei;Werkhof;Werkdienst;Gemeindebetriebe;Friedhof;Parks;Sportanlagen;Schulanlagen;Forst;Liegenschaften;Strassenunterhalt;Arealpflege;Winterdienst,DISCOVERY_PENDING,,TO_DISCOVER,NOT_YET_AUDITED,"Puede publicar en portal propio, ATS compartido, cantón, Job-Room o agregador público."
PUB-CH-SO-MUN-2461,MUNICIPALITY,CH,SO,Solothurn,2461,Gemeinde/Stadt Schnottwil,Bezirk Bucheggberg,1,GERMAN,NO,3,P2_RURAL,Stadtgrün;Stadtgärtnerei;Werkhof;Werkdienst;Gemeindebetriebe;Friedhof;Parks;Sportanlagen;Schulanlagen;Forst;Liegenschaften;Strassenunterhalt;Arealpflege;Winterdienst,DISCOVERY_PENDING,,TO_DISCOVER,NOT_YET_AUDITED,"Puede publicar en portal propio, ATS compartido, cantón, Job-Room o agregador público."
PUB-CH-SO-MUN-2583,MUNICIPALITY,CH,SO,Solothurn,2583,Gemeinde/Stadt Schönenwerd,Bezirk Olten,1,GERMAN,NO,2,P1_URBAN_OR_INTERMEDIATE,Stadtgrün;Stadtgärtnerei;Werkhof;Werkdienst;Gemeindebetriebe;Friedhof;Parks;Sportanlagen;Schulanlagen;Forst;Liegenschaften;Strassenunterhalt;Arealpflege;Winterdienst,DISCOVERY_PENDING,,TO_DISCOVER,NOT_YET_AUDITED,"Puede publicar en portal propio, ATS compartido, cantón, Job-Room o agregador público."
PUB-CH-SO-MUN-2480,MUNICIPALITY,CH,SO,Solothurn,2480,Gemeinde/Stadt Seewen,Bezirk Dorneck,1,GERMAN,NO,3,P2_RURAL,Stadtgrün;Stadtgärtnerei;Werkhof;Werkdienst;Gemeindebetriebe;Friedhof;Parks;Sportanlagen;Schulanlagen;Forst;Liegenschaften;Strassenunterhalt;Arealpflege;Winterdienst,DISCOVERY_PENDING,,TO_DISCOVER,NOT_YET_AUDITED,"Puede publicar en portal propio, ATS compartido, cantón, Job-Room o agregador público."
PUB-CH-SO-MUN-2556,MUNICIPALITY,CH,SO,Solothurn,2556,Gemeinde/Stadt Selzach,Bezirk Lebern,1,GERMAN,NO,2,P1_URBAN_OR_INTERMEDIATE,Stadtgrün;Stadtgärtnerei;Werkhof;Werkdienst;Gemeindebetriebe;Friedhof;Parks;Sportanlagen;Schulanlagen;Forst;Liegenschaften;Strassenunterhalt;Arealpflege;Winterdienst,DISCOVERY_PENDING,,TO_DISCOVER,NOT_YET_AUDITED,"Puede publicar en portal propio, ATS compartido, cantón, Job-Room o agregador público."
PUB-CH-SO-MUN-2601,MUNICIPALITY,CH,SO,Solothurn,2601,Gemeinde/Stadt Solothurn,Bezirk Solothurn,1,GERMAN,YES,2,P0_CITY,Stadtgrün;Stadtgärtnerei;Werkhof;Werkdienst;Gemeindebetriebe;Friedhof;Parks;Sportanlagen;Schulanlagen;Forst;Liegenschaften;Strassenunterhalt;Arealpflege;Winterdienst,DISCOVERY_PENDING,,TO_DISCOVER,NOT_YET_AUDITED,"Puede publicar en portal propio, ATS compartido, cantón, Job-Room o agregador público."
PUB-CH-SO-MUN-2584,MUNICIPALITY,CH,SO,Solothurn,2584,Gemeinde/Stadt Starrkirch-Wil,Bezirk Olten,1,GERMAN,NO,2,P1_URBAN_OR_INTERMEDIATE,Stadtgrün;Stadtgärtnerei;Werkhof;Werkdienst;Gemeindebetriebe;Friedhof;Parks;Sportanlagen;Schulanlagen;Forst;Liegenschaften;Strassenunterhalt;Arealpflege;Winterdienst,DISCOVERY_PENDING,,TO_DISCOVER,NOT_YET_AUDITED,"Puede publicar en portal propio, ATS compartido, cantón, Job-Room o agregador público."
PUB-CH-SO-MUN-2499,MUNICIPALITY,CH,SO,Solothurn,2499,Gemeinde/Stadt Stüsslingen,Bezirk Gösgen,1,GERMAN,NO,3,P2_RURAL,Stadtgrün;Stadtgärtnerei;Werkhof;Werkdienst;Gemeindebetriebe;Friedhof;Parks;Sportanlagen;Schulanlagen;Forst;Liegenschaften;Strassenunterhalt;Arealpflege;Winterdienst,DISCOVERY_PENDING,,TO_DISCOVER,NOT_YET_AUDITED,"Puede publicar en portal propio, ATS compartido, cantón, Job-Room o agregador público."
PUB-CH-SO-MUN-2532,MUNICIPALITY,CH,SO,Solothurn,2532,Gemeinde/Stadt Subingen,Bezirk Wasseramt,1,GERMAN,NO,2,P1_URBAN_OR_INTERMEDIATE,Stadtgrün;Stadtgärtnerei;Werkhof;Werkdienst;Gemeindebetriebe;Friedhof;Parks;Sportanlagen;Schulanlagen;Forst;Liegenschaften;Strassenunterhalt;Arealpflege;Winterdienst,DISCOVERY_PENDING,,TO_DISCOVER,NOT_YET_AUDITED,"Puede publicar en portal propio, ATS compartido, cantón, Job-Room o agregador público."
PUB-CH-SO-MUN-2500,MUNICIPALITY,CH,SO,Solothurn,2500,Gemeinde/Stadt Trimbach,Bezirk Gösgen,1,GERMAN,NO,2,P1_URBAN_OR_INTERMEDIATE,Stadtgrün;Stadtgärtnerei;Werkhof;Werkdienst;Gemeindebetriebe;Friedhof;Parks;Sportanlagen;Schulanlagen;Forst;Liegenschaften;Strassenunterhalt;Arealpflege;Winterdienst,DISCOVERY_PENDING,,TO_DISCOVER,NOT_YET_AUDITED,"Puede publicar en portal propio, ATS compartido, cantón, Job-Room o agregador público."
PUB-CH-SO-MUN-2463,MUNICIPALITY,CH,SO,Solothurn,2463,Gemeinde/Stadt Unterramsern,Bezirk Bucheggberg,1,GERMAN,NO,3,P2_RURAL,Stadtgrün;Stadtgärtnerei;Werkhof;Werkdienst;Gemeindebetriebe;Friedhof;Parks;Sportanlagen;Schulanlagen;Forst;Liegenschaften;Strassenunterhalt;Arealpflege;Winterdienst,DISCOVERY_PENDING,,TO_DISCOVER,NOT_YET_AUDITED,"Puede publicar en portal propio, ATS compartido, cantón, Job-Room o agregador público."
PUB-CH-SO-MUN-2585,MUNICIPALITY,CH,SO,Solothurn,2585,Gemeinde/Stadt Walterswil (SO),Bezirk Olten,1,GERMAN,NO,3,P2_RURAL,Stadtgrün;Stadtgärtnerei;Werkhof;Werkdienst;Gemeindebetriebe;Friedhof;Parks;Sportanlagen;Schulanlagen;Forst;Liegenschaften;Strassenunterhalt;Arealpflege;Winterdienst,DISCOVERY_PENDING,,TO_DISCOVER,NOT_YET_AUDITED,"Puede publicar en portal propio, ATS compartido, cantón, Job-Room o agregador público."
PUB-CH-SO-MUN-2586,MUNICIPALITY,CH,SO,Solothurn,2586,Gemeinde/Stadt Wangen bei Olten,Bezirk Olten,1,GERMAN,NO,2,P1_URBAN_OR_INTERMEDIATE,Stadtgrün;Stadtgärtnerei;Werkhof;Werkdienst;Gemeindebetriebe;Friedhof;Parks;Sportanlagen;Schulanlagen;Forst;Liegenschaften;Strassenunterhalt;Arealpflege;Winterdienst,DISCOVERY_PENDING,,TO_DISCOVER,NOT_YET_AUDITED,"Puede publicar en portal propio, ATS compartido, cantón, Job-Room o agregador público."
PUB-CH-SO-MUN-2430,MUNICIPALITY,CH,SO,Solothurn,2430,Gemeinde/Stadt Welschenrohr-Gänsbrunnen,Bezirk Thal,1,GERMAN,NO,3,P2_RURAL,Stadtgrün;Stadtgärtnerei;Werkhof;Werkdienst;Gemeindebetriebe;Friedhof;Parks;Sportanlagen;Schulanlagen;Forst;Liegenschaften;Strassenunterhalt;Arealpflege;Winterdienst,DISCOVERY_PENDING,,TO_DISCOVER,NOT_YET_AUDITED,"Puede publicar en portal propio, ATS compartido, cantón, Job-Room o agregador público."
PUB-CH-SO-MUN-2501,MUNICIPALITY,CH,SO,Solothurn,2501,Gemeinde/Stadt Winznau,Bezirk Gösgen,1,GERMAN,NO,2,P1_URBAN_OR_INTERMEDIATE,Stadtgrün;Stadtgärtnerei;Werkhof;Werkdienst;Gemeindebetriebe;Friedhof;Parks;Sportanlagen;Schulanlagen;Forst;Liegenschaften;Strassenunterhalt;Arealpflege;Winterdienst,DISCOVERY_PENDING,,TO_DISCOVER,NOT_YET_AUDITED,"Puede publicar en portal propio, ATS compartido, cantón, Job-Room o agregador público."
PUB-CH-SO-MUN-2502,MUNICIPALITY,CH,SO,Solothurn,2502,Gemeinde/Stadt Wisen (SO),Bezirk Gösgen,1,GERMAN,NO,3,P2_RURAL,Stadtgrün;Stadtgärtnerei;Werkhof;Werkdienst;Gemeindebetriebe;Friedhof;Parks;Sportanlagen;Schulanlagen;Forst;Liegenschaften;Strassenunterhalt;Arealpflege;Winterdienst,DISCOVERY_PENDING,,TO_DISCOVER,NOT_YET_AUDITED,"Puede publicar en portal propio, ATS compartido, cantón, Job-Room o agregador público."
PUB-CH-SO-MUN-2481,MUNICIPALITY,CH,SO,Solothurn,2481,Gemeinde/Stadt Witterswil,Bezirk Dorneck,1,GERMAN,NO,2,P1_URBAN_OR_INTERMEDIATE,Stadtgrün;Stadtgärtnerei;Werkhof;Werkdienst;Gemeindebetriebe;Friedhof;Parks;Sportanlagen;Schulanlagen;Forst;Liegenschaften;Strassenunterhalt;Arealpflege;Winterdienst,DISCOVERY_PENDING,,TO_DISCOVER,NOT_YET_AUDITED,"Puede publicar en portal propio, ATS compartido, cantón, Job-Room o agregador público."
PUB-CH-SO-MUN-2408,MUNICIPALITY,CH,SO,Solothurn,2408,Gemeinde/Stadt Wolfwil,Bezirk Gäu,1,GERMAN,NO,2,P1_URBAN_OR_INTERMEDIATE,Stadtgrün;Stadtgärtnerei;Werkhof;Werkdienst;Gemeindebetriebe;Friedhof;Parks;Sportanlagen;Schulanlagen;Forst;Liegenschaften;Strassenunterhalt;Arealpflege;Winterdienst,DISCOVERY_PENDING,,TO_DISCOVER,NOT_YET_AUDITED,"Puede publicar en portal propio, ATS compartido, cantón, Job-Room o agregador público."
PUB-CH-SO-MUN-2534,MUNICIPALITY,CH,SO,Solothurn,2534,Gemeinde/Stadt Zuchwil,Bezirk Wasseramt,1,GERMAN,YES,2,P0_CITY,Stadtgrün;Stadtgärtnerei;Werkhof;Werkdienst;Gemeindebetriebe;Friedhof;Parks;Sportanlagen;Schulanlagen;Forst;Liegenschaften;Strassenunterhalt;Arealpflege;Winterdienst,DISCOVERY_PENDING,,TO_DISCOVER,NOT_YET_AUDITED,"Puede publicar en portal propio, ATS compartido, cantón, Job-Room o agregador público."
PUB-CH-SO-MUN-2622,MUNICIPALITY,CH,SO,Solothurn,2622,Gemeinde/Stadt Zullwil,Bezirk Thierstein,1,GERMAN,NO,3,P2_RURAL,Stadtgrün;Stadtgärtnerei;Werkhof;Werkdienst;Gemeindebetriebe;Friedhof;Parks;Sportanlagen;Schulanlagen;Forst;Liegenschaften;Strassenunterhalt;Arealpflege;Winterdienst,DISCOVERY_PENDING,,TO_DISCOVER,NOT_YET_AUDITED,"Puede publicar en portal propio, ATS compartido, cantón, Job-Room o agregador público."
PUB-CH-SZ-MUN-1361,MUNICIPALITY,CH,SZ,Schwyz,1361,Gemeinde/Stadt Alpthal,Bezirk Schwyz,1,GERMAN,NO,3,P2_RURAL,Stadtgrün;Stadtgärtnerei;Werkhof;Werkdienst;Gemeindebetriebe;Friedhof;Parks;Sportanlagen;Schulanlagen;Forst;Liegenschaften;Strassenunterhalt;Arealpflege;Winterdienst,DISCOVERY_PENDING,,TO_DISCOVER,NOT_YET_AUDITED,"Puede publicar en portal propio, ATS compartido, cantón, Job-Room o agregador público."
PUB-CH-SZ-MUN-1341,MUNICIPALITY,CH,SZ,Schwyz,1341,Gemeinde/Stadt Altendorf,Bezirk March,1,GERMAN,NO,2,P1_URBAN_OR_INTERMEDIATE,Stadtgrün;Stadtgärtnerei;Werkhof;Werkdienst;Gemeindebetriebe;Friedhof;Parks;Sportanlagen;Schulanlagen;Forst;Liegenschaften;Strassenunterhalt;Arealpflege;Winterdienst,DISCOVERY_PENDING,,TO_DISCOVER,NOT_YET_AUDITED,"Puede publicar en portal propio, ATS compartido, cantón, Job-Room o agregador público."
PUB-CH-SZ-MUN-1362,MUNICIPALITY,CH,SZ,Schwyz,1362,Gemeinde/Stadt Arth,Bezirk Schwyz,1,GERMAN,YES,2,P0_CITY,Stadtgrün;Stadtgärtnerei;Werkhof;Werkdienst;Gemeindebetriebe;Friedhof;Parks;Sportanlagen;Schulanlagen;Forst;Liegenschaften;Strassenunterhalt;Arealpflege;Winterdienst,DISCOVERY_PENDING,,TO_DISCOVER,NOT_YET_AUDITED,"Puede publicar en portal propio, ATS compartido, cantón, Job-Room o agregador público."
PUB-CH-SZ-MUN-1301,MUNICIPALITY,CH,SZ,Schwyz,1301,Gemeinde/Stadt Einsiedeln,Bezirk Einsiedeln,1,GERMAN,YES,2,P0_CITY,Stadtgrün;Stadtgärtnerei;Werkhof;Werkdienst;Gemeindebetriebe;Friedhof;Parks;Sportanlagen;Schulanlagen;Forst;Liegenschaften;Strassenunterhalt;Arealpflege;Winterdienst,DISCOVERY_PENDING,,TO_DISCOVER,NOT_YET_AUDITED,"Puede publicar en portal propio, ATS compartido, cantón, Job-Room o agregador público."
PUB-CH-SZ-MUN-1321,MUNICIPALITY,CH,SZ,Schwyz,1321,Gemeinde/Stadt Feusisberg,Bezirk Höfe,1,GERMAN,NO,2,P1_URBAN_OR_INTERMEDIATE,Stadtgrün;Stadtgärtnerei;Werkhof;Werkdienst;Gemeindebetriebe;Friedhof;Parks;Sportanlagen;Schulanlagen;Forst;Liegenschaften;Strassenunterhalt;Arealpflege;Winterdienst,DISCOVERY_PENDING,,TO_DISCOVER,NOT_YET_AUDITED,"Puede publicar en portal propio, ATS compartido, cantón, Job-Room o agregador público."
PUB-CH-SZ-MUN-1322,MUNICIPALITY,CH,SZ,Schwyz,1322,Gemeinde/Stadt Freienbach,Bezirk Höfe,1,GERMAN,YES,2,P0_CITY,Stadtgrün;Stadtgärtnerei;Werkhof;Werkdienst;Gemeindebetriebe;Friedhof;Parks;Sportanlagen;Schulanlagen;Forst;Liegenschaften;Strassenunterhalt;Arealpflege;Winterdienst,DISCOVERY_PENDING,,TO_DISCOVER,NOT_YET_AUDITED,"Puede publicar en portal propio, ATS compartido, cantón, Job-Room o agregador público."
PUB-CH-SZ-MUN-1342,MUNICIPALITY,CH,SZ,Schwyz,1342,Gemeinde/Stadt Galgenen,Bezirk March,1,GERMAN,NO,2,P1_URBAN_OR_INTERMEDIATE,Stadtgrün;Stadtgärtnerei;Werkhof;Werkdienst;Gemeindebetriebe;Friedhof;Parks;Sportanlagen;Schulanlagen;Forst;Liegenschaften;Strassenunterhalt;Arealpflege;Winterdienst,DISCOVERY_PENDING,,TO_DISCOVER,NOT_YET_AUDITED,"Puede publicar en portal propio, ATS compartido, cantón, Job-Room o agregador público."
PUB-CH-SZ-MUN-1311,MUNICIPALITY,CH,SZ,Schwyz,1311,Gemeinde/Stadt Gersau,Bezirk Gersau,1,GERMAN,NO,3,P2_RURAL,Stadtgrün;Stadtgärtnerei;Werkhof;Werkdienst;Gemeindebetriebe;Friedhof;Parks;Sportanlagen;Schulanlagen;Forst;Liegenschaften;Strassenunterhalt;Arealpflege;Winterdienst,DISCOVERY_PENDING,,TO_DISCOVER,NOT_YET_AUDITED,"Puede publicar en portal propio, ATS compartido, cantón, Job-Room o agregador público."
PUB-CH-SZ-MUN-1363,MUNICIPALITY,CH,SZ,Schwyz,1363,Gemeinde/Stadt Illgau,Bezirk Schwyz,1,GERMAN,NO,3,P2_RURAL,Stadtgrün;Stadtgärtnerei;Werkhof;Werkdienst;Gemeindebetriebe;Friedhof;Parks;Sportanlagen;Schulanlagen;Forst;Liegenschaften;Strassenunterhalt;Arealpflege;Winterdienst,DISCOVERY_PENDING,,TO_DISCOVER,NOT_YET_AUDITED,"Puede publicar en portal propio, ATS compartido, cantón, Job-Room o agregador público."
PUB-CH-SZ-MUN-1364,MUNICIPALITY,CH,SZ,Schwyz,1364,Gemeinde/Stadt Ingenbohl,Bezirk Schwyz,1,GERMAN,NO,2,P1_URBAN_OR_INTERMEDIATE,Stadtgrün;Stadtgärtnerei;Werkhof;Werkdienst;Gemeindebetriebe;Friedhof;Parks;Sportanlagen;Schulanlagen;Forst;Liegenschaften;Strassenunterhalt;Arealpflege;Winterdienst,DISCOVERY_PENDING,,TO_DISCOVER,NOT_YET_AUDITED,"Puede publicar en portal propio, ATS compartido, cantón, Job-Room o agregador público."
PUB-CH-SZ-MUN-1343,MUNICIPALITY,CH,SZ,Schwyz,1343,Gemeinde/Stadt Innerthal,Bezirk March,1,GERMAN,NO,3,P2_RURAL,Stadtgrün;Stadtgärtnerei;Werkhof;Werkdienst;Gemeindebetriebe;Friedhof;Parks;Sportanlagen;Schulanlagen;Forst;Liegenschaften;Strassenunterhalt;Arealpflege;Winterdienst,DISCOVERY_PENDING,,TO_DISCOVER,NOT_YET_AUDITED,"Puede publicar en portal propio, ATS compartido, cantón, Job-Room o agregador público."
PUB-CH-SZ-MUN-1331,MUNICIPALITY,CH,SZ,Schwyz,1331,Gemeinde/Stadt Küssnacht (SZ),Bezirk Küssnacht (SZ),1,GERMAN,YES,2,P0_CITY,Stadtgrün;Stadtgärtnerei;Werkhof;Werkdienst;Gemeindebetriebe;Friedhof;Parks;Sportanlagen;Schulanlagen;Forst;Liegenschaften;Strassenunterhalt;Arealpflege;Winterdienst,DISCOVERY_PENDING,,TO_DISCOVER,NOT_YET_AUDITED,"Puede publicar en portal propio, ATS compartido, cantón, Job-Room o agregador público."
PUB-CH-SZ-MUN-1344,MUNICIPALITY,CH,SZ,Schwyz,1344,Gemeinde/Stadt Lachen,Bezirk March,1,GERMAN,YES,2,P0_CITY,Stadtgrün;Stadtgärtnerei;Werkhof;Werkdienst;Gemeindebetriebe;Friedhof;Parks;Sportanlagen;Schulanlagen;Forst;Liegenschaften;Strassenunterhalt;Arealpflege;Winterdienst,DISCOVERY_PENDING,,TO_DISCOVER,NOT_YET_AUDITED,"Puede publicar en portal propio, ATS compartido, cantón, Job-Room o agregador público."
PUB-CH-SZ-MUN-1365,MUNICIPALITY,CH,SZ,Schwyz,1365,Gemeinde/Stadt Lauerz,Bezirk Schwyz,1,GERMAN,NO,3,P2_RURAL,Stadtgrün;Stadtgärtnerei;Werkhof;Werkdienst;Gemeindebetriebe;Friedhof;Parks;Sportanlagen;Schulanlagen;Forst;Liegenschaften;Strassenunterhalt;Arealpflege;Winterdienst,DISCOVERY_PENDING,,TO_DISCOVER,NOT_YET_AUDITED,"Puede publicar en portal propio, ATS compartido, cantón, Job-Room o agregador público."
PUB-CH-SZ-MUN-1366,MUNICIPALITY,CH,SZ,Schwyz,1366,Gemeinde/Stadt Morschach,Bezirk Schwyz,1,GERMAN,NO,2,P1_URBAN_OR_INTERMEDIATE,Stadtgrün;Stadtgärtnerei;Werkhof;Werkdienst;Gemeindebetriebe;Friedhof;Parks;Sportanlagen;Schulanlagen;Forst;Liegenschaften;Strassenunterhalt;Arealpflege;Winterdienst,DISCOVERY_PENDING,,TO_DISCOVER,NOT_YET_AUDITED,"Puede publicar en portal propio, ATS compartido, cantón, Job-Room o agregador público."
PUB-CH-SZ-MUN-1367,MUNICIPALITY,CH,SZ,Schwyz,1367,Gemeinde/Stadt Muotathal,Bezirk Schwyz,1,GERMAN,NO,3,P2_RURAL,Stadtgrün;Stadtgärtnerei;Werkhof;Werkdienst;Gemeindebetriebe;Friedhof;Parks;Sportanlagen;Schulanlagen;Forst;Liegenschaften;Strassenunterhalt;Arealpflege;Winterdienst,DISCOVERY_PENDING,,TO_DISCOVER,NOT_YET_AUDITED,"Puede publicar en portal propio, ATS compartido, cantón, Job-Room o agregador público."
PUB-CH-SZ-MUN-1368,MUNICIPALITY,CH,SZ,Schwyz,1368,Gemeinde/Stadt Oberiberg,Bezirk Schwyz,1,GERMAN,NO,3,P2_RURAL,Stadtgrün;Stadtgärtnerei;Werkhof;Werkdienst;Gemeindebetriebe;Friedhof;Parks;Sportanlagen;Schulanlagen;Forst;Liegenschaften;Strassenunterhalt;Arealpflege;Winterdienst,DISCOVERY_PENDING,,TO_DISCOVER,NOT_YET_AUDITED,"Puede publicar en portal propio, ATS compartido, cantón, Job-Room o agregador público."
PUB-CH-SZ-MUN-1345,MUNICIPALITY,CH,SZ,Schwyz,1345,Gemeinde/Stadt Reichenburg,Bezirk March,1,GERMAN,NO,2,P1_URBAN_OR_INTERMEDIATE,Stadtgrün;Stadtgärtnerei;Werkhof;Werkdienst;Gemeindebetriebe;Friedhof;Parks;Sportanlagen;Schulanlagen;Forst;Liegenschaften;Strassenunterhalt;Arealpflege;Winterdienst,DISCOVERY_PENDING,,TO_DISCOVER,NOT_YET_AUDITED,"Puede publicar en portal propio, ATS compartido, cantón, Job-Room o agregador público."
PUB-CH-SZ-MUN-1369,MUNICIPALITY,CH,SZ,Schwyz,1369,Gemeinde/Stadt Riemenstalden,Bezirk Schwyz,1,GERMAN,NO,3,P2_RURAL,Stadtgrün;Stadtgärtnerei;Werkhof;Werkdienst;Gemeindebetriebe;Friedhof;Parks;Sportanlagen;Schulanlagen;Forst;Liegenschaften;Strassenunterhalt;Arealpflege;Winterdienst,DISCOVERY_PENDING,,TO_DISCOVER,NOT_YET_AUDITED,"Puede publicar en portal propio, ATS compartido, cantón, Job-Room o agregador público."
PUB-CH-SZ-MUN-1370,MUNICIPALITY,CH,SZ,Schwyz,1370,Gemeinde/Stadt Rothenthurm,Bezirk Schwyz,1,GERMAN,NO,3,P2_RURAL,Stadtgrün;Stadtgärtnerei;Werkhof;Werkdienst;Gemeindebetriebe;Friedhof;Parks;Sportanlagen;Schulanlagen;Forst;Liegenschaften;Strassenunterhalt;Arealpflege;Winterdienst,DISCOVERY_PENDING,,TO_DISCOVER,NOT_YET_AUDITED,"Puede publicar en portal propio, ATS compartido, cantón, Job-Room o agregador público."
PUB-CH-SZ-MUN-1371,MUNICIPALITY,CH,SZ,Schwyz,1371,Gemeinde/Stadt Sattel,Bezirk Schwyz,1,GERMAN,NO,3,P2_RURAL,Stadtgrün;Stadtgärtnerei;Werkhof;Werkdienst;Gemeindebetriebe;Friedhof;Parks;Sportanlagen;Schulanlagen;Forst;Liegenschaften;Strassenunterhalt;Arealpflege;Winterdienst,DISCOVERY_PENDING,,TO_DISCOVER,NOT_YET_AUDITED,"Puede publicar en portal propio, ATS compartido, cantón, Job-Room o agregador público."
PUB-CH-SZ-MUN-1372,MUNICIPALITY,CH,SZ,Schwyz,1372,Gemeinde/Stadt Schwyz,Bezirk Schwyz,1,GERMAN,YES,2,P0_CITY,Stadtgrün;Stadtgärtnerei;Werkhof;Werkdienst;Gemeindebetriebe;Friedhof;Parks;Sportanlagen;Schulanlagen;Forst;Liegenschaften;Strassenunterhalt;Arealpflege;Winterdienst,DISCOVERY_PENDING,,TO_DISCOVER,NOT_YET_AUDITED,"Puede publicar en portal propio, ATS compartido, cantón, Job-Room o agregador público."
PUB-CH-SZ-MUN-1346,MUNICIPALITY,CH,SZ,Schwyz,1346,Gemeinde/Stadt Schübelbach,Bezirk March,1,GERMAN,NO,2,P1_URBAN_OR_INTERMEDIATE,Stadtgrün;Stadtgärtnerei;Werkhof;Werkdienst;Gemeindebetriebe;Friedhof;Parks;Sportanlagen;Schulanlagen;Forst;Liegenschaften;Strassenunterhalt;Arealpflege;Winterdienst,DISCOVERY_PENDING,,TO_DISCOVER,NOT_YET_AUDITED,"Puede publicar en portal propio, ATS compartido, cantón, Job-Room o agregador público."
PUB-CH-SZ-MUN-1373,MUNICIPALITY,CH,SZ,Schwyz,1373,Gemeinde/Stadt Steinen,Bezirk Schwyz,1,GERMAN,NO,3,P2_RURAL,Stadtgrün;Stadtgärtnerei;Werkhof;Werkdienst;Gemeindebetriebe;Friedhof;Parks;Sportanlagen;Schulanlagen;Forst;Liegenschaften;Strassenunterhalt;Arealpflege;Winterdienst,DISCOVERY_PENDING,,TO_DISCOVER,NOT_YET_AUDITED,"Puede publicar en portal propio, ATS compartido, cantón, Job-Room o agregador público."
PUB-CH-SZ-MUN-1374,MUNICIPALITY,CH,SZ,Schwyz,1374,Gemeinde/Stadt Steinerberg,Bezirk Schwyz,1,GERMAN,NO,3,P2_RURAL,Stadtgrün;Stadtgärtnerei;Werkhof;Werkdienst;Gemeindebetriebe;Friedhof;Parks;Sportanlagen;Schulanlagen;Forst;Liegenschaften;Strassenunterhalt;Arealpflege;Winterdienst,DISCOVERY_PENDING,,TO_DISCOVER,NOT_YET_AUDITED,"Puede publicar en portal propio, ATS compartido, cantón, Job-Room o agregador público."
PUB-CH-SZ-MUN-1347,MUNICIPALITY,CH,SZ,Schwyz,1347,Gemeinde/Stadt Tuggen,Bezirk March,1,GERMAN,NO,3,P2_RURAL,Stadtgrün;Stadtgärtnerei;Werkhof;Werkdienst;Gemeindebetriebe;Friedhof;Parks;Sportanlagen;Schulanlagen;Forst;Liegenschaften;Strassenunterhalt;Arealpflege;Winterdienst,DISCOVERY_PENDING,,TO_DISCOVER,NOT_YET_AUDITED,"Puede publicar en portal propio, ATS compartido, cantón, Job-Room o agregador público."
PUB-CH-SZ-MUN-1375,MUNICIPALITY,CH,SZ,Schwyz,1375,Gemeinde/Stadt Unteriberg,Bezirk Schwyz,1,GERMAN,NO,3,P2_RURAL,Stadtgrün;Stadtgärtnerei;Werkhof;Werkdienst;Gemeindebetriebe;Friedhof;Parks;Sportanlagen;Schulanlagen;Forst;Liegenschaften;Strassenunterhalt;Arealpflege;Winterdienst,DISCOVERY_PENDING,,TO_DISCOVER,NOT_YET_AUDITED,"Puede publicar en portal propio, ATS compartido, cantón, Job-Room o agregador público."
PUB-CH-SZ-MUN-1348,MUNICIPALITY,CH,SZ,Schwyz,1348,Gemeinde/Stadt Vorderthal,Bezirk March,1,GERMAN,NO,3,P2_RURAL,Stadtgrün;Stadtgärtnerei;Werkhof;Werkdienst;Gemeindebetriebe;Friedhof;Parks;Sportanlagen;Schulanlagen;Forst;Liegenschaften;Strassenunterhalt;Arealpflege;Winterdienst,DISCOVERY_PENDING,,TO_DISCOVER,NOT_YET_AUDITED,"Puede publicar en portal propio, ATS compartido, cantón, Job-Room o agregador público."
PUB-CH-SZ-MUN-1349,MUNICIPALITY,CH,SZ,Schwyz,1349,Gemeinde/Stadt Wangen (SZ),Bezirk March,1,GERMAN,NO,2,P1_URBAN_OR_INTERMEDIATE,Stadtgrün;Stadtgärtnerei;Werkhof;Werkdienst;Gemeindebetriebe;Friedhof;Parks;Sportanlagen;Schulanlagen;Forst;Liegenschaften;Strassenunterhalt;Arealpflege;Winterdienst,DISCOVERY_PENDING,,TO_DISCOVER,NOT_YET_AUDITED,"Puede publicar en portal propio, ATS compartido, cantón, Job-Room o agregador público."
PUB-CH-SZ-MUN-1323,MUNICIPALITY,CH,SZ,Schwyz,1323,Gemeinde/Stadt Wollerau,Bezirk Höfe,1,GERMAN,NO,2,P1_URBAN_OR_INTERMEDIATE,Stadtgrün;Stadtgärtnerei;Werkhof;Werkdienst;Gemeindebetriebe;Friedhof;Parks;Sportanlagen;Schulanlagen;Forst;Liegenschaften;Strassenunterhalt;Arealpflege;Winterdienst,DISCOVERY_PENDING,,TO_DISCOVER,NOT_YET_AUDITED,"Puede publicar en portal propio, ATS compartido, cantón, Job-Room o agregador público."
PUB-CH-TG-MUN-4551,MUNICIPALITY,CH,TG,Thurgau,4551,Gemeinde/Stadt Aadorf,Bezirk Münchwilen,1,GERMAN,NO,2,P1_URBAN_OR_INTERMEDIATE,Stadtgrün;Stadtgärtnerei;Werkhof;Werkdienst;Gemeindebetriebe;Friedhof;Parks;Sportanlagen;Schulanlagen;Forst;Liegenschaften;Strassenunterhalt;Arealpflege;Winterdienst,DISCOVERY_PENDING,,TO_DISCOVER,NOT_YET_AUDITED,"Puede publicar en portal propio, ATS compartido, cantón, Job-Room o agregador público."
PUB-CH-TG-MUN-4711,MUNICIPALITY,CH,TG,Thurgau,4711,Gemeinde/Stadt Affeltrangen,Bezirk Weinfelden,1,GERMAN,NO,3,P2_RURAL,Stadtgrün;Stadtgärtnerei;Werkhof;Werkdienst;Gemeindebetriebe;Friedhof;Parks;Sportanlagen;Schulanlagen;Forst;Liegenschaften;Strassenunterhalt;Arealpflege;Winterdienst,DISCOVERY_PENDING,,TO_DISCOVER,NOT_YET_AUDITED,"Puede publicar en portal propio, ATS compartido, cantón, Job-Room o agregador público."
PUB-CH-TG-MUN-4641,MUNICIPALITY,CH,TG,Thurgau,4641,Gemeinde/Stadt Altnau,Bezirk Kreuzlingen,1,GERMAN,NO,2,P1_URBAN_OR_INTERMEDIATE,Stadtgrün;Stadtgärtnerei;Werkhof;Werkdienst;Gemeindebetriebe;Friedhof;Parks;Sportanlagen;Schulanlagen;Forst;Liegenschaften;Strassenunterhalt;Arealpflege;Winterdienst,DISCOVERY_PENDING,,TO_DISCOVER,NOT_YET_AUDITED,"Puede publicar en portal propio, ATS compartido, cantón, Job-Room o agregador público."
PUB-CH-TG-MUN-4881,MUNICIPALITY,CH,TG,Thurgau,4881,Gemeinde/Stadt Amlikon-Bissegg,Bezirk Weinfelden,1,GERMAN,NO,3,P2_RURAL,Stadtgrün;Stadtgärtnerei;Werkhof;Werkdienst;Gemeindebetriebe;Friedhof;Parks;Sportanlagen;Schulanlagen;Forst;Liegenschaften;Strassenunterhalt;Arealpflege;Winterdienst,DISCOVERY_PENDING,,TO_DISCOVER,NOT_YET_AUDITED,"Puede publicar en portal propio, ATS compartido, cantón, Job-Room o agregador público."
PUB-CH-TG-MUN-4461,MUNICIPALITY,CH,TG,Thurgau,4461,Gemeinde/Stadt Amriswil,Bezirk Arbon,1,GERMAN,YES,2,P0_CITY,Stadtgrün;Stadtgärtnerei;Werkhof;Werkdienst;Gemeindebetriebe;Friedhof;Parks;Sportanlagen;Schulanlagen;Forst;Liegenschaften;Strassenunterhalt;Arealpflege;Winterdienst,DISCOVERY_PENDING,,TO_DISCOVER,NOT_YET_AUDITED,"Puede publicar en portal propio, ATS compartido, cantón, Job-Room o agregador público."
PUB-CH-TG-MUN-4401,MUNICIPALITY,CH,TG,Thurgau,4401,Gemeinde/Stadt Arbon,Bezirk Arbon,1,GERMAN,YES,2,P0_CITY,Stadtgrün;Stadtgärtnerei;Werkhof;Werkdienst;Gemeindebetriebe;Friedhof;Parks;Sportanlagen;Schulanlagen;Forst;Liegenschaften;Strassenunterhalt;Arealpflege;Winterdienst,DISCOVERY_PENDING,,TO_DISCOVER,NOT_YET_AUDITED,"Puede publicar en portal propio, ATS compartido, cantón, Job-Room o agregador público."
PUB-CH-TG-MUN-4536,MUNICIPALITY,CH,TG,Thurgau,4536,Gemeinde/Stadt Basadingen-Schlattingen,Bezirk Frauenfeld,1,GERMAN,NO,3,P2_RURAL,Stadtgrün;Stadtgärtnerei;Werkhof;Werkdienst;Gemeindebetriebe;Friedhof;Parks;Sportanlagen;Schulanlagen;Forst;Liegenschaften;Strassenunterhalt;Arealpflege;Winterdienst,DISCOVERY_PENDING,,TO_DISCOVER,NOT_YET_AUDITED,"Puede publicar en portal propio, ATS compartido, cantón, Job-Room o agregador público."
PUB-CH-TG-MUN-4891,MUNICIPALITY,CH,TG,Thurgau,4891,Gemeinde/Stadt Berg (TG),Bezirk Weinfelden,1,GERMAN,NO,3,P2_RURAL,Stadtgrün;Stadtgärtnerei;Werkhof;Werkdienst;Gemeindebetriebe;Friedhof;Parks;Sportanlagen;Schulanlagen;Forst;Liegenschaften;Strassenunterhalt;Arealpflege;Winterdienst,DISCOVERY_PENDING,,TO_DISCOVER,NOT_YET_AUDITED,"Puede publicar en portal propio, ATS compartido, cantón, Job-Room o agregador público."
PUB-CH-TG-MUN-4801,MUNICIPALITY,CH,TG,Thurgau,4801,Gemeinde/Stadt Berlingen,Bezirk Frauenfeld,1,GERMAN,NO,2,P1_URBAN_OR_INTERMEDIATE,Stadtgrün;Stadtgärtnerei;Werkhof;Werkdienst;Gemeindebetriebe;Friedhof;Parks;Sportanlagen;Schulanlagen;Forst;Liegenschaften;Strassenunterhalt;Arealpflege;Winterdienst,DISCOVERY_PENDING,,TO_DISCOVER,NOT_YET_AUDITED,"Puede publicar en portal propio, ATS compartido, cantón, Job-Room o agregador público."
PUB-CH-TG-MUN-4716,MUNICIPALITY,CH,TG,Thurgau,4716,Gemeinde/Stadt Bettwiesen,Bezirk Münchwilen,1,GERMAN,NO,2,P1_URBAN_OR_INTERMEDIATE,Stadtgrün;Stadtgärtnerei;Werkhof;Werkdienst;Gemeindebetriebe;Friedhof;Parks;Sportanlagen;Schulanlagen;Forst;Liegenschaften;Strassenunterhalt;Arealpflege;Winterdienst,DISCOVERY_PENDING,,TO_DISCOVER,NOT_YET_AUDITED,"Puede publicar en portal propio, ATS compartido, cantón, Job-Room o agregador público."
PUB-CH-TG-MUN-4721,MUNICIPALITY,CH,TG,Thurgau,4721,Gemeinde/Stadt Bichelsee-Balterswil,Bezirk Münchwilen,1,GERMAN,NO,2,P1_URBAN_OR_INTERMEDIATE,Stadtgrün;Stadtgärtnerei;Werkhof;Werkdienst;Gemeindebetriebe;Friedhof;Parks;Sportanlagen;Schulanlagen;Forst;Liegenschaften;Strassenunterhalt;Arealpflege;Winterdienst,DISCOVERY_PENDING,,TO_DISCOVER,NOT_YET_AUDITED,"Puede publicar en portal propio, ATS compartido, cantón, Job-Room o agregador público."
PUB-CH-TG-MUN-4901,MUNICIPALITY,CH,TG,Thurgau,4901,Gemeinde/Stadt Birwinken,Bezirk Weinfelden,1,GERMAN,NO,3,P2_RURAL,Stadtgrün;Stadtgärtnerei;Werkhof;Werkdienst;Gemeindebetriebe;Friedhof;Parks;Sportanlagen;Schulanlagen;Forst;Liegenschaften;Strassenunterhalt;Arealpflege;Winterdienst,DISCOVERY_PENDING,,TO_DISCOVER,NOT_YET_AUDITED,"Puede publicar en portal propio, ATS compartido, cantón, Job-Room o agregador público."
PUB-CH-TG-MUN-4471,MUNICIPALITY,CH,TG,Thurgau,4471,Gemeinde/Stadt Bischofszell,Bezirk Weinfelden,1,GERMAN,NO,2,P1_URBAN_OR_INTERMEDIATE,Stadtgrün;Stadtgärtnerei;Werkhof;Werkdienst;Gemeindebetriebe;Friedhof;Parks;Sportanlagen;Schulanlagen;Forst;Liegenschaften;Strassenunterhalt;Arealpflege;Winterdienst,DISCOVERY_PENDING,,TO_DISCOVER,NOT_YET_AUDITED,"Puede publicar en portal propio, ATS compartido, cantón, Job-Room o agregador público."
PUB-CH-TG-MUN-4643,MUNICIPALITY,CH,TG,Thurgau,4643,Gemeinde/Stadt Bottighofen,Bezirk Kreuzlingen,1,GERMAN,NO,1,P1_URBAN_OR_INTERMEDIATE,Stadtgrün;Stadtgärtnerei;Werkhof;Werkdienst;Gemeindebetriebe;Friedhof;Parks;Sportanlagen;Schulanlagen;Forst;Liegenschaften;Strassenunterhalt;Arealpflege;Winterdienst,DISCOVERY_PENDING,,TO_DISCOVER,NOT_YET_AUDITED,"Puede publicar en portal propio, ATS compartido, cantón, Job-Room o agregador público."
PUB-CH-TG-MUN-4723,MUNICIPALITY,CH,TG,Thurgau,4723,Gemeinde/Stadt Braunau,Bezirk Münchwilen,1,GERMAN,NO,3,P2_RURAL,Stadtgrün;Stadtgärtnerei;Werkhof;Werkdienst;Gemeindebetriebe;Friedhof;Parks;Sportanlagen;Schulanlagen;Forst;Liegenschaften;Strassenunterhalt;Arealpflege;Winterdienst,DISCOVERY_PENDING,,TO_DISCOVER,NOT_YET_AUDITED,"Puede publicar en portal propio, ATS compartido, cantón, Job-Room o agregador público."
PUB-CH-TG-MUN-4921,MUNICIPALITY,CH,TG,Thurgau,4921,Gemeinde/Stadt Bussnang,Bezirk Weinfelden,1,GERMAN,NO,3,P2_RURAL,Stadtgrün;Stadtgärtnerei;Werkhof;Werkdienst;Gemeindebetriebe;Friedhof;Parks;Sportanlagen;Schulanlagen;Forst;Liegenschaften;Strassenunterhalt;Arealpflege;Winterdienst,DISCOVERY_PENDING,,TO_DISCOVER,NOT_YET_AUDITED,"Puede publicar en portal propio, ATS compartido, cantón, Job-Room o agregador público."
PUB-CH-TG-MUN-4911,MUNICIPALITY,CH,TG,Thurgau,4911,Gemeinde/Stadt Bürglen (TG),Bezirk Weinfelden,1,GERMAN,NO,2,P1_URBAN_OR_INTERMEDIATE,Stadtgrün;Stadtgärtnerei;Werkhof;Werkdienst;Gemeindebetriebe;Friedhof;Parks;Sportanlagen;Schulanlagen;Forst;Liegenschaften;Strassenunterhalt;Arealpflege;Winterdienst,DISCOVERY_PENDING,,TO_DISCOVER,NOT_YET_AUDITED,"Puede publicar en portal propio, ATS compartido, cantón, Job-Room o agregador público."
PUB-CH-TG-MUN-4545,MUNICIPALITY,CH,TG,Thurgau,4545,Gemeinde/Stadt Diessenhofen,Bezirk Frauenfeld,1,GERMAN,NO,2,P1_URBAN_OR_INTERMEDIATE,Stadtgrün;Stadtgärtnerei;Werkhof;Werkdienst;Gemeindebetriebe;Friedhof;Parks;Sportanlagen;Schulanlagen;Forst;Liegenschaften;Strassenunterhalt;Arealpflege;Winterdienst,DISCOVERY_PENDING,,TO_DISCOVER,NOT_YET_AUDITED,"Puede publicar en portal propio, ATS compartido, cantón, Job-Room o agregador público."
PUB-CH-TG-MUN-4406,MUNICIPALITY,CH,TG,Thurgau,4406,Gemeinde/Stadt Dozwil,Bezirk Arbon,1,GERMAN,NO,2,P1_URBAN_OR_INTERMEDIATE,Stadtgrün;Stadtgärtnerei;Werkhof;Werkdienst;Gemeindebetriebe;Friedhof;Parks;Sportanlagen;Schulanlagen;Forst;Liegenschaften;Strassenunterhalt;Arealpflege;Winterdienst,DISCOVERY_PENDING,,TO_DISCOVER,NOT_YET_AUDITED,"Puede publicar en portal propio, ATS compartido, cantón, Job-Room o agregador público."
PUB-CH-TG-MUN-4411,MUNICIPALITY,CH,TG,Thurgau,4411,Gemeinde/Stadt Egnach,Bezirk Arbon,1,GERMAN,NO,2,P1_URBAN_OR_INTERMEDIATE,Stadtgrün;Stadtgärtnerei;Werkhof;Werkdienst;Gemeindebetriebe;Friedhof;Parks;Sportanlagen;Schulanlagen;Forst;Liegenschaften;Strassenunterhalt;Arealpflege;Winterdienst,DISCOVERY_PENDING,,TO_DISCOVER,NOT_YET_AUDITED,"Puede publicar en portal propio, ATS compartido, cantón, Job-Room o agregador público."
PUB-CH-TG-MUN-4476,MUNICIPALITY,CH,TG,Thurgau,4476,Gemeinde/Stadt Erlen,Bezirk Weinfelden,1,GERMAN,NO,2,P1_URBAN_OR_INTERMEDIATE,Stadtgrün;Stadtgärtnerei;Werkhof;Werkdienst;Gemeindebetriebe;Friedhof;Parks;Sportanlagen;Schulanlagen;Forst;Liegenschaften;Strassenunterhalt;Arealpflege;Winterdienst,DISCOVERY_PENDING,,TO_DISCOVER,NOT_YET_AUDITED,"Puede publicar en portal propio, ATS compartido, cantón, Job-Room o agregador público."
PUB-CH-TG-MUN-4646,MUNICIPALITY,CH,TG,Thurgau,4646,Gemeinde/Stadt Ermatingen,Bezirk Kreuzlingen,1,GERMAN,NO,2,P1_URBAN_OR_INTERMEDIATE,Stadtgrün;Stadtgärtnerei;Werkhof;Werkdienst;Gemeindebetriebe;Friedhof;Parks;Sportanlagen;Schulanlagen;Forst;Liegenschaften;Strassenunterhalt;Arealpflege;Winterdienst,DISCOVERY_PENDING,,TO_DISCOVER,NOT_YET_AUDITED,"Puede publicar en portal propio, ATS compartido, cantón, Job-Room o agregador público."
PUB-CH-TG-MUN-4806,MUNICIPALITY,CH,TG,Thurgau,4806,Gemeinde/Stadt Eschenz,Bezirk Frauenfeld,1,GERMAN,NO,2,P1_URBAN_OR_INTERMEDIATE,Stadtgrün;Stadtgärtnerei;Werkhof;Werkdienst;Gemeindebetriebe;Friedhof;Parks;Sportanlagen;Schulanlagen;Forst;Liegenschaften;Strassenunterhalt;Arealpflege;Winterdienst,DISCOVERY_PENDING,,TO_DISCOVER,NOT_YET_AUDITED,"Puede publicar en portal propio, ATS compartido, cantón, Job-Room o agregador público."
PUB-CH-TG-MUN-4724,MUNICIPALITY,CH,TG,Thurgau,4724,Gemeinde/Stadt Eschlikon,Bezirk Münchwilen,1,GERMAN,NO,2,P1_URBAN_OR_INTERMEDIATE,Stadtgrün;Stadtgärtnerei;Werkhof;Werkdienst;Gemeindebetriebe;Friedhof;Parks;Sportanlagen;Schulanlagen;Forst;Liegenschaften;Strassenunterhalt;Arealpflege;Winterdienst,DISCOVERY_PENDING,,TO_DISCOVER,NOT_YET_AUDITED,"Puede publicar en portal propio, ATS compartido, cantón, Job-Room o agregador público."
PUB-CH-TG-MUN-4561,MUNICIPALITY,CH,TG,Thurgau,4561,Gemeinde/Stadt Felben-Wellhausen,Bezirk Frauenfeld,1,GERMAN,NO,3,P2_RURAL,Stadtgrün;Stadtgärtnerei;Werkhof;Werkdienst;Gemeindebetriebe;Friedhof;Parks;Sportanlagen;Schulanlagen;Forst;Liegenschaften;Strassenunterhalt;Arealpflege;Winterdienst,DISCOVERY_PENDING,,TO_DISCOVER,NOT_YET_AUDITED,"Puede publicar en portal propio, ATS compartido, cantón, Job-Room o agregador público."
PUB-CH-TG-MUN-4726,MUNICIPALITY,CH,TG,Thurgau,4726,Gemeinde/Stadt Fischingen,Bezirk Münchwilen,1,GERMAN,NO,3,P2_RURAL,Stadtgrün;Stadtgärtnerei;Werkhof;Werkdienst;Gemeindebetriebe;Friedhof;Parks;Sportanlagen;Schulanlagen;Forst;Liegenschaften;Strassenunterhalt;Arealpflege;Winterdienst,DISCOVERY_PENDING,,TO_DISCOVER,NOT_YET_AUDITED,"Puede publicar en portal propio, ATS compartido, cantón, Job-Room o agregador público."
PUB-CH-TG-MUN-4566,MUNICIPALITY,CH,TG,Thurgau,4566,Gemeinde/Stadt Frauenfeld,Bezirk Frauenfeld,1,GERMAN,YES,2,P0_CITY,Stadtgrün;Stadtgärtnerei;Werkhof;Werkdienst;Gemeindebetriebe;Friedhof;Parks;Sportanlagen;Schulanlagen;Forst;Liegenschaften;Strassenunterhalt;Arealpflege;Winterdienst,DISCOVERY_PENDING,,TO_DISCOVER,NOT_YET_AUDITED,"Puede publicar en portal propio, ATS compartido, cantón, Job-Room o agregador público."
PUB-CH-TG-MUN-4571,MUNICIPALITY,CH,TG,Thurgau,4571,Gemeinde/Stadt Gachnang,Bezirk Frauenfeld,1,GERMAN,NO,2,P1_URBAN_OR_INTERMEDIATE,Stadtgrün;Stadtgärtnerei;Werkhof;Werkdienst;Gemeindebetriebe;Friedhof;Parks;Sportanlagen;Schulanlagen;Forst;Liegenschaften;Strassenunterhalt;Arealpflege;Winterdienst,DISCOVERY_PENDING,,TO_DISCOVER,NOT_YET_AUDITED,"Puede publicar en portal propio, ATS compartido, cantón, Job-Room o agregador público."
PUB-CH-TG-MUN-4651,MUNICIPALITY,CH,TG,Thurgau,4651,Gemeinde/Stadt Gottlieben,Bezirk Kreuzlingen,1,GERMAN,NO,2,P1_URBAN_OR_INTERMEDIATE,Stadtgrün;Stadtgärtnerei;Werkhof;Werkdienst;Gemeindebetriebe;Friedhof;Parks;Sportanlagen;Schulanlagen;Forst;Liegenschaften;Strassenunterhalt;Arealpflege;Winterdienst,DISCOVERY_PENDING,,TO_DISCOVER,NOT_YET_AUDITED,"Puede publicar en portal propio, ATS compartido, cantón, Job-Room o agregador público."
PUB-CH-TG-MUN-4656,MUNICIPALITY,CH,TG,Thurgau,4656,Gemeinde/Stadt Güttingen,Bezirk Kreuzlingen,1,GERMAN,NO,3,P2_RURAL,Stadtgrün;Stadtgärtnerei;Werkhof;Werkdienst;Gemeindebetriebe;Friedhof;Parks;Sportanlagen;Schulanlagen;Forst;Liegenschaften;Strassenunterhalt;Arealpflege;Winterdienst,DISCOVERY_PENDING,,TO_DISCOVER,NOT_YET_AUDITED,"Puede publicar en portal propio, ATS compartido, cantón, Job-Room o agregador público."
PUB-CH-TG-MUN-4486,MUNICIPALITY,CH,TG,Thurgau,4486,Gemeinde/Stadt Hauptwil-Gottshaus,Bezirk Weinfelden,1,GERMAN,NO,2,P1_URBAN_OR_INTERMEDIATE,Stadtgrün;Stadtgärtnerei;Werkhof;Werkdienst;Gemeindebetriebe;Friedhof;Parks;Sportanlagen;Schulanlagen;Forst;Liegenschaften;Strassenunterhalt;Arealpflege;Winterdienst,DISCOVERY_PENDING,,TO_DISCOVER,NOT_YET_AUDITED,"Puede publicar en portal propio, ATS compartido, cantón, Job-Room o agregador público."
PUB-CH-TG-MUN-4416,MUNICIPALITY,CH,TG,Thurgau,4416,Gemeinde/Stadt Hefenhofen,Bezirk Arbon,1,GERMAN,NO,2,P1_URBAN_OR_INTERMEDIATE,Stadtgrün;Stadtgärtnerei;Werkhof;Werkdienst;Gemeindebetriebe;Friedhof;Parks;Sportanlagen;Schulanlagen;Forst;Liegenschaften;Strassenunterhalt;Arealpflege;Winterdienst,DISCOVERY_PENDING,,TO_DISCOVER,NOT_YET_AUDITED,"Puede publicar en portal propio, ATS compartido, cantón, Job-Room o agregador público."
PUB-CH-TG-MUN-4811,MUNICIPALITY,CH,TG,Thurgau,4811,Gemeinde/Stadt Herdern,Bezirk Frauenfeld,1,GERMAN,NO,3,P2_RURAL,Stadtgrün;Stadtgärtnerei;Werkhof;Werkdienst;Gemeindebetriebe;Friedhof;Parks;Sportanlagen;Schulanlagen;Forst;Liegenschaften;Strassenunterhalt;Arealpflege;Winterdienst,DISCOVERY_PENDING,,TO_DISCOVER,NOT_YET_AUDITED,"Puede publicar en portal propio, ATS compartido, cantón, Job-Room o agregador público."
PUB-CH-TG-MUN-4495,MUNICIPALITY,CH,TG,Thurgau,4495,Gemeinde/Stadt Hohentannen,Bezirk Weinfelden,1,GERMAN,NO,3,P2_RURAL,Stadtgrün;Stadtgärtnerei;Werkhof;Werkdienst;Gemeindebetriebe;Friedhof;Parks;Sportanlagen;Schulanlagen;Forst;Liegenschaften;Strassenunterhalt;Arealpflege;Winterdienst,DISCOVERY_PENDING,,TO_DISCOVER,NOT_YET_AUDITED,"Puede publicar en portal propio, ATS compartido, cantón, Job-Room o agregador público."
PUB-CH-TG-MUN-4816,MUNICIPALITY,CH,TG,Thurgau,4816,Gemeinde/Stadt Homburg,Bezirk Frauenfeld,1,GERMAN,NO,3,P2_RURAL,Stadtgrün;Stadtgärtnerei;Werkhof;Werkdienst;Gemeindebetriebe;Friedhof;Parks;Sportanlagen;Schulanlagen;Forst;Liegenschaften;Strassenunterhalt;Arealpflege;Winterdienst,DISCOVERY_PENDING,,TO_DISCOVER,NOT_YET_AUDITED,"Puede publicar en portal propio, ATS compartido, cantón, Job-Room o agregador público."
PUB-CH-TG-MUN-4421,MUNICIPALITY,CH,TG,Thurgau,4421,Gemeinde/Stadt Horn,Bezirk Arbon,1,GERMAN,NO,2,P1_URBAN_OR_INTERMEDIATE,Stadtgrün;Stadtgärtnerei;Werkhof;Werkdienst;Gemeindebetriebe;Friedhof;Parks;Sportanlagen;Schulanlagen;Forst;Liegenschaften;Strassenunterhalt;Arealpflege;Winterdienst,DISCOVERY_PENDING,,TO_DISCOVER,NOT_YET_AUDITED,"Puede publicar en portal propio, ATS compartido, cantón, Job-Room o agregador público."
PUB-CH-TG-MUN-4590,MUNICIPALITY,CH,TG,Thurgau,4590,Gemeinde/Stadt Hüttlingen,Bezirk Frauenfeld,1,GERMAN,NO,3,P2_RURAL,Stadtgrün;Stadtgärtnerei;Werkhof;Werkdienst;Gemeindebetriebe;Friedhof;Parks;Sportanlagen;Schulanlagen;Forst;Liegenschaften;Strassenunterhalt;Arealpflege;Winterdienst,DISCOVERY_PENDING,,TO_DISCOVER,NOT_YET_AUDITED,"Puede publicar en portal propio, ATS compartido, cantón, Job-Room o agregador público."
PUB-CH-TG-MUN-4821,MUNICIPALITY,CH,TG,Thurgau,4821,Gemeinde/Stadt Hüttwilen,Bezirk Frauenfeld,1,GERMAN,NO,3,P2_RURAL,Stadtgrün;Stadtgärtnerei;Werkhof;Werkdienst;Gemeindebetriebe;Friedhof;Parks;Sportanlagen;Schulanlagen;Forst;Liegenschaften;Strassenunterhalt;Arealpflege;Winterdienst,DISCOVERY_PENDING,,TO_DISCOVER,NOT_YET_AUDITED,"Puede publicar en portal propio, ATS compartido, cantón, Job-Room o agregador público."
PUB-CH-TG-MUN-4666,MUNICIPALITY,CH,TG,Thurgau,4666,Gemeinde/Stadt Kemmental,Bezirk Kreuzlingen,1,GERMAN,NO,3,P2_RURAL,Stadtgrün;Stadtgärtnerei;Werkhof;Werkdienst;Gemeindebetriebe;Friedhof;Parks;Sportanlagen;Schulanlagen;Forst;Liegenschaften;Strassenunterhalt;Arealpflege;Winterdienst,DISCOVERY_PENDING,,TO_DISCOVER,NOT_YET_AUDITED,"Puede publicar en portal propio, ATS compartido, cantón, Job-Room o agregador público."
PUB-CH-TG-MUN-4426,MUNICIPALITY,CH,TG,Thurgau,4426,Gemeinde/Stadt Kesswil,Bezirk Arbon,1,GERMAN,NO,2,P1_URBAN_OR_INTERMEDIATE,Stadtgrün;Stadtgärtnerei;Werkhof;Werkdienst;Gemeindebetriebe;Friedhof;Parks;Sportanlagen;Schulanlagen;Forst;Liegenschaften;Strassenunterhalt;Arealpflege;Winterdienst,DISCOVERY_PENDING,,TO_DISCOVER,NOT_YET_AUDITED,"Puede publicar en portal propio, ATS compartido, cantón, Job-Room o agregador público."
PUB-CH-TG-MUN-4501,MUNICIPALITY,CH,TG,Thurgau,4501,Gemeinde/Stadt Kradolf-Schönenberg,Bezirk Weinfelden,1,GERMAN,NO,2,P1_URBAN_OR_INTERMEDIATE,Stadtgrün;Stadtgärtnerei;Werkhof;Werkdienst;Gemeindebetriebe;Friedhof;Parks;Sportanlagen;Schulanlagen;Forst;Liegenschaften;Strassenunterhalt;Arealpflege;Winterdienst,DISCOVERY_PENDING,,TO_DISCOVER,NOT_YET_AUDITED,"Puede publicar en portal propio, ATS compartido, cantón, Job-Room o agregador público."
PUB-CH-TG-MUN-4671,MUNICIPALITY,CH,TG,Thurgau,4671,Gemeinde/Stadt Kreuzlingen,Bezirk Kreuzlingen,1,GERMAN,YES,1,P0_CITY,Stadtgrün;Stadtgärtnerei;Werkhof;Werkdienst;Gemeindebetriebe;Friedhof;Parks;Sportanlagen;Schulanlagen;Forst;Liegenschaften;Strassenunterhalt;Arealpflege;Winterdienst,DISCOVERY_PENDING,,TO_DISCOVER,NOT_YET_AUDITED,"Puede publicar en portal propio, ATS compartido, cantón, Job-Room o agregador público."
PUB-CH-TG-MUN-4681,MUNICIPALITY,CH,TG,Thurgau,4681,Gemeinde/Stadt Langrickenbach,Bezirk Kreuzlingen,1,GERMAN,NO,3,P2_RURAL,Stadtgrün;Stadtgärtnerei;Werkhof;Werkdienst;Gemeindebetriebe;Friedhof;Parks;Sportanlagen;Schulanlagen;Forst;Liegenschaften;Strassenunterhalt;Arealpflege;Winterdienst,DISCOVERY_PENDING,,TO_DISCOVER,NOT_YET_AUDITED,"Puede publicar en portal propio, ATS compartido, cantón, Job-Room o agregador público."
PUB-CH-TG-MUN-4683,MUNICIPALITY,CH,TG,Thurgau,4683,Gemeinde/Stadt Lengwil,Bezirk Kreuzlingen,1,GERMAN,NO,2,P1_URBAN_OR_INTERMEDIATE,Stadtgrün;Stadtgärtnerei;Werkhof;Werkdienst;Gemeindebetriebe;Friedhof;Parks;Sportanlagen;Schulanlagen;Forst;Liegenschaften;Strassenunterhalt;Arealpflege;Winterdienst,DISCOVERY_PENDING,,TO_DISCOVER,NOT_YET_AUDITED,"Puede publicar en portal propio, ATS compartido, cantón, Job-Room o agregador público."
PUB-CH-TG-MUN-4741,MUNICIPALITY,CH,TG,Thurgau,4741,Gemeinde/Stadt Lommis,Bezirk Münchwilen,1,GERMAN,NO,3,P2_RURAL,Stadtgrün;Stadtgärtnerei;Werkhof;Werkdienst;Gemeindebetriebe;Friedhof;Parks;Sportanlagen;Schulanlagen;Forst;Liegenschaften;Strassenunterhalt;Arealpflege;Winterdienst,DISCOVERY_PENDING,,TO_DISCOVER,NOT_YET_AUDITED,"Puede publicar en portal propio, ATS compartido, cantón, Job-Room o agregador público."
PUB-CH-TG-MUN-4826,MUNICIPALITY,CH,TG,Thurgau,4826,Gemeinde/Stadt Mammern,Bezirk Frauenfeld,1,GERMAN,NO,3,P2_RURAL,Stadtgrün;Stadtgärtnerei;Werkhof;Werkdienst;Gemeindebetriebe;Friedhof;Parks;Sportanlagen;Schulanlagen;Forst;Liegenschaften;Strassenunterhalt;Arealpflege;Winterdienst,DISCOVERY_PENDING,,TO_DISCOVER,NOT_YET_AUDITED,"Puede publicar en portal propio, ATS compartido, cantón, Job-Room o agregador público."
PUB-CH-TG-MUN-4591,MUNICIPALITY,CH,TG,Thurgau,4591,Gemeinde/Stadt Matzingen,Bezirk Frauenfeld,1,GERMAN,NO,3,P2_RURAL,Stadtgrün;Stadtgärtnerei;Werkhof;Werkdienst;Gemeindebetriebe;Friedhof;Parks;Sportanlagen;Schulanlagen;Forst;Liegenschaften;Strassenunterhalt;Arealpflege;Winterdienst,DISCOVERY_PENDING,,TO_DISCOVER,NOT_YET_AUDITED,"Puede publicar en portal propio, ATS compartido, cantón, Job-Room o agregador público."
PUB-CH-TG-MUN-4941,MUNICIPALITY,CH,TG,Thurgau,4941,Gemeinde/Stadt Märstetten,Bezirk Weinfelden,1,GERMAN,NO,3,P2_RURAL,Stadtgrün;Stadtgärtnerei;Werkhof;Werkdienst;Gemeindebetriebe;Friedhof;Parks;Sportanlagen;Schulanlagen;Forst;Liegenschaften;Strassenunterhalt;Arealpflege;Winterdienst,DISCOVERY_PENDING,,TO_DISCOVER,NOT_YET_AUDITED,"Puede publicar en portal propio, ATS compartido, cantón, Job-Room o agregador público."
PUB-CH-TG-MUN-4831,MUNICIPALITY,CH,TG,Thurgau,4831,Gemeinde/Stadt Müllheim,Bezirk Frauenfeld,1,GERMAN,NO,3,P2_RURAL,Stadtgrün;Stadtgärtnerei;Werkhof;Werkdienst;Gemeindebetriebe;Friedhof;Parks;Sportanlagen;Schulanlagen;Forst;Liegenschaften;Strassenunterhalt;Arealpflege;Winterdienst,DISCOVERY_PENDING,,TO_DISCOVER,NOT_YET_AUDITED,"Puede publicar en portal propio, ATS compartido, cantón, Job-Room o agregador público."
PUB-CH-TG-MUN-4746,MUNICIPALITY,CH,TG,Thurgau,4746,Gemeinde/Stadt Münchwilen (TG),Bezirk Münchwilen,1,GERMAN,NO,2,P1_URBAN_OR_INTERMEDIATE,Stadtgrün;Stadtgärtnerei;Werkhof;Werkdienst;Gemeindebetriebe;Friedhof;Parks;Sportanlagen;Schulanlagen;Forst;Liegenschaften;Strassenunterhalt;Arealpflege;Winterdienst,DISCOVERY_PENDING,,TO_DISCOVER,NOT_YET_AUDITED,"Puede publicar en portal propio, ATS compartido, cantón, Job-Room o agregador público."
PUB-CH-TG-MUN-4691,MUNICIPALITY,CH,TG,Thurgau,4691,Gemeinde/Stadt Münsterlingen,Bezirk Kreuzlingen,1,GERMAN,NO,2,P1_URBAN_OR_INTERMEDIATE,Stadtgrün;Stadtgärtnerei;Werkhof;Werkdienst;Gemeindebetriebe;Friedhof;Parks;Sportanlagen;Schulanlagen;Forst;Liegenschaften;Strassenunterhalt;Arealpflege;Winterdienst,DISCOVERY_PENDING,,TO_DISCOVER,NOT_YET_AUDITED,"Puede publicar en portal propio, ATS compartido, cantón, Job-Room o agregador público."
PUB-CH-TG-MUN-4601,MUNICIPALITY,CH,TG,Thurgau,4601,Gemeinde/Stadt Neunforn,Bezirk Frauenfeld,1,GERMAN,NO,3,P2_RURAL,Stadtgrün;Stadtgärtnerei;Werkhof;Werkdienst;Gemeindebetriebe;Friedhof;Parks;Sportanlagen;Schulanlagen;Forst;Liegenschaften;Strassenunterhalt;Arealpflege;Winterdienst,DISCOVERY_PENDING,,TO_DISCOVER,NOT_YET_AUDITED,"Puede publicar en portal propio, ATS compartido, cantón, Job-Room o agregador público."
PUB-CH-TG-MUN-4841,MUNICIPALITY,CH,TG,Thurgau,4841,Gemeinde/Stadt Pfyn,Bezirk Frauenfeld,1,GERMAN,NO,3,P2_RURAL,Stadtgrün;Stadtgärtnerei;Werkhof;Werkdienst;Gemeindebetriebe;Friedhof;Parks;Sportanlagen;Schulanlagen;Forst;Liegenschaften;Strassenunterhalt;Arealpflege;Winterdienst,DISCOVERY_PENDING,,TO_DISCOVER,NOT_YET_AUDITED,"Puede publicar en portal propio, ATS compartido, cantón, Job-Room o agregador público."
PUB-CH-TG-MUN-4846,MUNICIPALITY,CH,TG,Thurgau,4846,Gemeinde/Stadt Raperswilen,Bezirk Kreuzlingen,1,GERMAN,NO,3,P2_RURAL,Stadtgrün;Stadtgärtnerei;Werkhof;Werkdienst;Gemeindebetriebe;Friedhof;Parks;Sportanlagen;Schulanlagen;Forst;Liegenschaften;Strassenunterhalt;Arealpflege;Winterdienst,DISCOVERY_PENDING,,TO_DISCOVER,NOT_YET_AUDITED,"Puede publicar en portal propio, ATS compartido, cantón, Job-Room o agregador público."
PUB-CH-TG-MUN-4751,MUNICIPALITY,CH,TG,Thurgau,4751,Gemeinde/Stadt Rickenbach (TG),Bezirk Münchwilen,1,GERMAN,NO,2,P1_URBAN_OR_INTERMEDIATE,Stadtgrün;Stadtgärtnerei;Werkhof;Werkdienst;Gemeindebetriebe;Friedhof;Parks;Sportanlagen;Schulanlagen;Forst;Liegenschaften;Strassenunterhalt;Arealpflege;Winterdienst,DISCOVERY_PENDING,,TO_DISCOVER,NOT_YET_AUDITED,"Puede publicar en portal propio, ATS compartido, cantón, Job-Room o agregador público."
PUB-CH-TG-MUN-4431,MUNICIPALITY,CH,TG,Thurgau,4431,Gemeinde/Stadt Roggwil (TG),Bezirk Arbon,1,GERMAN,NO,2,P1_URBAN_OR_INTERMEDIATE,Stadtgrün;Stadtgärtnerei;Werkhof;Werkdienst;Gemeindebetriebe;Friedhof;Parks;Sportanlagen;Schulanlagen;Forst;Liegenschaften;Strassenunterhalt;Arealpflege;Winterdienst,DISCOVERY_PENDING,,TO_DISCOVER,NOT_YET_AUDITED,"Puede publicar en portal propio, ATS compartido, cantón, Job-Room o agregador público."
PUB-CH-TG-MUN-4436,MUNICIPALITY,CH,TG,Thurgau,4436,Gemeinde/Stadt Romanshorn,Bezirk Arbon,1,GERMAN,YES,2,P0_CITY,Stadtgrün;Stadtgärtnerei;Werkhof;Werkdienst;Gemeindebetriebe;Friedhof;Parks;Sportanlagen;Schulanlagen;Forst;Liegenschaften;Strassenunterhalt;Arealpflege;Winterdienst,DISCOVERY_PENDING,,TO_DISCOVER,NOT_YET_AUDITED,"Puede publicar en portal propio, ATS compartido, cantón, Job-Room o agregador público."
PUB-CH-TG-MUN-4851,MUNICIPALITY,CH,TG,Thurgau,4851,Gemeinde/Stadt Salenstein,Bezirk Kreuzlingen,1,GERMAN,NO,2,P1_URBAN_OR_INTERMEDIATE,Stadtgrün;Stadtgärtnerei;Werkhof;Werkdienst;Gemeindebetriebe;Friedhof;Parks;Sportanlagen;Schulanlagen;Forst;Liegenschaften;Strassenunterhalt;Arealpflege;Winterdienst,DISCOVERY_PENDING,,TO_DISCOVER,NOT_YET_AUDITED,"Puede publicar en portal propio, ATS compartido, cantón, Job-Room o agregador público."
PUB-CH-TG-MUN-4441,MUNICIPALITY,CH,TG,Thurgau,4441,Gemeinde/Stadt Salmsach,Bezirk Arbon,1,GERMAN,NO,2,P1_URBAN_OR_INTERMEDIATE,Stadtgrün;Stadtgärtnerei;Werkhof;Werkdienst;Gemeindebetriebe;Friedhof;Parks;Sportanlagen;Schulanlagen;Forst;Liegenschaften;Strassenunterhalt;Arealpflege;Winterdienst,DISCOVERY_PENDING,,TO_DISCOVER,NOT_YET_AUDITED,"Puede publicar en portal propio, ATS compartido, cantón, Job-Room o agregador público."
PUB-CH-TG-MUN-4546,MUNICIPALITY,CH,TG,Thurgau,4546,Gemeinde/Stadt Schlatt (TG),Bezirk Frauenfeld,1,GERMAN,NO,3,P2_RURAL,Stadtgrün;Stadtgärtnerei;Werkhof;Werkdienst;Gemeindebetriebe;Friedhof;Parks;Sportanlagen;Schulanlagen;Forst;Liegenschaften;Strassenunterhalt;Arealpflege;Winterdienst,DISCOVERY_PENDING,,TO_DISCOVER,NOT_YET_AUDITED,"Puede publicar en portal propio, ATS compartido, cantón, Job-Room o agregador público."
PUB-CH-TG-MUN-4756,MUNICIPALITY,CH,TG,Thurgau,4756,Gemeinde/Stadt Schönholzerswilen,Bezirk Weinfelden,1,GERMAN,NO,3,P2_RURAL,Stadtgrün;Stadtgärtnerei;Werkhof;Werkdienst;Gemeindebetriebe;Friedhof;Parks;Sportanlagen;Schulanlagen;Forst;Liegenschaften;Strassenunterhalt;Arealpflege;Winterdienst,DISCOVERY_PENDING,,TO_DISCOVER,NOT_YET_AUDITED,"Puede publicar en portal propio, ATS compartido, cantón, Job-Room o agregador público."
PUB-CH-TG-MUN-4761,MUNICIPALITY,CH,TG,Thurgau,4761,Gemeinde/Stadt Sirnach,Bezirk Münchwilen,1,GERMAN,NO,2,P1_URBAN_OR_INTERMEDIATE,Stadtgrün;Stadtgärtnerei;Werkhof;Werkdienst;Gemeindebetriebe;Friedhof;Parks;Sportanlagen;Schulanlagen;Forst;Liegenschaften;Strassenunterhalt;Arealpflege;Winterdienst,DISCOVERY_PENDING,,TO_DISCOVER,NOT_YET_AUDITED,"Puede publicar en portal propio, ATS compartido, cantón, Job-Room o agregador público."
PUB-CH-TG-MUN-4446,MUNICIPALITY,CH,TG,Thurgau,4446,Gemeinde/Stadt Sommeri,Bezirk Arbon,1,GERMAN,NO,2,P1_URBAN_OR_INTERMEDIATE,Stadtgrün;Stadtgärtnerei;Werkhof;Werkdienst;Gemeindebetriebe;Friedhof;Parks;Sportanlagen;Schulanlagen;Forst;Liegenschaften;Strassenunterhalt;Arealpflege;Winterdienst,DISCOVERY_PENDING,,TO_DISCOVER,NOT_YET_AUDITED,"Puede publicar en portal propio, ATS compartido, cantón, Job-Room o agregador público."
PUB-CH-TG-MUN-4864,MUNICIPALITY,CH,TG,Thurgau,4864,Gemeinde/Stadt Steckborn,Bezirk Frauenfeld,1,GERMAN,NO,2,P1_URBAN_OR_INTERMEDIATE,Stadtgrün;Stadtgärtnerei;Werkhof;Werkdienst;Gemeindebetriebe;Friedhof;Parks;Sportanlagen;Schulanlagen;Forst;Liegenschaften;Strassenunterhalt;Arealpflege;Winterdienst,DISCOVERY_PENDING,,TO_DISCOVER,NOT_YET_AUDITED,"Puede publicar en portal propio, ATS compartido, cantón, Job-Room o agregador público."
PUB-CH-TG-MUN-4606,MUNICIPALITY,CH,TG,Thurgau,4606,Gemeinde/Stadt Stettfurt,Bezirk Frauenfeld,1,GERMAN,NO,3,P2_RURAL,Stadtgrün;Stadtgärtnerei;Werkhof;Werkdienst;Gemeindebetriebe;Friedhof;Parks;Sportanlagen;Schulanlagen;Forst;Liegenschaften;Strassenunterhalt;Arealpflege;Winterdienst,DISCOVERY_PENDING,,TO_DISCOVER,NOT_YET_AUDITED,"Puede publicar en portal propio, ATS compartido, cantón, Job-Room o agregador público."
PUB-CH-TG-MUN-4506,MUNICIPALITY,CH,TG,Thurgau,4506,Gemeinde/Stadt Sulgen,Bezirk Weinfelden,1,GERMAN,NO,2,P1_URBAN_OR_INTERMEDIATE,Stadtgrün;Stadtgärtnerei;Werkhof;Werkdienst;Gemeindebetriebe;Friedhof;Parks;Sportanlagen;Schulanlagen;Forst;Liegenschaften;Strassenunterhalt;Arealpflege;Winterdienst,DISCOVERY_PENDING,,TO_DISCOVER,NOT_YET_AUDITED,"Puede publicar en portal propio, ATS compartido, cantón, Job-Room o agregador público."
PUB-CH-TG-MUN-4611,MUNICIPALITY,CH,TG,Thurgau,4611,Gemeinde/Stadt Thundorf,Bezirk Frauenfeld,1,GERMAN,NO,3,P2_RURAL,Stadtgrün;Stadtgärtnerei;Werkhof;Werkdienst;Gemeindebetriebe;Friedhof;Parks;Sportanlagen;Schulanlagen;Forst;Liegenschaften;Strassenunterhalt;Arealpflege;Winterdienst,DISCOVERY_PENDING,,TO_DISCOVER,NOT_YET_AUDITED,"Puede publicar en portal propio, ATS compartido, cantón, Job-Room o agregador público."
PUB-CH-TG-MUN-4776,MUNICIPALITY,CH,TG,Thurgau,4776,Gemeinde/Stadt Tobel-Tägerschen,Bezirk Münchwilen,1,GERMAN,NO,2,P1_URBAN_OR_INTERMEDIATE,Stadtgrün;Stadtgärtnerei;Werkhof;Werkdienst;Gemeindebetriebe;Friedhof;Parks;Sportanlagen;Schulanlagen;Forst;Liegenschaften;Strassenunterhalt;Arealpflege;Winterdienst,DISCOVERY_PENDING,,TO_DISCOVER,NOT_YET_AUDITED,"Puede publicar en portal propio, ATS compartido, cantón, Job-Room o agregador público."
PUB-CH-TG-MUN-4696,MUNICIPALITY,CH,TG,Thurgau,4696,Gemeinde/Stadt Tägerwilen,Bezirk Kreuzlingen,1,GERMAN,NO,2,P1_URBAN_OR_INTERMEDIATE,Stadtgrün;Stadtgärtnerei;Werkhof;Werkdienst;Gemeindebetriebe;Friedhof;Parks;Sportanlagen;Schulanlagen;Forst;Liegenschaften;Strassenunterhalt;Arealpflege;Winterdienst,DISCOVERY_PENDING,,TO_DISCOVER,NOT_YET_AUDITED,"Puede publicar en portal propio, ATS compartido, cantón, Job-Room o agregador público."
PUB-CH-TG-MUN-4616,MUNICIPALITY,CH,TG,Thurgau,4616,Gemeinde/Stadt Uesslingen-Buch,Bezirk Frauenfeld,1,GERMAN,NO,3,P2_RURAL,Stadtgrün;Stadtgärtnerei;Werkhof;Werkdienst;Gemeindebetriebe;Friedhof;Parks;Sportanlagen;Schulanlagen;Forst;Liegenschaften;Strassenunterhalt;Arealpflege;Winterdienst,DISCOVERY_PENDING,,TO_DISCOVER,NOT_YET_AUDITED,"Puede publicar en portal propio, ATS compartido, cantón, Job-Room o agregador público."
PUB-CH-TG-MUN-4451,MUNICIPALITY,CH,TG,Thurgau,4451,Gemeinde/Stadt Uttwil,Bezirk Arbon,1,GERMAN,NO,2,P1_URBAN_OR_INTERMEDIATE,Stadtgrün;Stadtgärtnerei;Werkhof;Werkdienst;Gemeindebetriebe;Friedhof;Parks;Sportanlagen;Schulanlagen;Forst;Liegenschaften;Strassenunterhalt;Arealpflege;Winterdienst,DISCOVERY_PENDING,,TO_DISCOVER,NOT_YET_AUDITED,"Puede publicar en portal propio, ATS compartido, cantón, Job-Room o agregador público."
PUB-CH-TG-MUN-4871,MUNICIPALITY,CH,TG,Thurgau,4871,Gemeinde/Stadt Wagenhausen,Bezirk Frauenfeld,1,GERMAN,NO,2,P1_URBAN_OR_INTERMEDIATE,Stadtgrün;Stadtgärtnerei;Werkhof;Werkdienst;Gemeindebetriebe;Friedhof;Parks;Sportanlagen;Schulanlagen;Forst;Liegenschaften;Strassenunterhalt;Arealpflege;Winterdienst,DISCOVERY_PENDING,,TO_DISCOVER,NOT_YET_AUDITED,"Puede publicar en portal propio, ATS compartido, cantón, Job-Room o agregador público."
PUB-CH-TG-MUN-4621,MUNICIPALITY,CH,TG,Thurgau,4621,Gemeinde/Stadt Warth-Weiningen,Bezirk Frauenfeld,1,GERMAN,NO,3,P2_RURAL,Stadtgrün;Stadtgärtnerei;Werkhof;Werkdienst;Gemeindebetriebe;Friedhof;Parks;Sportanlagen;Schulanlagen;Forst;Liegenschaften;Strassenunterhalt;Arealpflege;Winterdienst,DISCOVERY_PENDING,,TO_DISCOVER,NOT_YET_AUDITED,"Puede publicar en portal propio, ATS compartido, cantón, Job-Room o agregador público."
PUB-CH-TG-MUN-4946,MUNICIPALITY,CH,TG,Thurgau,4946,Gemeinde/Stadt Weinfelden,Bezirk Weinfelden,1,GERMAN,YES,2,P0_CITY,Stadtgrün;Stadtgärtnerei;Werkhof;Werkdienst;Gemeindebetriebe;Friedhof;Parks;Sportanlagen;Schulanlagen;Forst;Liegenschaften;Strassenunterhalt;Arealpflege;Winterdienst,DISCOVERY_PENDING,,TO_DISCOVER,NOT_YET_AUDITED,"Puede publicar en portal propio, ATS compartido, cantón, Job-Room o agregador público."
PUB-CH-TG-MUN-4951,MUNICIPALITY,CH,TG,Thurgau,4951,Gemeinde/Stadt Wigoltingen,Bezirk Weinfelden,1,GERMAN,NO,3,P2_RURAL,Stadtgrün;Stadtgärtnerei;Werkhof;Werkdienst;Gemeindebetriebe;Friedhof;Parks;Sportanlagen;Schulanlagen;Forst;Liegenschaften;Strassenunterhalt;Arealpflege;Winterdienst,DISCOVERY_PENDING,,TO_DISCOVER,NOT_YET_AUDITED,"Puede publicar en portal propio, ATS compartido, cantón, Job-Room o agregador público."
PUB-CH-TG-MUN-4786,MUNICIPALITY,CH,TG,Thurgau,4786,Gemeinde/Stadt Wilen (TG),Bezirk Münchwilen,1,GERMAN,NO,2,P1_URBAN_OR_INTERMEDIATE,Stadtgrün;Stadtgärtnerei;Werkhof;Werkdienst;Gemeindebetriebe;Friedhof;Parks;Sportanlagen;Schulanlagen;Forst;Liegenschaften;Strassenunterhalt;Arealpflege;Winterdienst,DISCOVERY_PENDING,,TO_DISCOVER,NOT_YET_AUDITED,"Puede publicar en portal propio, ATS compartido, cantón, Job-Room o agregador público."
PUB-CH-TG-MUN-4791,MUNICIPALITY,CH,TG,Thurgau,4791,Gemeinde/Stadt Wuppenau,Bezirk Weinfelden,1,GERMAN,NO,3,P2_RURAL,Stadtgrün;Stadtgärtnerei;Werkhof;Werkdienst;Gemeindebetriebe;Friedhof;Parks;Sportanlagen;Schulanlagen;Forst;Liegenschaften;Strassenunterhalt;Arealpflege;Winterdienst,DISCOVERY_PENDING,,TO_DISCOVER,NOT_YET_AUDITED,"Puede publicar en portal propio, ATS compartido, cantón, Job-Room o agregador público."
PUB-CH-TG-MUN-4701,MUNICIPALITY,CH,TG,Thurgau,4701,Gemeinde/Stadt Wäldi,Bezirk Kreuzlingen,1,GERMAN,NO,3,P2_RURAL,Stadtgrün;Stadtgärtnerei;Werkhof;Werkdienst;Gemeindebetriebe;Friedhof;Parks;Sportanlagen;Schulanlagen;Forst;Liegenschaften;Strassenunterhalt;Arealpflege;Winterdienst,DISCOVERY_PENDING,,TO_DISCOVER,NOT_YET_AUDITED,"Puede publicar en portal propio, ATS compartido, cantón, Job-Room o agregador público."
PUB-CH-TG-MUN-4781,MUNICIPALITY,CH,TG,Thurgau,4781,Gemeinde/Stadt Wängi,Bezirk Münchwilen,1,GERMAN,NO,2,P1_URBAN_OR_INTERMEDIATE,Stadtgrün;Stadtgärtnerei;Werkhof;Werkdienst;Gemeindebetriebe;Friedhof;Parks;Sportanlagen;Schulanlagen;Forst;Liegenschaften;Strassenunterhalt;Arealpflege;Winterdienst,DISCOVERY_PENDING,,TO_DISCOVER,NOT_YET_AUDITED,"Puede publicar en portal propio, ATS compartido, cantón, Job-Room o agregador público."
PUB-CH-TG-MUN-4511,MUNICIPALITY,CH,TG,Thurgau,4511,Gemeinde/Stadt Zihlschlacht-Sitterdorf,Bezirk Weinfelden,1,GERMAN,NO,3,P2_RURAL,Stadtgrün;Stadtgärtnerei;Werkhof;Werkdienst;Gemeindebetriebe;Friedhof;Parks;Sportanlagen;Schulanlagen;Forst;Liegenschaften;Strassenunterhalt;Arealpflege;Winterdienst,DISCOVERY_PENDING,,TO_DISCOVER,NOT_YET_AUDITED,"Puede publicar en portal propio, ATS compartido, cantón, Job-Room o agregador público."
PUB-CH-UR-MUN-1201,MUNICIPALITY,CH,UR,Uri,1201,Gemeinde/Stadt Altdorf (UR),Kanton Uri,1,GERMAN,YES,2,P0_CITY,Stadtgrün;Stadtgärtnerei;Werkhof;Werkdienst;Gemeindebetriebe;Friedhof;Parks;Sportanlagen;Schulanlagen;Forst;Liegenschaften;Strassenunterhalt;Arealpflege;Winterdienst,DISCOVERY_PENDING,,TO_DISCOVER,NOT_YET_AUDITED,"Puede publicar en portal propio, ATS compartido, cantón, Job-Room o agregador público."
PUB-CH-UR-MUN-1202,MUNICIPALITY,CH,UR,Uri,1202,Gemeinde/Stadt Andermatt,Kanton Uri,1,GERMAN,NO,3,P2_RURAL,Stadtgrün;Stadtgärtnerei;Werkhof;Werkdienst;Gemeindebetriebe;Friedhof;Parks;Sportanlagen;Schulanlagen;Forst;Liegenschaften;Strassenunterhalt;Arealpflege;Winterdienst,DISCOVERY_PENDING,,TO_DISCOVER,NOT_YET_AUDITED,"Puede publicar en portal propio, ATS compartido, cantón, Job-Room o agregador público."
PUB-CH-UR-MUN-1203,MUNICIPALITY,CH,UR,Uri,1203,Gemeinde/Stadt Attinghausen,Kanton Uri,1,GERMAN,NO,2,P1_URBAN_OR_INTERMEDIATE,Stadtgrün;Stadtgärtnerei;Werkhof;Werkdienst;Gemeindebetriebe;Friedhof;Parks;Sportanlagen;Schulanlagen;Forst;Liegenschaften;Strassenunterhalt;Arealpflege;Winterdienst,DISCOVERY_PENDING,,TO_DISCOVER,NOT_YET_AUDITED,"Puede publicar en portal propio, ATS compartido, cantón, Job-Room o agregador público."
PUB-CH-UR-MUN-1205,MUNICIPALITY,CH,UR,Uri,1205,Gemeinde/Stadt Bürglen (UR),Kanton Uri,1,GERMAN,NO,2,P1_URBAN_OR_INTERMEDIATE,Stadtgrün;Stadtgärtnerei;Werkhof;Werkdienst;Gemeindebetriebe;Friedhof;Parks;Sportanlagen;Schulanlagen;Forst;Liegenschaften;Strassenunterhalt;Arealpflege;Winterdienst,DISCOVERY_PENDING,,TO_DISCOVER,NOT_YET_AUDITED,"Puede publicar en portal propio, ATS compartido, cantón, Job-Room o agregador público."
PUB-CH-UR-MUN-1206,MUNICIPALITY,CH,UR,Uri,1206,Gemeinde/Stadt Erstfeld,Kanton Uri,1,GERMAN,NO,3,P2_RURAL,Stadtgrün;Stadtgärtnerei;Werkhof;Werkdienst;Gemeindebetriebe;Friedhof;Parks;Sportanlagen;Schulanlagen;Forst;Liegenschaften;Strassenunterhalt;Arealpflege;Winterdienst,DISCOVERY_PENDING,,TO_DISCOVER,NOT_YET_AUDITED,"Puede publicar en portal propio, ATS compartido, cantón, Job-Room o agregador público."
PUB-CH-UR-MUN-1207,MUNICIPALITY,CH,UR,Uri,1207,Gemeinde/Stadt Flüelen,Kanton Uri,1,GERMAN,NO,2,P1_URBAN_OR_INTERMEDIATE,Stadtgrün;Stadtgärtnerei;Werkhof;Werkdienst;Gemeindebetriebe;Friedhof;Parks;Sportanlagen;Schulanlagen;Forst;Liegenschaften;Strassenunterhalt;Arealpflege;Winterdienst,DISCOVERY_PENDING,,TO_DISCOVER,NOT_YET_AUDITED,"Puede publicar en portal propio, ATS compartido, cantón, Job-Room o agregador público."
PUB-CH-UR-MUN-1209,MUNICIPALITY,CH,UR,Uri,1209,Gemeinde/Stadt Gurtnellen,Kanton Uri,1,GERMAN,NO,3,P2_RURAL,Stadtgrün;Stadtgärtnerei;Werkhof;Werkdienst;Gemeindebetriebe;Friedhof;Parks;Sportanlagen;Schulanlagen;Forst;Liegenschaften;Strassenunterhalt;Arealpflege;Winterdienst,DISCOVERY_PENDING,,TO_DISCOVER,NOT_YET_AUDITED,"Puede publicar en portal propio, ATS compartido, cantón, Job-Room o agregador público."
PUB-CH-UR-MUN-1208,MUNICIPALITY,CH,UR,Uri,1208,Gemeinde/Stadt Göschenen,Kanton Uri,1,GERMAN,NO,3,P2_RURAL,Stadtgrün;Stadtgärtnerei;Werkhof;Werkdienst;Gemeindebetriebe;Friedhof;Parks;Sportanlagen;Schulanlagen;Forst;Liegenschaften;Strassenunterhalt;Arealpflege;Winterdienst,DISCOVERY_PENDING,,TO_DISCOVER,NOT_YET_AUDITED,"Puede publicar en portal propio, ATS compartido, cantón, Job-Room o agregador público."
PUB-CH-UR-MUN-1210,MUNICIPALITY,CH,UR,Uri,1210,Gemeinde/Stadt Hospental,Kanton Uri,1,GERMAN,NO,3,P2_RURAL,Stadtgrün;Stadtgärtnerei;Werkhof;Werkdienst;Gemeindebetriebe;Friedhof;Parks;Sportanlagen;Schulanlagen;Forst;Liegenschaften;Strassenunterhalt;Arealpflege;Winterdienst,DISCOVERY_PENDING,,TO_DISCOVER,NOT_YET_AUDITED,"Puede publicar en portal propio, ATS compartido, cantón, Job-Room o agregador público."
PUB-CH-UR-MUN-1211,MUNICIPALITY,CH,UR,Uri,1211,Gemeinde/Stadt Isenthal,Kanton Uri,1,GERMAN,NO,3,P2_RURAL,Stadtgrün;Stadtgärtnerei;Werkhof;Werkdienst;Gemeindebetriebe;Friedhof;Parks;Sportanlagen;Schulanlagen;Forst;Liegenschaften;Strassenunterhalt;Arealpflege;Winterdienst,DISCOVERY_PENDING,,TO_DISCOVER,NOT_YET_AUDITED,"Puede publicar en portal propio, ATS compartido, cantón, Job-Room o agregador público."
PUB-CH-UR-MUN-1212,MUNICIPALITY,CH,UR,Uri,1212,Gemeinde/Stadt Realp,Kanton Uri,1,GERMAN,NO,3,P2_RURAL,Stadtgrün;Stadtgärtnerei;Werkhof;Werkdienst;Gemeindebetriebe;Friedhof;Parks;Sportanlagen;Schulanlagen;Forst;Liegenschaften;Strassenunterhalt;Arealpflege;Winterdienst,DISCOVERY_PENDING,,TO_DISCOVER,NOT_YET_AUDITED,"Puede publicar en portal propio, ATS compartido, cantón, Job-Room o agregador público."
PUB-CH-UR-MUN-1213,MUNICIPALITY,CH,UR,Uri,1213,Gemeinde/Stadt Schattdorf,Kanton Uri,1,GERMAN,NO,2,P1_URBAN_OR_INTERMEDIATE,Stadtgrün;Stadtgärtnerei;Werkhof;Werkdienst;Gemeindebetriebe;Friedhof;Parks;Sportanlagen;Schulanlagen;Forst;Liegenschaften;Strassenunterhalt;Arealpflege;Winterdienst,DISCOVERY_PENDING,,TO_DISCOVER,NOT_YET_AUDITED,"Puede publicar en portal propio, ATS compartido, cantón, Job-Room o agregador público."
PUB-CH-UR-MUN-1214,MUNICIPALITY,CH,UR,Uri,1214,Gemeinde/Stadt Seedorf (UR),Kanton Uri,1,GERMAN,NO,2,P1_URBAN_OR_INTERMEDIATE,Stadtgrün;Stadtgärtnerei;Werkhof;Werkdienst;Gemeindebetriebe;Friedhof;Parks;Sportanlagen;Schulanlagen;Forst;Liegenschaften;Strassenunterhalt;Arealpflege;Winterdienst,DISCOVERY_PENDING,,TO_DISCOVER,NOT_YET_AUDITED,"Puede publicar en portal propio, ATS compartido, cantón, Job-Room o agregador público."
PUB-CH-UR-MUN-1215,MUNICIPALITY,CH,UR,Uri,1215,Gemeinde/Stadt Seelisberg,Kanton Uri,1,GERMAN,NO,3,P2_RURAL,Stadtgrün;Stadtgärtnerei;Werkhof;Werkdienst;Gemeindebetriebe;Friedhof;Parks;Sportanlagen;Schulanlagen;Forst;Liegenschaften;Strassenunterhalt;Arealpflege;Winterdienst,DISCOVERY_PENDING,,TO_DISCOVER,NOT_YET_AUDITED,"Puede publicar en portal propio, ATS compartido, cantón, Job-Room o agregador público."
PUB-CH-UR-MUN-1216,MUNICIPALITY,CH,UR,Uri,1216,Gemeinde/Stadt Silenen,Kanton Uri,1,GERMAN,NO,3,P2_RURAL,Stadtgrün;Stadtgärtnerei;Werkhof;Werkdienst;Gemeindebetriebe;Friedhof;Parks;Sportanlagen;Schulanlagen;Forst;Liegenschaften;Strassenunterhalt;Arealpflege;Winterdienst,DISCOVERY_PENDING,,TO_DISCOVER,NOT_YET_AUDITED,"Puede publicar en portal propio, ATS compartido, cantón, Job-Room o agregador público."
PUB-CH-UR-MUN-1217,MUNICIPALITY,CH,UR,Uri,1217,Gemeinde/Stadt Sisikon,Kanton Uri,1,GERMAN,NO,3,P2_RURAL,Stadtgrün;Stadtgärtnerei;Werkhof;Werkdienst;Gemeindebetriebe;Friedhof;Parks;Sportanlagen;Schulanlagen;Forst;Liegenschaften;Strassenunterhalt;Arealpflege;Winterdienst,DISCOVERY_PENDING,,TO_DISCOVER,NOT_YET_AUDITED,"Puede publicar en portal propio, ATS compartido, cantón, Job-Room o agregador público."
PUB-CH-UR-MUN-1218,MUNICIPALITY,CH,UR,Uri,1218,Gemeinde/Stadt Spiringen,Kanton Uri,1,GERMAN,NO,3,P2_RURAL,Stadtgrün;Stadtgärtnerei;Werkhof;Werkdienst;Gemeindebetriebe;Friedhof;Parks;Sportanlagen;Schulanlagen;Forst;Liegenschaften;Strassenunterhalt;Arealpflege;Winterdienst,DISCOVERY_PENDING,,TO_DISCOVER,NOT_YET_AUDITED,"Puede publicar en portal propio, ATS compartido, cantón, Job-Room o agregador público."
PUB-CH-UR-MUN-1219,MUNICIPALITY,CH,UR,Uri,1219,Gemeinde/Stadt Unterschächen,Kanton Uri,1,GERMAN,NO,3,P2_RURAL,Stadtgrün;Stadtgärtnerei;Werkhof;Werkdienst;Gemeindebetriebe;Friedhof;Parks;Sportanlagen;Schulanlagen;Forst;Liegenschaften;Strassenunterhalt;Arealpflege;Winterdienst,DISCOVERY_PENDING,,TO_DISCOVER,NOT_YET_AUDITED,"Puede publicar en portal propio, ATS compartido, cantón, Job-Room o agregador público."
PUB-CH-UR-MUN-1220,MUNICIPALITY,CH,UR,Uri,1220,Gemeinde/Stadt Wassen,Kanton Uri,1,GERMAN,NO,3,P2_RURAL,Stadtgrün;Stadtgärtnerei;Werkhof;Werkdienst;Gemeindebetriebe;Friedhof;Parks;Sportanlagen;Schulanlagen;Forst;Liegenschaften;Strassenunterhalt;Arealpflege;Winterdienst,DISCOVERY_PENDING,,TO_DISCOVER,NOT_YET_AUDITED,"Puede publicar en portal propio, ATS compartido, cantón, Job-Room o agregador público."
PUB-CH-VS-MUN-6101,MUNICIPALITY,CH,VS,Wallis/Valais,6101,Gemeinde/Stadt Agarn,Bezirk Leuk,1,GERMAN,NO,3,P2_RURAL,Stadtgrün;Stadtgärtnerei;Werkhof;Werkdienst;Gemeindebetriebe;Friedhof;Parks;Sportanlagen;Schulanlagen;Forst;Liegenschaften;Strassenunterhalt;Arealpflege;Winterdienst,DISCOVERY_PENDING,,TO_DISCOVER,NOT_YET_AUDITED,"Puede publicar en portal propio, ATS compartido, cantón, Job-Room o agregador público."
PUB-CH-VS-MUN-6102,MUNICIPALITY,CH,VS,Wallis/Valais,6102,Gemeinde/Stadt Albinen,Bezirk Leuk,1,GERMAN,NO,3,P2_RURAL,Stadtgrün;Stadtgärtnerei;Werkhof;Werkdienst;Gemeindebetriebe;Friedhof;Parks;Sportanlagen;Schulanlagen;Forst;Liegenschaften;Strassenunterhalt;Arealpflege;Winterdienst,DISCOVERY_PENDING,,TO_DISCOVER,NOT_YET_AUDITED,"Puede publicar en portal propio, ATS compartido, cantón, Job-Room o agregador público."
PUB-CH-VS-MUN-6191,MUNICIPALITY,CH,VS,Wallis/Valais,6191,Gemeinde/Stadt Ausserberg,Bezirk Raron,1,GERMAN,NO,2,P1_URBAN_OR_INTERMEDIATE,Stadtgrün;Stadtgärtnerei;Werkhof;Werkdienst;Gemeindebetriebe;Friedhof;Parks;Sportanlagen;Schulanlagen;Forst;Liegenschaften;Strassenunterhalt;Arealpflege;Winterdienst,DISCOVERY_PENDING,,TO_DISCOVER,NOT_YET_AUDITED,"Puede publicar en portal propio, ATS compartido, cantón, Job-Room o agregador público."
PUB-CH-VS-MUN-6281,MUNICIPALITY,CH,VS,Wallis/Valais,6281,Gemeinde/Stadt Baltschieder,Bezirk Visp,1,GERMAN,NO,2,P1_URBAN_OR_INTERMEDIATE,Stadtgrün;Stadtgärtnerei;Werkhof;Werkdienst;Gemeindebetriebe;Friedhof;Parks;Sportanlagen;Schulanlagen;Forst;Liegenschaften;Strassenunterhalt;Arealpflege;Winterdienst,DISCOVERY_PENDING,,TO_DISCOVER,NOT_YET_AUDITED,"Puede publicar en portal propio, ATS compartido, cantón, Job-Room o agregador público."
PUB-CH-VS-MUN-6052,MUNICIPALITY,CH,VS,Wallis/Valais,6052,Gemeinde/Stadt Bellwald,Bezirk Goms,1,GERMAN,NO,3,P2_RURAL,Stadtgrün;Stadtgärtnerei;Werkhof;Werkdienst;Gemeindebetriebe;Friedhof;Parks;Sportanlagen;Schulanlagen;Forst;Liegenschaften;Strassenunterhalt;Arealpflege;Winterdienst,DISCOVERY_PENDING,,TO_DISCOVER,NOT_YET_AUDITED,"Puede publicar en portal propio, ATS compartido, cantón, Job-Room o agregador público."
PUB-CH-VS-MUN-6205,MUNICIPALITY,CH,VS,Wallis/Valais,6205,Gemeinde/Stadt Bettmeralp,Bezirk Raron,1,GERMAN,NO,3,P2_RURAL,Stadtgrün;Stadtgärtnerei;Werkhof;Werkdienst;Gemeindebetriebe;Friedhof;Parks;Sportanlagen;Schulanlagen;Forst;Liegenschaften;Strassenunterhalt;Arealpflege;Winterdienst,DISCOVERY_PENDING,,TO_DISCOVER,NOT_YET_AUDITED,"Puede publicar en portal propio, ATS compartido, cantón, Job-Room o agregador público."
PUB-CH-VS-MUN-6054,MUNICIPALITY,CH,VS,Wallis/Valais,6054,Gemeinde/Stadt Binn,Bezirk Goms,1,GERMAN,NO,3,P2_RURAL,Stadtgrün;Stadtgärtnerei;Werkhof;Werkdienst;Gemeindebetriebe;Friedhof;Parks;Sportanlagen;Schulanlagen;Forst;Liegenschaften;Strassenunterhalt;Arealpflege;Winterdienst,DISCOVERY_PENDING,,TO_DISCOVER,NOT_YET_AUDITED,"Puede publicar en portal propio, ATS compartido, cantón, Job-Room o agregador público."
PUB-CH-VS-MUN-6172,MUNICIPALITY,CH,VS,Wallis/Valais,6172,Gemeinde/Stadt Bister,Bezirk Raron,1,GERMAN,NO,3,P2_RURAL,Stadtgrün;Stadtgärtnerei;Werkhof;Werkdienst;Gemeindebetriebe;Friedhof;Parks;Sportanlagen;Schulanlagen;Forst;Liegenschaften;Strassenunterhalt;Arealpflege;Winterdienst,DISCOVERY_PENDING,,TO_DISCOVER,NOT_YET_AUDITED,"Puede publicar en portal propio, ATS compartido, cantón, Job-Room o agregador público."
PUB-CH-VS-MUN-6173,MUNICIPALITY,CH,VS,Wallis/Valais,6173,Gemeinde/Stadt Bitsch,Bezirk Raron,1,GERMAN,NO,2,P1_URBAN_OR_INTERMEDIATE,Stadtgrün;Stadtgärtnerei;Werkhof;Werkdienst;Gemeindebetriebe;Friedhof;Parks;Sportanlagen;Schulanlagen;Forst;Liegenschaften;Strassenunterhalt;Arealpflege;Winterdienst,DISCOVERY_PENDING,,TO_DISCOVER,NOT_YET_AUDITED,"Puede publicar en portal propio, ATS compartido, cantón, Job-Room o agregador público."
PUB-CH-VS-MUN-6192,MUNICIPALITY,CH,VS,Wallis/Valais,6192,Gemeinde/Stadt Blatten,Bezirk Raron,1,GERMAN,NO,3,P2_RURAL,Stadtgrün;Stadtgärtnerei;Werkhof;Werkdienst;Gemeindebetriebe;Friedhof;Parks;Sportanlagen;Schulanlagen;Forst;Liegenschaften;Strassenunterhalt;Arealpflege;Winterdienst,DISCOVERY_PENDING,,TO_DISCOVER,NOT_YET_AUDITED,"Puede publicar en portal propio, ATS compartido, cantón, Job-Room o agregador público."
PUB-CH-VS-MUN-6002,MUNICIPALITY,CH,VS,Wallis/Valais,6002,Gemeinde/Stadt Brig-Glis,Bezirk Brig,1,GERMAN,YES,2,P0_CITY,Stadtgrün;Stadtgärtnerei;Werkhof;Werkdienst;Gemeindebetriebe;Friedhof;Parks;Sportanlagen;Schulanlagen;Forst;Liegenschaften;Strassenunterhalt;Arealpflege;Winterdienst,DISCOVERY_PENDING,,TO_DISCOVER,NOT_YET_AUDITED,"Puede publicar en portal propio, ATS compartido, cantón, Job-Room o agregador público."
PUB-CH-VS-MUN-6193,MUNICIPALITY,CH,VS,Wallis/Valais,6193,Gemeinde/Stadt Bürchen,Bezirk Raron,1,GERMAN,NO,3,P2_RURAL,Stadtgrün;Stadtgärtnerei;Werkhof;Werkdienst;Gemeindebetriebe;Friedhof;Parks;Sportanlagen;Schulanlagen;Forst;Liegenschaften;Strassenunterhalt;Arealpflege;Winterdienst,DISCOVERY_PENDING,,TO_DISCOVER,NOT_YET_AUDITED,"Puede publicar en portal propio, ATS compartido, cantón, Job-Room o agregador público."
PUB-CH-VS-MUN-6004,MUNICIPALITY,CH,VS,Wallis/Valais,6004,Gemeinde/Stadt Eggerberg,Bezirk Brig,1,GERMAN,NO,3,P2_RURAL,Stadtgrün;Stadtgärtnerei;Werkhof;Werkdienst;Gemeindebetriebe;Friedhof;Parks;Sportanlagen;Schulanlagen;Forst;Liegenschaften;Strassenunterhalt;Arealpflege;Winterdienst,DISCOVERY_PENDING,,TO_DISCOVER,NOT_YET_AUDITED,"Puede publicar en portal propio, ATS compartido, cantón, Job-Room o agregador público."
PUB-CH-VS-MUN-6194,MUNICIPALITY,CH,VS,Wallis/Valais,6194,Gemeinde/Stadt Eischoll,Bezirk Raron,1,GERMAN,NO,3,P2_RURAL,Stadtgrün;Stadtgärtnerei;Werkhof;Werkdienst;Gemeindebetriebe;Friedhof;Parks;Sportanlagen;Schulanlagen;Forst;Liegenschaften;Strassenunterhalt;Arealpflege;Winterdienst,DISCOVERY_PENDING,,TO_DISCOVER,NOT_YET_AUDITED,"Puede publicar en portal propio, ATS compartido, cantón, Job-Room o agregador público."
PUB-CH-VS-MUN-6282,MUNICIPALITY,CH,VS,Wallis/Valais,6282,Gemeinde/Stadt Eisten,Bezirk Visp,1,GERMAN,NO,3,P2_RURAL,Stadtgrün;Stadtgärtnerei;Werkhof;Werkdienst;Gemeindebetriebe;Friedhof;Parks;Sportanlagen;Schulanlagen;Forst;Liegenschaften;Strassenunterhalt;Arealpflege;Winterdienst,DISCOVERY_PENDING,,TO_DISCOVER,NOT_YET_AUDITED,"Puede publicar en portal propio, ATS compartido, cantón, Job-Room o agregador público."
PUB-CH-VS-MUN-6283,MUNICIPALITY,CH,VS,Wallis/Valais,6283,Gemeinde/Stadt Embd,Bezirk Visp,1,GERMAN,NO,3,P2_RURAL,Stadtgrün;Stadtgärtnerei;Werkhof;Werkdienst;Gemeindebetriebe;Friedhof;Parks;Sportanlagen;Schulanlagen;Forst;Liegenschaften;Strassenunterhalt;Arealpflege;Winterdienst,DISCOVERY_PENDING,,TO_DISCOVER,NOT_YET_AUDITED,"Puede publicar en portal propio, ATS compartido, cantón, Job-Room o agregador público."
PUB-CH-VS-MUN-6104,MUNICIPALITY,CH,VS,Wallis/Valais,6104,Gemeinde/Stadt Ergisch,Bezirk Leuk,1,GERMAN,NO,3,P2_RURAL,Stadtgrün;Stadtgärtnerei;Werkhof;Werkdienst;Gemeindebetriebe;Friedhof;Parks;Sportanlagen;Schulanlagen;Forst;Liegenschaften;Strassenunterhalt;Arealpflege;Winterdienst,DISCOVERY_PENDING,,TO_DISCOVER,NOT_YET_AUDITED,"Puede publicar en portal propio, ATS compartido, cantón, Job-Room o agregador público."
PUB-CH-VS-MUN-6056,MUNICIPALITY,CH,VS,Wallis/Valais,6056,Gemeinde/Stadt Ernen,Bezirk Goms,1,GERMAN,NO,3,P2_RURAL,Stadtgrün;Stadtgärtnerei;Werkhof;Werkdienst;Gemeindebetriebe;Friedhof;Parks;Sportanlagen;Schulanlagen;Forst;Liegenschaften;Strassenunterhalt;Arealpflege;Winterdienst,DISCOVERY_PENDING,,TO_DISCOVER,NOT_YET_AUDITED,"Puede publicar en portal propio, ATS compartido, cantón, Job-Room o agregador público."
PUB-CH-VS-MUN-6195,MUNICIPALITY,CH,VS,Wallis/Valais,6195,Gemeinde/Stadt Ferden,Bezirk Raron,1,GERMAN,NO,3,P2_RURAL,Stadtgrün;Stadtgärtnerei;Werkhof;Werkdienst;Gemeindebetriebe;Friedhof;Parks;Sportanlagen;Schulanlagen;Forst;Liegenschaften;Strassenunterhalt;Arealpflege;Winterdienst,DISCOVERY_PENDING,,TO_DISCOVER,NOT_YET_AUDITED,"Puede publicar en portal propio, ATS compartido, cantón, Job-Room o agregador público."
PUB-CH-VS-MUN-6057,MUNICIPALITY,CH,VS,Wallis/Valais,6057,Gemeinde/Stadt Fiesch,Bezirk Goms,1,GERMAN,NO,3,P2_RURAL,Stadtgrün;Stadtgärtnerei;Werkhof;Werkdienst;Gemeindebetriebe;Friedhof;Parks;Sportanlagen;Schulanlagen;Forst;Liegenschaften;Strassenunterhalt;Arealpflege;Winterdienst,DISCOVERY_PENDING,,TO_DISCOVER,NOT_YET_AUDITED,"Puede publicar en portal propio, ATS compartido, cantón, Job-Room o agregador público."
PUB-CH-VS-MUN-6058,MUNICIPALITY,CH,VS,Wallis/Valais,6058,Gemeinde/Stadt Fieschertal,Bezirk Goms,1,GERMAN,NO,3,P2_RURAL,Stadtgrün;Stadtgärtnerei;Werkhof;Werkdienst;Gemeindebetriebe;Friedhof;Parks;Sportanlagen;Schulanlagen;Forst;Liegenschaften;Strassenunterhalt;Arealpflege;Winterdienst,DISCOVERY_PENDING,,TO_DISCOVER,NOT_YET_AUDITED,"Puede publicar en portal propio, ATS compartido, cantón, Job-Room o agregador público."
PUB-CH-VS-MUN-6118,MUNICIPALITY,CH,VS,Wallis/Valais,6118,Gemeinde/Stadt Gampel-Bratsch,Bezirk Leuk,1,GERMAN,NO,3,P2_RURAL,Stadtgrün;Stadtgärtnerei;Werkhof;Werkdienst;Gemeindebetriebe;Friedhof;Parks;Sportanlagen;Schulanlagen;Forst;Liegenschaften;Strassenunterhalt;Arealpflege;Winterdienst,DISCOVERY_PENDING,,TO_DISCOVER,NOT_YET_AUDITED,"Puede publicar en portal propio, ATS compartido, cantón, Job-Room o agregador público."
PUB-CH-VS-MUN-6077,MUNICIPALITY,CH,VS,Wallis/Valais,6077,Gemeinde/Stadt Goms,Bezirk Goms,1,GERMAN,NO,3,P2_RURAL,Stadtgrün;Stadtgärtnerei;Werkhof;Werkdienst;Gemeindebetriebe;Friedhof;Parks;Sportanlagen;Schulanlagen;Forst;Liegenschaften;Strassenunterhalt;Arealpflege;Winterdienst,DISCOVERY_PENDING,,TO_DISCOVER,NOT_YET_AUDITED,"Puede publicar en portal propio, ATS compartido, cantón, Job-Room o agregador público."
PUB-CH-VS-MUN-6177,MUNICIPALITY,CH,VS,Wallis/Valais,6177,Gemeinde/Stadt Grengiols,Bezirk Raron,1,GERMAN,NO,3,P2_RURAL,Stadtgrün;Stadtgärtnerei;Werkhof;Werkdienst;Gemeindebetriebe;Friedhof;Parks;Sportanlagen;Schulanlagen;Forst;Liegenschaften;Strassenunterhalt;Arealpflege;Winterdienst,DISCOVERY_PENDING,,TO_DISCOVER,NOT_YET_AUDITED,"Puede publicar en portal propio, ATS compartido, cantón, Job-Room o agregador público."
PUB-CH-VS-MUN-6285,MUNICIPALITY,CH,VS,Wallis/Valais,6285,Gemeinde/Stadt Grächen,Bezirk Visp,1,GERMAN,NO,3,P2_RURAL,Stadtgrün;Stadtgärtnerei;Werkhof;Werkdienst;Gemeindebetriebe;Friedhof;Parks;Sportanlagen;Schulanlagen;Forst;Liegenschaften;Strassenunterhalt;Arealpflege;Winterdienst,DISCOVERY_PENDING,,TO_DISCOVER,NOT_YET_AUDITED,"Puede publicar en portal propio, ATS compartido, cantón, Job-Room o agregador público."
PUB-CH-VS-MUN-6117,MUNICIPALITY,CH,VS,Wallis/Valais,6117,Gemeinde/Stadt Guttet-Feschel,Bezirk Leuk,1,GERMAN,NO,3,P2_RURAL,Stadtgrün;Stadtgärtnerei;Werkhof;Werkdienst;Gemeindebetriebe;Friedhof;Parks;Sportanlagen;Schulanlagen;Forst;Liegenschaften;Strassenunterhalt;Arealpflege;Winterdienst,DISCOVERY_PENDING,,TO_DISCOVER,NOT_YET_AUDITED,"Puede publicar en portal propio, ATS compartido, cantón, Job-Room o agregador público."
PUB-CH-VS-MUN-6109,MUNICIPALITY,CH,VS,Wallis/Valais,6109,Gemeinde/Stadt Inden,Bezirk Leuk,1,GERMAN,NO,3,P2_RURAL,Stadtgrün;Stadtgärtnerei;Werkhof;Werkdienst;Gemeindebetriebe;Friedhof;Parks;Sportanlagen;Schulanlagen;Forst;Liegenschaften;Strassenunterhalt;Arealpflege;Winterdienst,DISCOVERY_PENDING,,TO_DISCOVER,NOT_YET_AUDITED,"Puede publicar en portal propio, ATS compartido, cantón, Job-Room o agregador público."
PUB-CH-VS-MUN-6197,MUNICIPALITY,CH,VS,Wallis/Valais,6197,Gemeinde/Stadt Kippel,Bezirk Raron,1,GERMAN,NO,3,P2_RURAL,Stadtgrün;Stadtgärtnerei;Werkhof;Werkdienst;Gemeindebetriebe;Friedhof;Parks;Sportanlagen;Schulanlagen;Forst;Liegenschaften;Strassenunterhalt;Arealpflege;Winterdienst,DISCOVERY_PENDING,,TO_DISCOVER,NOT_YET_AUDITED,"Puede publicar en portal propio, ATS compartido, cantón, Job-Room o agregador público."
PUB-CH-VS-MUN-6286,MUNICIPALITY,CH,VS,Wallis/Valais,6286,Gemeinde/Stadt Lalden,Bezirk Visp,1,GERMAN,NO,2,P1_URBAN_OR_INTERMEDIATE,Stadtgrün;Stadtgärtnerei;Werkhof;Werkdienst;Gemeindebetriebe;Friedhof;Parks;Sportanlagen;Schulanlagen;Forst;Liegenschaften;Strassenunterhalt;Arealpflege;Winterdienst,DISCOVERY_PENDING,,TO_DISCOVER,NOT_YET_AUDITED,"Puede publicar en portal propio, ATS compartido, cantón, Job-Room o agregador público."
PUB-CH-VS-MUN-6061,MUNICIPALITY,CH,VS,Wallis/Valais,6061,Gemeinde/Stadt Lax,Bezirk Goms,1,GERMAN,NO,3,P2_RURAL,Stadtgrün;Stadtgärtnerei;Werkhof;Werkdienst;Gemeindebetriebe;Friedhof;Parks;Sportanlagen;Schulanlagen;Forst;Liegenschaften;Strassenunterhalt;Arealpflege;Winterdienst,DISCOVERY_PENDING,,TO_DISCOVER,NOT_YET_AUDITED,"Puede publicar en portal propio, ATS compartido, cantón, Job-Room o agregador público."
PUB-CH-VS-MUN-6110,MUNICIPALITY,CH,VS,Wallis/Valais,6110,Gemeinde/Stadt Leuk,Bezirk Leuk,1,GERMAN,NO,3,P2_RURAL,Stadtgrün;Stadtgärtnerei;Werkhof;Werkdienst;Gemeindebetriebe;Friedhof;Parks;Sportanlagen;Schulanlagen;Forst;Liegenschaften;Strassenunterhalt;Arealpflege;Winterdienst,DISCOVERY_PENDING,,TO_DISCOVER,NOT_YET_AUDITED,"Puede publicar en portal propio, ATS compartido, cantón, Job-Room o agregador público."
PUB-CH-VS-MUN-6111,MUNICIPALITY,CH,VS,Wallis/Valais,6111,Gemeinde/Stadt Leukerbad,Bezirk Leuk,1,GERMAN,NO,3,P2_RURAL,Stadtgrün;Stadtgärtnerei;Werkhof;Werkdienst;Gemeindebetriebe;Friedhof;Parks;Sportanlagen;Schulanlagen;Forst;Liegenschaften;Strassenunterhalt;Arealpflege;Winterdienst,DISCOVERY_PENDING,,TO_DISCOVER,NOT_YET_AUDITED,"Puede publicar en portal propio, ATS compartido, cantón, Job-Room o agregador público."
PUB-CH-VS-MUN-6203,MUNICIPALITY,CH,VS,Wallis/Valais,6203,Gemeinde/Stadt Mörel-Filet,Bezirk Raron,1,GERMAN,NO,3,P2_RURAL,Stadtgrün;Stadtgärtnerei;Werkhof;Werkdienst;Gemeindebetriebe;Friedhof;Parks;Sportanlagen;Schulanlagen;Forst;Liegenschaften;Strassenunterhalt;Arealpflege;Winterdienst,DISCOVERY_PENDING,,TO_DISCOVER,NOT_YET_AUDITED,"Puede publicar en portal propio, ATS compartido, cantón, Job-Room o agregador público."
PUB-CH-VS-MUN-6007,MUNICIPALITY,CH,VS,Wallis/Valais,6007,Gemeinde/Stadt Naters,Bezirk Brig,1,GERMAN,NO,2,P1_URBAN_OR_INTERMEDIATE,Stadtgrün;Stadtgärtnerei;Werkhof;Werkdienst;Gemeindebetriebe;Friedhof;Parks;Sportanlagen;Schulanlagen;Forst;Liegenschaften;Strassenunterhalt;Arealpflege;Winterdienst,DISCOVERY_PENDING,,TO_DISCOVER,NOT_YET_AUDITED,"Puede publicar en portal propio, ATS compartido, cantón, Job-Room o agregador público."
PUB-CH-VS-MUN-6198,MUNICIPALITY,CH,VS,Wallis/Valais,6198,Gemeinde/Stadt Niedergesteln,Bezirk Raron,1,GERMAN,NO,3,P2_RURAL,Stadtgrün;Stadtgärtnerei;Werkhof;Werkdienst;Gemeindebetriebe;Friedhof;Parks;Sportanlagen;Schulanlagen;Forst;Liegenschaften;Strassenunterhalt;Arealpflege;Winterdienst,DISCOVERY_PENDING,,TO_DISCOVER,NOT_YET_AUDITED,"Puede publicar en portal propio, ATS compartido, cantón, Job-Room o agregador público."
PUB-CH-VS-MUN-6112,MUNICIPALITY,CH,VS,Wallis/Valais,6112,Gemeinde/Stadt Oberems,Bezirk Leuk,1,GERMAN,NO,3,P2_RURAL,Stadtgrün;Stadtgärtnerei;Werkhof;Werkdienst;Gemeindebetriebe;Friedhof;Parks;Sportanlagen;Schulanlagen;Forst;Liegenschaften;Strassenunterhalt;Arealpflege;Winterdienst,DISCOVERY_PENDING,,TO_DISCOVER,NOT_YET_AUDITED,"Puede publicar en portal propio, ATS compartido, cantón, Job-Room o agregador público."
PUB-CH-VS-MUN-6076,MUNICIPALITY,CH,VS,Wallis/Valais,6076,Gemeinde/Stadt Obergoms,Bezirk Goms,1,GERMAN,NO,3,P2_RURAL,Stadtgrün;Stadtgärtnerei;Werkhof;Werkdienst;Gemeindebetriebe;Friedhof;Parks;Sportanlagen;Schulanlagen;Forst;Liegenschaften;Strassenunterhalt;Arealpflege;Winterdienst,DISCOVERY_PENDING,,TO_DISCOVER,NOT_YET_AUDITED,"Puede publicar en portal propio, ATS compartido, cantón, Job-Room o agregador público."
PUB-CH-VS-MUN-6287,MUNICIPALITY,CH,VS,Wallis/Valais,6287,Gemeinde/Stadt Randa,Bezirk Visp,1,GERMAN,NO,3,P2_RURAL,Stadtgrün;Stadtgärtnerei;Werkhof;Werkdienst;Gemeindebetriebe;Friedhof;Parks;Sportanlagen;Schulanlagen;Forst;Liegenschaften;Strassenunterhalt;Arealpflege;Winterdienst,DISCOVERY_PENDING,,TO_DISCOVER,NOT_YET_AUDITED,"Puede publicar en portal propio, ATS compartido, cantón, Job-Room o agregador público."
PUB-CH-VS-MUN-6199,MUNICIPALITY,CH,VS,Wallis/Valais,6199,Gemeinde/Stadt Raron,Bezirk Raron,1,GERMAN,NO,3,P2_RURAL,Stadtgrün;Stadtgärtnerei;Werkhof;Werkdienst;Gemeindebetriebe;Friedhof;Parks;Sportanlagen;Schulanlagen;Forst;Liegenschaften;Strassenunterhalt;Arealpflege;Winterdienst,DISCOVERY_PENDING,,TO_DISCOVER,NOT_YET_AUDITED,"Puede publicar en portal propio, ATS compartido, cantón, Job-Room o agregador público."
PUB-CH-VS-MUN-6008,MUNICIPALITY,CH,VS,Wallis/Valais,6008,Gemeinde/Stadt Ried-Brig,Bezirk Brig,1,GERMAN,NO,2,P1_URBAN_OR_INTERMEDIATE,Stadtgrün;Stadtgärtnerei;Werkhof;Werkdienst;Gemeindebetriebe;Friedhof;Parks;Sportanlagen;Schulanlagen;Forst;Liegenschaften;Strassenunterhalt;Arealpflege;Winterdienst,DISCOVERY_PENDING,,TO_DISCOVER,NOT_YET_AUDITED,"Puede publicar en portal propio, ATS compartido, cantón, Job-Room o agregador público."
PUB-CH-VS-MUN-6181,MUNICIPALITY,CH,VS,Wallis/Valais,6181,Gemeinde/Stadt Riederalp,Bezirk Raron,1,GERMAN,NO,3,P2_RURAL,Stadtgrün;Stadtgärtnerei;Werkhof;Werkdienst;Gemeindebetriebe;Friedhof;Parks;Sportanlagen;Schulanlagen;Forst;Liegenschaften;Strassenunterhalt;Arealpflege;Winterdienst,DISCOVERY_PENDING,,TO_DISCOVER,NOT_YET_AUDITED,"Puede publicar en portal propio, ATS compartido, cantón, Job-Room o agregador público."
PUB-CH-VS-MUN-6288,MUNICIPALITY,CH,VS,Wallis/Valais,6288,Gemeinde/Stadt Saas-Almagell,Bezirk Visp,1,GERMAN,NO,3,P2_RURAL,Stadtgrün;Stadtgärtnerei;Werkhof;Werkdienst;Gemeindebetriebe;Friedhof;Parks;Sportanlagen;Schulanlagen;Forst;Liegenschaften;Strassenunterhalt;Arealpflege;Winterdienst,DISCOVERY_PENDING,,TO_DISCOVER,NOT_YET_AUDITED,"Puede publicar en portal propio, ATS compartido, cantón, Job-Room o agregador público."
PUB-CH-VS-MUN-6289,MUNICIPALITY,CH,VS,Wallis/Valais,6289,Gemeinde/Stadt Saas-Balen,Bezirk Visp,1,GERMAN,NO,3,P2_RURAL,Stadtgrün;Stadtgärtnerei;Werkhof;Werkdienst;Gemeindebetriebe;Friedhof;Parks;Sportanlagen;Schulanlagen;Forst;Liegenschaften;Strassenunterhalt;Arealpflege;Winterdienst,DISCOVERY_PENDING,,TO_DISCOVER,NOT_YET_AUDITED,"Puede publicar en portal propio, ATS compartido, cantón, Job-Room o agregador público."
PUB-CH-VS-MUN-6290,MUNICIPALITY,CH,VS,Wallis/Valais,6290,Gemeinde/Stadt Saas-Fee,Bezirk Visp,1,GERMAN,NO,3,P2_RURAL,Stadtgrün;Stadtgärtnerei;Werkhof;Werkdienst;Gemeindebetriebe;Friedhof;Parks;Sportanlagen;Schulanlagen;Forst;Liegenschaften;Strassenunterhalt;Arealpflege;Winterdienst,DISCOVERY_PENDING,,TO_DISCOVER,NOT_YET_AUDITED,"Puede publicar en portal propio, ATS compartido, cantón, Job-Room o agregador público."
PUB-CH-VS-MUN-6291,MUNICIPALITY,CH,VS,Wallis/Valais,6291,Gemeinde/Stadt Saas-Grund,Bezirk Visp,1,GERMAN,NO,3,P2_RURAL,Stadtgrün;Stadtgärtnerei;Werkhof;Werkdienst;Gemeindebetriebe;Friedhof;Parks;Sportanlagen;Schulanlagen;Forst;Liegenschaften;Strassenunterhalt;Arealpflege;Winterdienst,DISCOVERY_PENDING,,TO_DISCOVER,NOT_YET_AUDITED,"Puede publicar en portal propio, ATS compartido, cantón, Job-Room o agregador público."
PUB-CH-VS-MUN-6113,MUNICIPALITY,CH,VS,Wallis/Valais,6113,Gemeinde/Stadt Salgesch,Bezirk Leuk,1,GERMAN,NO,3,P2_RURAL,Stadtgrün;Stadtgärtnerei;Werkhof;Werkdienst;Gemeindebetriebe;Friedhof;Parks;Sportanlagen;Schulanlagen;Forst;Liegenschaften;Strassenunterhalt;Arealpflege;Winterdienst,DISCOVERY_PENDING,,TO_DISCOVER,NOT_YET_AUDITED,"Puede publicar en portal propio, ATS compartido, cantón, Job-Room o agregador público."
PUB-CH-VS-MUN-6009,MUNICIPALITY,CH,VS,Wallis/Valais,6009,Gemeinde/Stadt Simplon,Bezirk Brig,1,GERMAN,NO,3,P2_RURAL,Stadtgrün;Stadtgärtnerei;Werkhof;Werkdienst;Gemeindebetriebe;Friedhof;Parks;Sportanlagen;Schulanlagen;Forst;Liegenschaften;Strassenunterhalt;Arealpflege;Winterdienst,DISCOVERY_PENDING,,TO_DISCOVER,NOT_YET_AUDITED,"Puede publicar en portal propio, ATS compartido, cantón, Job-Room o agregador público."
PUB-CH-VS-MUN-6292,MUNICIPALITY,CH,VS,Wallis/Valais,6292,Gemeinde/Stadt St. Niklaus,Bezirk Visp,1,GERMAN,NO,3,P2_RURAL,Stadtgrün;Stadtgärtnerei;Werkhof;Werkdienst;Gemeindebetriebe;Friedhof;Parks;Sportanlagen;Schulanlagen;Forst;Liegenschaften;Strassenunterhalt;Arealpflege;Winterdienst,DISCOVERY_PENDING,,TO_DISCOVER,NOT_YET_AUDITED,"Puede publicar en portal propio, ATS compartido, cantón, Job-Room o agregador público."
PUB-CH-VS-MUN-6293,MUNICIPALITY,CH,VS,Wallis/Valais,6293,Gemeinde/Stadt Stalden (VS),Bezirk Visp,1,GERMAN,NO,3,P2_RURAL,Stadtgrün;Stadtgärtnerei;Werkhof;Werkdienst;Gemeindebetriebe;Friedhof;Parks;Sportanlagen;Schulanlagen;Forst;Liegenschaften;Strassenunterhalt;Arealpflege;Winterdienst,DISCOVERY_PENDING,,TO_DISCOVER,NOT_YET_AUDITED,"Puede publicar en portal propio, ATS compartido, cantón, Job-Room o agregador público."
PUB-CH-VS-MUN-6294,MUNICIPALITY,CH,VS,Wallis/Valais,6294,Gemeinde/Stadt Staldenried,Bezirk Visp,1,GERMAN,NO,3,P2_RURAL,Stadtgrün;Stadtgärtnerei;Werkhof;Werkdienst;Gemeindebetriebe;Friedhof;Parks;Sportanlagen;Schulanlagen;Forst;Liegenschaften;Strassenunterhalt;Arealpflege;Winterdienst,DISCOVERY_PENDING,,TO_DISCOVER,NOT_YET_AUDITED,"Puede publicar en portal propio, ATS compartido, cantón, Job-Room o agregador público."
PUB-CH-VS-MUN-6204,MUNICIPALITY,CH,VS,Wallis/Valais,6204,Gemeinde/Stadt Steg-Hohtenn,Bezirk Raron,1,GERMAN,NO,3,P2_RURAL,Stadtgrün;Stadtgärtnerei;Werkhof;Werkdienst;Gemeindebetriebe;Friedhof;Parks;Sportanlagen;Schulanlagen;Forst;Liegenschaften;Strassenunterhalt;Arealpflege;Winterdienst,DISCOVERY_PENDING,,TO_DISCOVER,NOT_YET_AUDITED,"Puede publicar en portal propio, ATS compartido, cantón, Job-Room o agregador público."
PUB-CH-VS-MUN-6010,MUNICIPALITY,CH,VS,Wallis/Valais,6010,Gemeinde/Stadt Termen,Bezirk Brig,1,GERMAN,NO,2,P1_URBAN_OR_INTERMEDIATE,Stadtgrün;Stadtgärtnerei;Werkhof;Werkdienst;Gemeindebetriebe;Friedhof;Parks;Sportanlagen;Schulanlagen;Forst;Liegenschaften;Strassenunterhalt;Arealpflege;Winterdienst,DISCOVERY_PENDING,,TO_DISCOVER,NOT_YET_AUDITED,"Puede publicar en portal propio, ATS compartido, cantón, Job-Room o agregador público."
PUB-CH-VS-MUN-6119,MUNICIPALITY,CH,VS,Wallis/Valais,6119,Gemeinde/Stadt Turtmann-Unterems,Bezirk Leuk,1,GERMAN,NO,3,P2_RURAL,Stadtgrün;Stadtgärtnerei;Werkhof;Werkdienst;Gemeindebetriebe;Friedhof;Parks;Sportanlagen;Schulanlagen;Forst;Liegenschaften;Strassenunterhalt;Arealpflege;Winterdienst,DISCOVERY_PENDING,,TO_DISCOVER,NOT_YET_AUDITED,"Puede publicar en portal propio, ATS compartido, cantón, Job-Room o agregador público."
PUB-CH-VS-MUN-6295,MUNICIPALITY,CH,VS,Wallis/Valais,6295,Gemeinde/Stadt Täsch,Bezirk Visp,1,GERMAN,NO,3,P2_RURAL,Stadtgrün;Stadtgärtnerei;Werkhof;Werkdienst;Gemeindebetriebe;Friedhof;Parks;Sportanlagen;Schulanlagen;Forst;Liegenschaften;Strassenunterhalt;Arealpflege;Winterdienst,DISCOVERY_PENDING,,TO_DISCOVER,NOT_YET_AUDITED,"Puede publicar en portal propio, ATS compartido, cantón, Job-Room o agregador público."
PUB-CH-VS-MUN-6296,MUNICIPALITY,CH,VS,Wallis/Valais,6296,Gemeinde/Stadt Törbel,Bezirk Visp,1,GERMAN,NO,3,P2_RURAL,Stadtgrün;Stadtgärtnerei;Werkhof;Werkdienst;Gemeindebetriebe;Friedhof;Parks;Sportanlagen;Schulanlagen;Forst;Liegenschaften;Strassenunterhalt;Arealpflege;Winterdienst,DISCOVERY_PENDING,,TO_DISCOVER,NOT_YET_AUDITED,"Puede publicar en portal propio, ATS compartido, cantón, Job-Room o agregador público."
PUB-CH-VS-MUN-6201,MUNICIPALITY,CH,VS,Wallis/Valais,6201,Gemeinde/Stadt Unterbäch,Bezirk Raron,1,GERMAN,NO,3,P2_RURAL,Stadtgrün;Stadtgärtnerei;Werkhof;Werkdienst;Gemeindebetriebe;Friedhof;Parks;Sportanlagen;Schulanlagen;Forst;Liegenschaften;Strassenunterhalt;Arealpflege;Winterdienst,DISCOVERY_PENDING,,TO_DISCOVER,NOT_YET_AUDITED,"Puede publicar en portal propio, ATS compartido, cantón, Job-Room o agregador público."
PUB-CH-VS-MUN-6116,MUNICIPALITY,CH,VS,Wallis/Valais,6116,Gemeinde/Stadt Varen,Bezirk Leuk,1,GERMAN,NO,3,P2_RURAL,Stadtgrün;Stadtgärtnerei;Werkhof;Werkdienst;Gemeindebetriebe;Friedhof;Parks;Sportanlagen;Schulanlagen;Forst;Liegenschaften;Strassenunterhalt;Arealpflege;Winterdienst,DISCOVERY_PENDING,,TO_DISCOVER,NOT_YET_AUDITED,"Puede publicar en portal propio, ATS compartido, cantón, Job-Room o agregador público."
PUB-CH-VS-MUN-6297,MUNICIPALITY,CH,VS,Wallis/Valais,6297,Gemeinde/Stadt Visp,Bezirk Visp,1,GERMAN,YES,2,P0_CITY,Stadtgrün;Stadtgärtnerei;Werkhof;Werkdienst;Gemeindebetriebe;Friedhof;Parks;Sportanlagen;Schulanlagen;Forst;Liegenschaften;Strassenunterhalt;Arealpflege;Winterdienst,DISCOVERY_PENDING,,TO_DISCOVER,NOT_YET_AUDITED,"Puede publicar en portal propio, ATS compartido, cantón, Job-Room o agregador público."
PUB-CH-VS-MUN-6298,MUNICIPALITY,CH,VS,Wallis/Valais,6298,Gemeinde/Stadt Visperterminen,Bezirk Visp,1,GERMAN,NO,3,P2_RURAL,Stadtgrün;Stadtgärtnerei;Werkhof;Werkdienst;Gemeindebetriebe;Friedhof;Parks;Sportanlagen;Schulanlagen;Forst;Liegenschaften;Strassenunterhalt;Arealpflege;Winterdienst,DISCOVERY_PENDING,,TO_DISCOVER,NOT_YET_AUDITED,"Puede publicar en portal propio, ATS compartido, cantón, Job-Room o agregador público."
PUB-CH-VS-MUN-6202,MUNICIPALITY,CH,VS,Wallis/Valais,6202,Gemeinde/Stadt Wiler (Lötschen),Bezirk Raron,1,GERMAN,NO,3,P2_RURAL,Stadtgrün;Stadtgärtnerei;Werkhof;Werkdienst;Gemeindebetriebe;Friedhof;Parks;Sportanlagen;Schulanlagen;Forst;Liegenschaften;Strassenunterhalt;Arealpflege;Winterdienst,DISCOVERY_PENDING,,TO_DISCOVER,NOT_YET_AUDITED,"Puede publicar en portal propio, ATS compartido, cantón, Job-Room o agregador público."
PUB-CH-VS-MUN-6299,MUNICIPALITY,CH,VS,Wallis/Valais,6299,Gemeinde/Stadt Zeneggen,Bezirk Visp,1,GERMAN,NO,3,P2_RURAL,Stadtgrün;Stadtgärtnerei;Werkhof;Werkdienst;Gemeindebetriebe;Friedhof;Parks;Sportanlagen;Schulanlagen;Forst;Liegenschaften;Strassenunterhalt;Arealpflege;Winterdienst,DISCOVERY_PENDING,,TO_DISCOVER,NOT_YET_AUDITED,"Puede publicar en portal propio, ATS compartido, cantón, Job-Room o agregador público."
PUB-CH-VS-MUN-6300,MUNICIPALITY,CH,VS,Wallis/Valais,6300,Gemeinde/Stadt Zermatt,Bezirk Visp,1,GERMAN,YES,2,P0_CITY,Stadtgrün;Stadtgärtnerei;Werkhof;Werkdienst;Gemeindebetriebe;Friedhof;Parks;Sportanlagen;Schulanlagen;Forst;Liegenschaften;Strassenunterhalt;Arealpflege;Winterdienst,DISCOVERY_PENDING,,TO_DISCOVER,NOT_YET_AUDITED,"Puede publicar en portal propio, ATS compartido, cantón, Job-Room o agregador público."
PUB-CH-VS-MUN-6011,MUNICIPALITY,CH,VS,Wallis/Valais,6011,Gemeinde/Stadt Zwischbergen,Bezirk Brig,1,GERMAN,NO,3,P2_RURAL,Stadtgrün;Stadtgärtnerei;Werkhof;Werkdienst;Gemeindebetriebe;Friedhof;Parks;Sportanlagen;Schulanlagen;Forst;Liegenschaften;Strassenunterhalt;Arealpflege;Winterdienst,DISCOVERY_PENDING,,TO_DISCOVER,NOT_YET_AUDITED,"Puede publicar en portal propio, ATS compartido, cantón, Job-Room o agregador público."
PUB-CH-ZG-MUN-1701,MUNICIPALITY,CH,ZG,Zug,1701,Gemeinde/Stadt Baar,Kanton Zug,1,GERMAN,YES,1,P0_CITY,Stadtgrün;Stadtgärtnerei;Werkhof;Werkdienst;Gemeindebetriebe;Friedhof;Parks;Sportanlagen;Schulanlagen;Forst;Liegenschaften;Strassenunterhalt;Arealpflege;Winterdienst,DISCOVERY_PENDING,,TO_DISCOVER,NOT_YET_AUDITED,"Puede publicar en portal propio, ATS compartido, cantón, Job-Room o agregador público."
PUB-CH-ZG-MUN-1702,MUNICIPALITY,CH,ZG,Zug,1702,Gemeinde/Stadt Cham,Kanton Zug,1,GERMAN,YES,1,P0_CITY,Stadtgrün;Stadtgärtnerei;Werkhof;Werkdienst;Gemeindebetriebe;Friedhof;Parks;Sportanlagen;Schulanlagen;Forst;Liegenschaften;Strassenunterhalt;Arealpflege;Winterdienst,DISCOVERY_PENDING,,TO_DISCOVER,NOT_YET_AUDITED,"Puede publicar en portal propio, ATS compartido, cantón, Job-Room o agregador público."
PUB-CH-ZG-MUN-1703,MUNICIPALITY,CH,ZG,Zug,1703,Gemeinde/Stadt Hünenberg,Kanton Zug,1,GERMAN,NO,2,P1_URBAN_OR_INTERMEDIATE,Stadtgrün;Stadtgärtnerei;Werkhof;Werkdienst;Gemeindebetriebe;Friedhof;Parks;Sportanlagen;Schulanlagen;Forst;Liegenschaften;Strassenunterhalt;Arealpflege;Winterdienst,DISCOVERY_PENDING,,TO_DISCOVER,NOT_YET_AUDITED,"Puede publicar en portal propio, ATS compartido, cantón, Job-Room o agregador público."
PUB-CH-ZG-MUN-1704,MUNICIPALITY,CH,ZG,Zug,1704,Gemeinde/Stadt Menzingen,Kanton Zug,1,GERMAN,NO,3,P2_RURAL,Stadtgrün;Stadtgärtnerei;Werkhof;Werkdienst;Gemeindebetriebe;Friedhof;Parks;Sportanlagen;Schulanlagen;Forst;Liegenschaften;Strassenunterhalt;Arealpflege;Winterdienst,DISCOVERY_PENDING,,TO_DISCOVER,NOT_YET_AUDITED,"Puede publicar en portal propio, ATS compartido, cantón, Job-Room o agregador público."
PUB-CH-ZG-MUN-1705,MUNICIPALITY,CH,ZG,Zug,1705,Gemeinde/Stadt Neuheim,Kanton Zug,1,GERMAN,NO,3,P2_RURAL,Stadtgrün;Stadtgärtnerei;Werkhof;Werkdienst;Gemeindebetriebe;Friedhof;Parks;Sportanlagen;Schulanlagen;Forst;Liegenschaften;Strassenunterhalt;Arealpflege;Winterdienst,DISCOVERY_PENDING,,TO_DISCOVER,NOT_YET_AUDITED,"Puede publicar en portal propio, ATS compartido, cantón, Job-Room o agregador público."
PUB-CH-ZG-MUN-1706,MUNICIPALITY,CH,ZG,Zug,1706,Gemeinde/Stadt Oberägeri,Kanton Zug,1,GERMAN,NO,2,P1_URBAN_OR_INTERMEDIATE,Stadtgrün;Stadtgärtnerei;Werkhof;Werkdienst;Gemeindebetriebe;Friedhof;Parks;Sportanlagen;Schulanlagen;Forst;Liegenschaften;Strassenunterhalt;Arealpflege;Winterdienst,DISCOVERY_PENDING,,TO_DISCOVER,NOT_YET_AUDITED,"Puede publicar en portal propio, ATS compartido, cantón, Job-Room o agregador público."
PUB-CH-ZG-MUN-1707,MUNICIPALITY,CH,ZG,Zug,1707,Gemeinde/Stadt Risch,Kanton Zug,1,GERMAN,YES,2,P0_CITY,Stadtgrün;Stadtgärtnerei;Werkhof;Werkdienst;Gemeindebetriebe;Friedhof;Parks;Sportanlagen;Schulanlagen;Forst;Liegenschaften;Strassenunterhalt;Arealpflege;Winterdienst,DISCOVERY_PENDING,,TO_DISCOVER,NOT_YET_AUDITED,"Puede publicar en portal propio, ATS compartido, cantón, Job-Room o agregador público."
PUB-CH-ZG-MUN-1708,MUNICIPALITY,CH,ZG,Zug,1708,Gemeinde/Stadt Steinhausen,Kanton Zug,1,GERMAN,YES,1,P0_CITY,Stadtgrün;Stadtgärtnerei;Werkhof;Werkdienst;Gemeindebetriebe;Friedhof;Parks;Sportanlagen;Schulanlagen;Forst;Liegenschaften;Strassenunterhalt;Arealpflege;Winterdienst,DISCOVERY_PENDING,,TO_DISCOVER,NOT_YET_AUDITED,"Puede publicar en portal propio, ATS compartido, cantón, Job-Room o agregador público."
PUB-CH-ZG-MUN-1709,MUNICIPALITY,CH,ZG,Zug,1709,Gemeinde/Stadt Unterägeri,Kanton Zug,1,GERMAN,NO,2,P1_URBAN_OR_INTERMEDIATE,Stadtgrün;Stadtgärtnerei;Werkhof;Werkdienst;Gemeindebetriebe;Friedhof;Parks;Sportanlagen;Schulanlagen;Forst;Liegenschaften;Strassenunterhalt;Arealpflege;Winterdienst,DISCOVERY_PENDING,,TO_DISCOVER,NOT_YET_AUDITED,"Puede publicar en portal propio, ATS compartido, cantón, Job-Room o agregador público."
PUB-CH-ZG-MUN-1710,MUNICIPALITY,CH,ZG,Zug,1710,Gemeinde/Stadt Walchwil,Kanton Zug,1,GERMAN,NO,3,P2_RURAL,Stadtgrün;Stadtgärtnerei;Werkhof;Werkdienst;Gemeindebetriebe;Friedhof;Parks;Sportanlagen;Schulanlagen;Forst;Liegenschaften;Strassenunterhalt;Arealpflege;Winterdienst,DISCOVERY_PENDING,,TO_DISCOVER,NOT_YET_AUDITED,"Puede publicar en portal propio, ATS compartido, cantón, Job-Room o agregador público."
PUB-CH-ZG-MUN-1711,MUNICIPALITY,CH,ZG,Zug,1711,Gemeinde/Stadt Zug,Kanton Zug,1,GERMAN,YES,1,P0_CITY,Stadtgrün;Stadtgärtnerei;Werkhof;Werkdienst;Gemeindebetriebe;Friedhof;Parks;Sportanlagen;Schulanlagen;Forst;Liegenschaften;Strassenunterhalt;Arealpflege;Winterdienst,DISCOVERY_PENDING,,TO_DISCOVER,NOT_YET_AUDITED,"Puede publicar en portal propio, ATS compartido, cantón, Job-Room o agregador público."
PUB-CH-ZH-MUN-0131,MUNICIPALITY,CH,ZH,Zürich,131,Gemeinde/Stadt Adliswil,Bezirk Horgen,1,GERMAN,YES,1,P0_CITY,Stadtgrün;Stadtgärtnerei;Werkhof;Werkdienst;Gemeindebetriebe;Friedhof;Parks;Sportanlagen;Schulanlagen;Forst;Liegenschaften;Strassenunterhalt;Arealpflege;Winterdienst,DISCOVERY_PENDING,,TO_DISCOVER,NOT_YET_AUDITED,"Puede publicar en portal propio, ATS compartido, cantón, Job-Room o agregador público."
PUB-CH-ZH-MUN-0241,MUNICIPALITY,CH,ZH,Zürich,241,Gemeinde/Stadt Aesch (ZH),Bezirk Dietikon,1,GERMAN,NO,2,P1_URBAN_OR_INTERMEDIATE,Stadtgrün;Stadtgärtnerei;Werkhof;Werkdienst;Gemeindebetriebe;Friedhof;Parks;Sportanlagen;Schulanlagen;Forst;Liegenschaften;Strassenunterhalt;Arealpflege;Winterdienst,DISCOVERY_PENDING,,TO_DISCOVER,NOT_YET_AUDITED,"Puede publicar en portal propio, ATS compartido, cantón, Job-Room o agregador público."
PUB-CH-ZH-MUN-0001,MUNICIPALITY,CH,ZH,Zürich,1,Gemeinde/Stadt Aeugst am Albis,Bezirk Affoltern,1,GERMAN,NO,3,P2_RURAL,Stadtgrün;Stadtgärtnerei;Werkhof;Werkdienst;Gemeindebetriebe;Friedhof;Parks;Sportanlagen;Schulanlagen;Forst;Liegenschaften;Strassenunterhalt;Arealpflege;Winterdienst,DISCOVERY_PENDING,,TO_DISCOVER,NOT_YET_AUDITED,"Puede publicar en portal propio, ATS compartido, cantón, Job-Room o agregador público."
PUB-CH-ZH-MUN-0002,MUNICIPALITY,CH,ZH,Zürich,2,Gemeinde/Stadt Affoltern am Albis,Bezirk Affoltern,1,GERMAN,YES,2,P0_CITY,Stadtgrün;Stadtgärtnerei;Werkhof;Werkdienst;Gemeindebetriebe;Friedhof;Parks;Sportanlagen;Schulanlagen;Forst;Liegenschaften;Strassenunterhalt;Arealpflege;Winterdienst,DISCOVERY_PENDING,,TO_DISCOVER,NOT_YET_AUDITED,"Puede publicar en portal propio, ATS compartido, cantón, Job-Room o agregador público."
PUB-CH-ZH-MUN-0211,MUNICIPALITY,CH,ZH,Zürich,211,Gemeinde/Stadt Altikon,Bezirk Winterthur,1,GERMAN,NO,3,P2_RURAL,Stadtgrün;Stadtgärtnerei;Werkhof;Werkdienst;Gemeindebetriebe;Friedhof;Parks;Sportanlagen;Schulanlagen;Forst;Liegenschaften;Strassenunterhalt;Arealpflege;Winterdienst,DISCOVERY_PENDING,,TO_DISCOVER,NOT_YET_AUDITED,"Puede publicar en portal propio, ATS compartido, cantón, Job-Room o agregador público."
PUB-CH-ZH-MUN-0291,MUNICIPALITY,CH,ZH,Zürich,291,Gemeinde/Stadt Andelfingen,Bezirk Andelfingen,1,GERMAN,NO,3,P2_RURAL,Stadtgrün;Stadtgärtnerei;Werkhof;Werkdienst;Gemeindebetriebe;Friedhof;Parks;Sportanlagen;Schulanlagen;Forst;Liegenschaften;Strassenunterhalt;Arealpflege;Winterdienst,DISCOVERY_PENDING,,TO_DISCOVER,NOT_YET_AUDITED,"Puede publicar en portal propio, ATS compartido, cantón, Job-Room o agregador público."
PUB-CH-ZH-MUN-0051,MUNICIPALITY,CH,ZH,Zürich,51,Gemeinde/Stadt Bachenbülach,Bezirk Bülach,1,GERMAN,NO,2,P1_URBAN_OR_INTERMEDIATE,Stadtgrün;Stadtgärtnerei;Werkhof;Werkdienst;Gemeindebetriebe;Friedhof;Parks;Sportanlagen;Schulanlagen;Forst;Liegenschaften;Strassenunterhalt;Arealpflege;Winterdienst,DISCOVERY_PENDING,,TO_DISCOVER,NOT_YET_AUDITED,"Puede publicar en portal propio, ATS compartido, cantón, Job-Room o agregador público."
PUB-CH-ZH-MUN-0081,MUNICIPALITY,CH,ZH,Zürich,81,Gemeinde/Stadt Bachs,Bezirk Dielsdorf,1,GERMAN,NO,3,P2_RURAL,Stadtgrün;Stadtgärtnerei;Werkhof;Werkdienst;Gemeindebetriebe;Friedhof;Parks;Sportanlagen;Schulanlagen;Forst;Liegenschaften;Strassenunterhalt;Arealpflege;Winterdienst,DISCOVERY_PENDING,,TO_DISCOVER,NOT_YET_AUDITED,"Puede publicar en portal propio, ATS compartido, cantón, Job-Room o agregador público."
PUB-CH-ZH-MUN-0052,MUNICIPALITY,CH,ZH,Zürich,52,Gemeinde/Stadt Bassersdorf,Bezirk Bülach,1,GERMAN,YES,1,P0_CITY,Stadtgrün;Stadtgärtnerei;Werkhof;Werkdienst;Gemeindebetriebe;Friedhof;Parks;Sportanlagen;Schulanlagen;Forst;Liegenschaften;Strassenunterhalt;Arealpflege;Winterdienst,DISCOVERY_PENDING,,TO_DISCOVER,NOT_YET_AUDITED,"Puede publicar en portal propio, ATS compartido, cantón, Job-Room o agregador público."
PUB-CH-ZH-MUN-0297,MUNICIPALITY,CH,ZH,Zürich,297,Gemeinde/Stadt Bauma,Bezirk Pfäffikon,1,GERMAN,NO,3,P2_RURAL,Stadtgrün;Stadtgärtnerei;Werkhof;Werkdienst;Gemeindebetriebe;Friedhof;Parks;Sportanlagen;Schulanlagen;Forst;Liegenschaften;Strassenunterhalt;Arealpflege;Winterdienst,DISCOVERY_PENDING,,TO_DISCOVER,NOT_YET_AUDITED,"Puede publicar en portal propio, ATS compartido, cantón, Job-Room o agregador público."
PUB-CH-ZH-MUN-0022,MUNICIPALITY,CH,ZH,Zürich,22,Gemeinde/Stadt Benken (ZH),Bezirk Andelfingen,1,GERMAN,NO,3,P2_RURAL,Stadtgrün;Stadtgärtnerei;Werkhof;Werkdienst;Gemeindebetriebe;Friedhof;Parks;Sportanlagen;Schulanlagen;Forst;Liegenschaften;Strassenunterhalt;Arealpflege;Winterdienst,DISCOVERY_PENDING,,TO_DISCOVER,NOT_YET_AUDITED,"Puede publicar en portal propio, ATS compartido, cantón, Job-Room o agregador público."
PUB-CH-ZH-MUN-0023,MUNICIPALITY,CH,ZH,Zürich,23,Gemeinde/Stadt Berg am Irchel,Bezirk Andelfingen,1,GERMAN,NO,3,P2_RURAL,Stadtgrün;Stadtgärtnerei;Werkhof;Werkdienst;Gemeindebetriebe;Friedhof;Parks;Sportanlagen;Schulanlagen;Forst;Liegenschaften;Strassenunterhalt;Arealpflege;Winterdienst,DISCOVERY_PENDING,,TO_DISCOVER,NOT_YET_AUDITED,"Puede publicar en portal propio, ATS compartido, cantón, Job-Room o agregador público."
PUB-CH-ZH-MUN-0242,MUNICIPALITY,CH,ZH,Zürich,242,Gemeinde/Stadt Birmensdorf (ZH),Bezirk Dietikon,1,GERMAN,NO,2,P1_URBAN_OR_INTERMEDIATE,Stadtgrün;Stadtgärtnerei;Werkhof;Werkdienst;Gemeindebetriebe;Friedhof;Parks;Sportanlagen;Schulanlagen;Forst;Liegenschaften;Strassenunterhalt;Arealpflege;Winterdienst,DISCOVERY_PENDING,,TO_DISCOVER,NOT_YET_AUDITED,"Puede publicar en portal propio, ATS compartido, cantón, Job-Room o agregador público."
PUB-CH-ZH-MUN-0003,MUNICIPALITY,CH,ZH,Zürich,3,Gemeinde/Stadt Bonstetten,Bezirk Affoltern,1,GERMAN,NO,2,P1_URBAN_OR_INTERMEDIATE,Stadtgrün;Stadtgärtnerei;Werkhof;Werkdienst;Gemeindebetriebe;Friedhof;Parks;Sportanlagen;Schulanlagen;Forst;Liegenschaften;Strassenunterhalt;Arealpflege;Winterdienst,DISCOVERY_PENDING,,TO_DISCOVER,NOT_YET_AUDITED,"Puede publicar en portal propio, ATS compartido, cantón, Job-Room o agregador público."
PUB-CH-ZH-MUN-0082,MUNICIPALITY,CH,ZH,Zürich,82,Gemeinde/Stadt Boppelsen,Bezirk Dielsdorf,1,GERMAN,NO,2,P1_URBAN_OR_INTERMEDIATE,Stadtgrün;Stadtgärtnerei;Werkhof;Werkdienst;Gemeindebetriebe;Friedhof;Parks;Sportanlagen;Schulanlagen;Forst;Liegenschaften;Strassenunterhalt;Arealpflege;Winterdienst,DISCOVERY_PENDING,,TO_DISCOVER,NOT_YET_AUDITED,"Puede publicar en portal propio, ATS compartido, cantón, Job-Room o agregador público."
PUB-CH-ZH-MUN-0213,MUNICIPALITY,CH,ZH,Zürich,213,Gemeinde/Stadt Brütten,Bezirk Winterthur,1,GERMAN,NO,2,P1_URBAN_OR_INTERMEDIATE,Stadtgrün;Stadtgärtnerei;Werkhof;Werkdienst;Gemeindebetriebe;Friedhof;Parks;Sportanlagen;Schulanlagen;Forst;Liegenschaften;Strassenunterhalt;Arealpflege;Winterdienst,DISCOVERY_PENDING,,TO_DISCOVER,NOT_YET_AUDITED,"Puede publicar en portal propio, ATS compartido, cantón, Job-Room o agregador público."
PUB-CH-ZH-MUN-0112,MUNICIPALITY,CH,ZH,Zürich,112,Gemeinde/Stadt Bubikon,Bezirk Hinwil,1,GERMAN,NO,2,P1_URBAN_OR_INTERMEDIATE,Stadtgrün;Stadtgärtnerei;Werkhof;Werkdienst;Gemeindebetriebe;Friedhof;Parks;Sportanlagen;Schulanlagen;Forst;Liegenschaften;Strassenunterhalt;Arealpflege;Winterdienst,DISCOVERY_PENDING,,TO_DISCOVER,NOT_YET_AUDITED,"Puede publicar en portal propio, ATS compartido, cantón, Job-Room o agregador público."
PUB-CH-ZH-MUN-0024,MUNICIPALITY,CH,ZH,Zürich,24,Gemeinde/Stadt Buch am Irchel,Bezirk Andelfingen,1,GERMAN,NO,3,P2_RURAL,Stadtgrün;Stadtgärtnerei;Werkhof;Werkdienst;Gemeindebetriebe;Friedhof;Parks;Sportanlagen;Schulanlagen;Forst;Liegenschaften;Strassenunterhalt;Arealpflege;Winterdienst,DISCOVERY_PENDING,,TO_DISCOVER,NOT_YET_AUDITED,"Puede publicar en portal propio, ATS compartido, cantón, Job-Room o agregador público."
PUB-CH-ZH-MUN-0083,MUNICIPALITY,CH,ZH,Zürich,83,Gemeinde/Stadt Buchs (ZH),Bezirk Dielsdorf,1,GERMAN,NO,2,P1_URBAN_OR_INTERMEDIATE,Stadtgrün;Stadtgärtnerei;Werkhof;Werkdienst;Gemeindebetriebe;Friedhof;Parks;Sportanlagen;Schulanlagen;Forst;Liegenschaften;Strassenunterhalt;Arealpflege;Winterdienst,DISCOVERY_PENDING,,TO_DISCOVER,NOT_YET_AUDITED,"Puede publicar en portal propio, ATS compartido, cantón, Job-Room o agregador público."
PUB-CH-ZH-MUN-0111,MUNICIPALITY,CH,ZH,Zürich,111,Gemeinde/Stadt Bäretswil,Bezirk Hinwil,1,GERMAN,NO,2,P1_URBAN_OR_INTERMEDIATE,Stadtgrün;Stadtgärtnerei;Werkhof;Werkdienst;Gemeindebetriebe;Friedhof;Parks;Sportanlagen;Schulanlagen;Forst;Liegenschaften;Strassenunterhalt;Arealpflege;Winterdienst,DISCOVERY_PENDING,,TO_DISCOVER,NOT_YET_AUDITED,"Puede publicar en portal propio, ATS compartido, cantón, Job-Room o agregador público."
PUB-CH-ZH-MUN-0053,MUNICIPALITY,CH,ZH,Zürich,53,Gemeinde/Stadt Bülach,Bezirk Bülach,1,GERMAN,YES,2,P0_CITY,Stadtgrün;Stadtgärtnerei;Werkhof;Werkdienst;Gemeindebetriebe;Friedhof;Parks;Sportanlagen;Schulanlagen;Forst;Liegenschaften;Strassenunterhalt;Arealpflege;Winterdienst,DISCOVERY_PENDING,,TO_DISCOVER,NOT_YET_AUDITED,"Puede publicar en portal propio, ATS compartido, cantón, Job-Room o agregador público."
PUB-CH-ZH-MUN-0025,MUNICIPALITY,CH,ZH,Zürich,25,Gemeinde/Stadt Dachsen,Bezirk Andelfingen,1,GERMAN,NO,2,P1_URBAN_OR_INTERMEDIATE,Stadtgrün;Stadtgärtnerei;Werkhof;Werkdienst;Gemeindebetriebe;Friedhof;Parks;Sportanlagen;Schulanlagen;Forst;Liegenschaften;Strassenunterhalt;Arealpflege;Winterdienst,DISCOVERY_PENDING,,TO_DISCOVER,NOT_YET_AUDITED,"Puede publicar en portal propio, ATS compartido, cantón, Job-Room o agregador público."
PUB-CH-ZH-MUN-0086,MUNICIPALITY,CH,ZH,Zürich,86,Gemeinde/Stadt Dielsdorf,Bezirk Dielsdorf,1,GERMAN,NO,2,P1_URBAN_OR_INTERMEDIATE,Stadtgrün;Stadtgärtnerei;Werkhof;Werkdienst;Gemeindebetriebe;Friedhof;Parks;Sportanlagen;Schulanlagen;Forst;Liegenschaften;Strassenunterhalt;Arealpflege;Winterdienst,DISCOVERY_PENDING,,TO_DISCOVER,NOT_YET_AUDITED,"Puede publicar en portal propio, ATS compartido, cantón, Job-Room o agregador público."
PUB-CH-ZH-MUN-0243,MUNICIPALITY,CH,ZH,Zürich,243,Gemeinde/Stadt Dietikon,Bezirk Dietikon,1,GERMAN,YES,1,P0_CITY,Stadtgrün;Stadtgärtnerei;Werkhof;Werkdienst;Gemeindebetriebe;Friedhof;Parks;Sportanlagen;Schulanlagen;Forst;Liegenschaften;Strassenunterhalt;Arealpflege;Winterdienst,DISCOVERY_PENDING,,TO_DISCOVER,NOT_YET_AUDITED,"Puede publicar en portal propio, ATS compartido, cantón, Job-Room o agregador público."
PUB-CH-ZH-MUN-0054,MUNICIPALITY,CH,ZH,Zürich,54,Gemeinde/Stadt Dietlikon,Bezirk Bülach,1,GERMAN,NO,1,P1_URBAN_OR_INTERMEDIATE,Stadtgrün;Stadtgärtnerei;Werkhof;Werkdienst;Gemeindebetriebe;Friedhof;Parks;Sportanlagen;Schulanlagen;Forst;Liegenschaften;Strassenunterhalt;Arealpflege;Winterdienst,DISCOVERY_PENDING,,TO_DISCOVER,NOT_YET_AUDITED,"Puede publicar en portal propio, ATS compartido, cantón, Job-Room o agregador público."
PUB-CH-ZH-MUN-0216,MUNICIPALITY,CH,ZH,Zürich,216,Gemeinde/Stadt Dinhard,Bezirk Winterthur,1,GERMAN,NO,2,P1_URBAN_OR_INTERMEDIATE,Stadtgrün;Stadtgärtnerei;Werkhof;Werkdienst;Gemeindebetriebe;Friedhof;Parks;Sportanlagen;Schulanlagen;Forst;Liegenschaften;Strassenunterhalt;Arealpflege;Winterdienst,DISCOVERY_PENDING,,TO_DISCOVER,NOT_YET_AUDITED,"Puede publicar en portal propio, ATS compartido, cantón, Job-Room o agregador público."
PUB-CH-ZH-MUN-0026,MUNICIPALITY,CH,ZH,Zürich,26,Gemeinde/Stadt Dorf,Bezirk Andelfingen,1,GERMAN,NO,3,P2_RURAL,Stadtgrün;Stadtgärtnerei;Werkhof;Werkdienst;Gemeindebetriebe;Friedhof;Parks;Sportanlagen;Schulanlagen;Forst;Liegenschaften;Strassenunterhalt;Arealpflege;Winterdienst,DISCOVERY_PENDING,,TO_DISCOVER,NOT_YET_AUDITED,"Puede publicar en portal propio, ATS compartido, cantón, Job-Room o agregador público."
PUB-CH-ZH-MUN-0214,MUNICIPALITY,CH,ZH,Zürich,214,Gemeinde/Stadt Dägerlen,Bezirk Winterthur,1,GERMAN,NO,3,P2_RURAL,Stadtgrün;Stadtgärtnerei;Werkhof;Werkdienst;Gemeindebetriebe;Friedhof;Parks;Sportanlagen;Schulanlagen;Forst;Liegenschaften;Strassenunterhalt;Arealpflege;Winterdienst,DISCOVERY_PENDING,,TO_DISCOVER,NOT_YET_AUDITED,"Puede publicar en portal propio, ATS compartido, cantón, Job-Room o agregador público."
PUB-CH-ZH-MUN-0084,MUNICIPALITY,CH,ZH,Zürich,84,Gemeinde/Stadt Dällikon,Bezirk Dielsdorf,1,GERMAN,NO,2,P1_URBAN_OR_INTERMEDIATE,Stadtgrün;Stadtgärtnerei;Werkhof;Werkdienst;Gemeindebetriebe;Friedhof;Parks;Sportanlagen;Schulanlagen;Forst;Liegenschaften;Strassenunterhalt;Arealpflege;Winterdienst,DISCOVERY_PENDING,,TO_DISCOVER,NOT_YET_AUDITED,"Puede publicar en portal propio, ATS compartido, cantón, Job-Room o agregador público."
PUB-CH-ZH-MUN-0085,MUNICIPALITY,CH,ZH,Zürich,85,Gemeinde/Stadt Dänikon,Bezirk Dielsdorf,1,GERMAN,NO,2,P1_URBAN_OR_INTERMEDIATE,Stadtgrün;Stadtgärtnerei;Werkhof;Werkdienst;Gemeindebetriebe;Friedhof;Parks;Sportanlagen;Schulanlagen;Forst;Liegenschaften;Strassenunterhalt;Arealpflege;Winterdienst,DISCOVERY_PENDING,,TO_DISCOVER,NOT_YET_AUDITED,"Puede publicar en portal propio, ATS compartido, cantón, Job-Room o agregador público."
PUB-CH-ZH-MUN-0215,MUNICIPALITY,CH,ZH,Zürich,215,Gemeinde/Stadt Dättlikon,Bezirk Winterthur,1,GERMAN,NO,2,P1_URBAN_OR_INTERMEDIATE,Stadtgrün;Stadtgärtnerei;Werkhof;Werkdienst;Gemeindebetriebe;Friedhof;Parks;Sportanlagen;Schulanlagen;Forst;Liegenschaften;Strassenunterhalt;Arealpflege;Winterdienst,DISCOVERY_PENDING,,TO_DISCOVER,NOT_YET_AUDITED,"Puede publicar en portal propio, ATS compartido, cantón, Job-Room o agregador público."
PUB-CH-ZH-MUN-0191,MUNICIPALITY,CH,ZH,Zürich,191,Gemeinde/Stadt Dübendorf,Bezirk Uster,1,GERMAN,YES,1,P0_CITY,Stadtgrün;Stadtgärtnerei;Werkhof;Werkdienst;Gemeindebetriebe;Friedhof;Parks;Sportanlagen;Schulanlagen;Forst;Liegenschaften;Strassenunterhalt;Arealpflege;Winterdienst,DISCOVERY_PENDING,,TO_DISCOVER,NOT_YET_AUDITED,"Puede publicar en portal propio, ATS compartido, cantón, Job-Room o agregador público."
PUB-CH-ZH-MUN-0113,MUNICIPALITY,CH,ZH,Zürich,113,Gemeinde/Stadt Dürnten,Bezirk Hinwil,1,GERMAN,NO,2,P1_URBAN_OR_INTERMEDIATE,Stadtgrün;Stadtgärtnerei;Werkhof;Werkdienst;Gemeindebetriebe;Friedhof;Parks;Sportanlagen;Schulanlagen;Forst;Liegenschaften;Strassenunterhalt;Arealpflege;Winterdienst,DISCOVERY_PENDING,,TO_DISCOVER,NOT_YET_AUDITED,"Puede publicar en portal propio, ATS compartido, cantón, Job-Room o agregador público."
PUB-CH-ZH-MUN-0192,MUNICIPALITY,CH,ZH,Zürich,192,Gemeinde/Stadt Egg,Bezirk Uster,1,GERMAN,NO,2,P1_URBAN_OR_INTERMEDIATE,Stadtgrün;Stadtgärtnerei;Werkhof;Werkdienst;Gemeindebetriebe;Friedhof;Parks;Sportanlagen;Schulanlagen;Forst;Liegenschaften;Strassenunterhalt;Arealpflege;Winterdienst,DISCOVERY_PENDING,,TO_DISCOVER,NOT_YET_AUDITED,"Puede publicar en portal propio, ATS compartido, cantón, Job-Room o agregador público."
PUB-CH-ZH-MUN-0055,MUNICIPALITY,CH,ZH,Zürich,55,Gemeinde/Stadt Eglisau,Bezirk Bülach,1,GERMAN,NO,2,P1_URBAN_OR_INTERMEDIATE,Stadtgrün;Stadtgärtnerei;Werkhof;Werkdienst;Gemeindebetriebe;Friedhof;Parks;Sportanlagen;Schulanlagen;Forst;Liegenschaften;Strassenunterhalt;Arealpflege;Winterdienst,DISCOVERY_PENDING,,TO_DISCOVER,NOT_YET_AUDITED,"Puede publicar en portal propio, ATS compartido, cantón, Job-Room o agregador público."
PUB-CH-ZH-MUN-0294,MUNICIPALITY,CH,ZH,Zürich,294,Gemeinde/Stadt Elgg,Bezirk Winterthur,1,GERMAN,NO,3,P2_RURAL,Stadtgrün;Stadtgärtnerei;Werkhof;Werkdienst;Gemeindebetriebe;Friedhof;Parks;Sportanlagen;Schulanlagen;Forst;Liegenschaften;Strassenunterhalt;Arealpflege;Winterdienst,DISCOVERY_PENDING,,TO_DISCOVER,NOT_YET_AUDITED,"Puede publicar en portal propio, ATS compartido, cantón, Job-Room o agregador público."
PUB-CH-ZH-MUN-0218,MUNICIPALITY,CH,ZH,Zürich,218,Gemeinde/Stadt Ellikon an der Thur,Bezirk Winterthur,1,GERMAN,NO,3,P2_RURAL,Stadtgrün;Stadtgärtnerei;Werkhof;Werkdienst;Gemeindebetriebe;Friedhof;Parks;Sportanlagen;Schulanlagen;Forst;Liegenschaften;Strassenunterhalt;Arealpflege;Winterdienst,DISCOVERY_PENDING,,TO_DISCOVER,NOT_YET_AUDITED,"Puede publicar en portal propio, ATS compartido, cantón, Job-Room o agregador público."
PUB-CH-ZH-MUN-0219,MUNICIPALITY,CH,ZH,Zürich,219,Gemeinde/Stadt Elsau,Bezirk Winterthur,1,GERMAN,NO,2,P1_URBAN_OR_INTERMEDIATE,Stadtgrün;Stadtgärtnerei;Werkhof;Werkdienst;Gemeindebetriebe;Friedhof;Parks;Sportanlagen;Schulanlagen;Forst;Liegenschaften;Strassenunterhalt;Arealpflege;Winterdienst,DISCOVERY_PENDING,,TO_DISCOVER,NOT_YET_AUDITED,"Puede publicar en portal propio, ATS compartido, cantón, Job-Room o agregador público."
PUB-CH-ZH-MUN-0056,MUNICIPALITY,CH,ZH,Zürich,56,Gemeinde/Stadt Embrach,Bezirk Bülach,1,GERMAN,NO,2,P1_URBAN_OR_INTERMEDIATE,Stadtgrün;Stadtgärtnerei;Werkhof;Werkdienst;Gemeindebetriebe;Friedhof;Parks;Sportanlagen;Schulanlagen;Forst;Liegenschaften;Strassenunterhalt;Arealpflege;Winterdienst,DISCOVERY_PENDING,,TO_DISCOVER,NOT_YET_AUDITED,"Puede publicar en portal propio, ATS compartido, cantón, Job-Room o agregador público."
PUB-CH-ZH-MUN-0151,MUNICIPALITY,CH,ZH,Zürich,151,Gemeinde/Stadt Erlenbach (ZH),Bezirk Meilen,1,GERMAN,NO,1,P1_URBAN_OR_INTERMEDIATE,Stadtgrün;Stadtgärtnerei;Werkhof;Werkdienst;Gemeindebetriebe;Friedhof;Parks;Sportanlagen;Schulanlagen;Forst;Liegenschaften;Strassenunterhalt;Arealpflege;Winterdienst,DISCOVERY_PENDING,,TO_DISCOVER,NOT_YET_AUDITED,"Puede publicar en portal propio, ATS compartido, cantón, Job-Room o agregador público."
PUB-CH-ZH-MUN-0172,MUNICIPALITY,CH,ZH,Zürich,172,Gemeinde/Stadt Fehraltorf,Bezirk Pfäffikon,1,GERMAN,NO,2,P1_URBAN_OR_INTERMEDIATE,Stadtgrün;Stadtgärtnerei;Werkhof;Werkdienst;Gemeindebetriebe;Friedhof;Parks;Sportanlagen;Schulanlagen;Forst;Liegenschaften;Strassenunterhalt;Arealpflege;Winterdienst,DISCOVERY_PENDING,,TO_DISCOVER,NOT_YET_AUDITED,"Puede publicar en portal propio, ATS compartido, cantón, Job-Room o agregador público."
PUB-CH-ZH-MUN-0027,MUNICIPALITY,CH,ZH,Zürich,27,Gemeinde/Stadt Feuerthalen,Bezirk Andelfingen,1,GERMAN,NO,2,P1_URBAN_OR_INTERMEDIATE,Stadtgrün;Stadtgärtnerei;Werkhof;Werkdienst;Gemeindebetriebe;Friedhof;Parks;Sportanlagen;Schulanlagen;Forst;Liegenschaften;Strassenunterhalt;Arealpflege;Winterdienst,DISCOVERY_PENDING,,TO_DISCOVER,NOT_YET_AUDITED,"Puede publicar en portal propio, ATS compartido, cantón, Job-Room o agregador público."
PUB-CH-ZH-MUN-0114,MUNICIPALITY,CH,ZH,Zürich,114,Gemeinde/Stadt Fischenthal,Bezirk Hinwil,1,GERMAN,NO,3,P2_RURAL,Stadtgrün;Stadtgärtnerei;Werkhof;Werkdienst;Gemeindebetriebe;Friedhof;Parks;Sportanlagen;Schulanlagen;Forst;Liegenschaften;Strassenunterhalt;Arealpflege;Winterdienst,DISCOVERY_PENDING,,TO_DISCOVER,NOT_YET_AUDITED,"Puede publicar en portal propio, ATS compartido, cantón, Job-Room o agregador público."
PUB-CH-ZH-MUN-0028,MUNICIPALITY,CH,ZH,Zürich,28,Gemeinde/Stadt Flaach,Bezirk Andelfingen,1,GERMAN,NO,3,P2_RURAL,Stadtgrün;Stadtgärtnerei;Werkhof;Werkdienst;Gemeindebetriebe;Friedhof;Parks;Sportanlagen;Schulanlagen;Forst;Liegenschaften;Strassenunterhalt;Arealpflege;Winterdienst,DISCOVERY_PENDING,,TO_DISCOVER,NOT_YET_AUDITED,"Puede publicar en portal propio, ATS compartido, cantón, Job-Room o agregador público."
PUB-CH-ZH-MUN-0029,MUNICIPALITY,CH,ZH,Zürich,29,Gemeinde/Stadt Flurlingen,Bezirk Andelfingen,1,GERMAN,NO,2,P1_URBAN_OR_INTERMEDIATE,Stadtgrün;Stadtgärtnerei;Werkhof;Werkdienst;Gemeindebetriebe;Friedhof;Parks;Sportanlagen;Schulanlagen;Forst;Liegenschaften;Strassenunterhalt;Arealpflege;Winterdienst,DISCOVERY_PENDING,,TO_DISCOVER,NOT_YET_AUDITED,"Puede publicar en portal propio, ATS compartido, cantón, Job-Room o agregador público."
PUB-CH-ZH-MUN-0057,MUNICIPALITY,CH,ZH,Zürich,57,Gemeinde/Stadt Freienstein-Teufen,Bezirk Bülach,1,GERMAN,NO,2,P1_URBAN_OR_INTERMEDIATE,Stadtgrün;Stadtgärtnerei;Werkhof;Werkdienst;Gemeindebetriebe;Friedhof;Parks;Sportanlagen;Schulanlagen;Forst;Liegenschaften;Strassenunterhalt;Arealpflege;Winterdienst,DISCOVERY_PENDING,,TO_DISCOVER,NOT_YET_AUDITED,"Puede publicar en portal propio, ATS compartido, cantón, Job-Room o agregador público."
PUB-CH-ZH-MUN-0193,MUNICIPALITY,CH,ZH,Zürich,193,Gemeinde/Stadt Fällanden,Bezirk Uster,1,GERMAN,NO,2,P1_URBAN_OR_INTERMEDIATE,Stadtgrün;Stadtgärtnerei;Werkhof;Werkdienst;Gemeindebetriebe;Friedhof;Parks;Sportanlagen;Schulanlagen;Forst;Liegenschaften;Strassenunterhalt;Arealpflege;Winterdienst,DISCOVERY_PENDING,,TO_DISCOVER,NOT_YET_AUDITED,"Puede publicar en portal propio, ATS compartido, cantón, Job-Room o agregador público."
PUB-CH-ZH-MUN-0244,MUNICIPALITY,CH,ZH,Zürich,244,Gemeinde/Stadt Geroldswil,Bezirk Dietikon,1,GERMAN,NO,1,P1_URBAN_OR_INTERMEDIATE,Stadtgrün;Stadtgärtnerei;Werkhof;Werkdienst;Gemeindebetriebe;Friedhof;Parks;Sportanlagen;Schulanlagen;Forst;Liegenschaften;Strassenunterhalt;Arealpflege;Winterdienst,DISCOVERY_PENDING,,TO_DISCOVER,NOT_YET_AUDITED,"Puede publicar en portal propio, ATS compartido, cantón, Job-Room o agregador público."
PUB-CH-ZH-MUN-0058,MUNICIPALITY,CH,ZH,Zürich,58,Gemeinde/Stadt Glattfelden,Bezirk Bülach,1,GERMAN,NO,2,P1_URBAN_OR_INTERMEDIATE,Stadtgrün;Stadtgärtnerei;Werkhof;Werkdienst;Gemeindebetriebe;Friedhof;Parks;Sportanlagen;Schulanlagen;Forst;Liegenschaften;Strassenunterhalt;Arealpflege;Winterdienst,DISCOVERY_PENDING,,TO_DISCOVER,NOT_YET_AUDITED,"Puede publicar en portal propio, ATS compartido, cantón, Job-Room o agregador público."
PUB-CH-ZH-MUN-0115,MUNICIPALITY,CH,ZH,Zürich,115,Gemeinde/Stadt Gossau (ZH),Bezirk Hinwil,1,GERMAN,NO,2,P1_URBAN_OR_INTERMEDIATE,Stadtgrün;Stadtgärtnerei;Werkhof;Werkdienst;Gemeindebetriebe;Friedhof;Parks;Sportanlagen;Schulanlagen;Forst;Liegenschaften;Strassenunterhalt;Arealpflege;Winterdienst,DISCOVERY_PENDING,,TO_DISCOVER,NOT_YET_AUDITED,"Puede publicar en portal propio, ATS compartido, cantón, Job-Room o agregador público."
PUB-CH-ZH-MUN-0194,MUNICIPALITY,CH,ZH,Zürich,194,Gemeinde/Stadt Greifensee,Bezirk Uster,1,GERMAN,NO,2,P1_URBAN_OR_INTERMEDIATE,Stadtgrün;Stadtgärtnerei;Werkhof;Werkdienst;Gemeindebetriebe;Friedhof;Parks;Sportanlagen;Schulanlagen;Forst;Liegenschaften;Strassenunterhalt;Arealpflege;Winterdienst,DISCOVERY_PENDING,,TO_DISCOVER,NOT_YET_AUDITED,"Puede publicar en portal propio, ATS compartido, cantón, Job-Room o agregador público."
PUB-CH-ZH-MUN-0116,MUNICIPALITY,CH,ZH,Zürich,116,Gemeinde/Stadt Grüningen,Bezirk Hinwil,1,GERMAN,NO,2,P1_URBAN_OR_INTERMEDIATE,Stadtgrün;Stadtgärtnerei;Werkhof;Werkdienst;Gemeindebetriebe;Friedhof;Parks;Sportanlagen;Schulanlagen;Forst;Liegenschaften;Strassenunterhalt;Arealpflege;Winterdienst,DISCOVERY_PENDING,,TO_DISCOVER,NOT_YET_AUDITED,"Puede publicar en portal propio, ATS compartido, cantón, Job-Room o agregador público."
PUB-CH-ZH-MUN-0220,MUNICIPALITY,CH,ZH,Zürich,220,Gemeinde/Stadt Hagenbuch,Bezirk Winterthur,1,GERMAN,NO,3,P2_RURAL,Stadtgrün;Stadtgärtnerei;Werkhof;Werkdienst;Gemeindebetriebe;Friedhof;Parks;Sportanlagen;Schulanlagen;Forst;Liegenschaften;Strassenunterhalt;Arealpflege;Winterdienst,DISCOVERY_PENDING,,TO_DISCOVER,NOT_YET_AUDITED,"Puede publicar en portal propio, ATS compartido, cantón, Job-Room o agregador público."
PUB-CH-ZH-MUN-0004,MUNICIPALITY,CH,ZH,Zürich,4,Gemeinde/Stadt Hausen am Albis,Bezirk Affoltern,1,GERMAN,NO,3,P2_RURAL,Stadtgrün;Stadtgärtnerei;Werkhof;Werkdienst;Gemeindebetriebe;Friedhof;Parks;Sportanlagen;Schulanlagen;Forst;Liegenschaften;Strassenunterhalt;Arealpflege;Winterdienst,DISCOVERY_PENDING,,TO_DISCOVER,NOT_YET_AUDITED,"Puede publicar en portal propio, ATS compartido, cantón, Job-Room o agregador público."
PUB-CH-ZH-MUN-0005,MUNICIPALITY,CH,ZH,Zürich,5,Gemeinde/Stadt Hedingen,Bezirk Affoltern,1,GERMAN,NO,2,P1_URBAN_OR_INTERMEDIATE,Stadtgrün;Stadtgärtnerei;Werkhof;Werkdienst;Gemeindebetriebe;Friedhof;Parks;Sportanlagen;Schulanlagen;Forst;Liegenschaften;Strassenunterhalt;Arealpflege;Winterdienst,DISCOVERY_PENDING,,TO_DISCOVER,NOT_YET_AUDITED,"Puede publicar en portal propio, ATS compartido, cantón, Job-Room o agregador público."
PUB-CH-ZH-MUN-0031,MUNICIPALITY,CH,ZH,Zürich,31,Gemeinde/Stadt Henggart,Bezirk Andelfingen,1,GERMAN,NO,3,P2_RURAL,Stadtgrün;Stadtgärtnerei;Werkhof;Werkdienst;Gemeindebetriebe;Friedhof;Parks;Sportanlagen;Schulanlagen;Forst;Liegenschaften;Strassenunterhalt;Arealpflege;Winterdienst,DISCOVERY_PENDING,,TO_DISCOVER,NOT_YET_AUDITED,"Puede publicar en portal propio, ATS compartido, cantón, Job-Room o agregador público."
PUB-CH-ZH-MUN-0152,MUNICIPALITY,CH,ZH,Zürich,152,Gemeinde/Stadt Herrliberg,Bezirk Meilen,1,GERMAN,NO,1,P1_URBAN_OR_INTERMEDIATE,Stadtgrün;Stadtgärtnerei;Werkhof;Werkdienst;Gemeindebetriebe;Friedhof;Parks;Sportanlagen;Schulanlagen;Forst;Liegenschaften;Strassenunterhalt;Arealpflege;Winterdienst,DISCOVERY_PENDING,,TO_DISCOVER,NOT_YET_AUDITED,"Puede publicar en portal propio, ATS compartido, cantón, Job-Room o agregador público."
PUB-CH-ZH-MUN-0221,MUNICIPALITY,CH,ZH,Zürich,221,Gemeinde/Stadt Hettlingen,Bezirk Winterthur,1,GERMAN,NO,2,P1_URBAN_OR_INTERMEDIATE,Stadtgrün;Stadtgärtnerei;Werkhof;Werkdienst;Gemeindebetriebe;Friedhof;Parks;Sportanlagen;Schulanlagen;Forst;Liegenschaften;Strassenunterhalt;Arealpflege;Winterdienst,DISCOVERY_PENDING,,TO_DISCOVER,NOT_YET_AUDITED,"Puede publicar en portal propio, ATS compartido, cantón, Job-Room o agregador público."
PUB-CH-ZH-MUN-0117,MUNICIPALITY,CH,ZH,Zürich,117,Gemeinde/Stadt Hinwil,Bezirk Hinwil,1,GERMAN,YES,2,P0_CITY,Stadtgrün;Stadtgärtnerei;Werkhof;Werkdienst;Gemeindebetriebe;Friedhof;Parks;Sportanlagen;Schulanlagen;Forst;Liegenschaften;Strassenunterhalt;Arealpflege;Winterdienst,DISCOVERY_PENDING,,TO_DISCOVER,NOT_YET_AUDITED,"Puede publicar en portal propio, ATS compartido, cantón, Job-Room o agregador público."
PUB-CH-ZH-MUN-0173,MUNICIPALITY,CH,ZH,Zürich,173,Gemeinde/Stadt Hittnau,Bezirk Pfäffikon,1,GERMAN,NO,2,P1_URBAN_OR_INTERMEDIATE,Stadtgrün;Stadtgärtnerei;Werkhof;Werkdienst;Gemeindebetriebe;Friedhof;Parks;Sportanlagen;Schulanlagen;Forst;Liegenschaften;Strassenunterhalt;Arealpflege;Winterdienst,DISCOVERY_PENDING,,TO_DISCOVER,NOT_YET_AUDITED,"Puede publicar en portal propio, ATS compartido, cantón, Job-Room o agregador público."
PUB-CH-ZH-MUN-0059,MUNICIPALITY,CH,ZH,Zürich,59,Gemeinde/Stadt Hochfelden,Bezirk Bülach,1,GERMAN,NO,2,P1_URBAN_OR_INTERMEDIATE,Stadtgrün;Stadtgärtnerei;Werkhof;Werkdienst;Gemeindebetriebe;Friedhof;Parks;Sportanlagen;Schulanlagen;Forst;Liegenschaften;Strassenunterhalt;Arealpflege;Winterdienst,DISCOVERY_PENDING,,TO_DISCOVER,NOT_YET_AUDITED,"Puede publicar en portal propio, ATS compartido, cantón, Job-Room o agregador público."
PUB-CH-ZH-MUN-0153,MUNICIPALITY,CH,ZH,Zürich,153,Gemeinde/Stadt Hombrechtikon,Bezirk Meilen,1,GERMAN,NO,2,P1_URBAN_OR_INTERMEDIATE,Stadtgrün;Stadtgärtnerei;Werkhof;Werkdienst;Gemeindebetriebe;Friedhof;Parks;Sportanlagen;Schulanlagen;Forst;Liegenschaften;Strassenunterhalt;Arealpflege;Winterdienst,DISCOVERY_PENDING,,TO_DISCOVER,NOT_YET_AUDITED,"Puede publicar en portal propio, ATS compartido, cantón, Job-Room o agregador público."
PUB-CH-ZH-MUN-0295,MUNICIPALITY,CH,ZH,Zürich,295,Gemeinde/Stadt Horgen,Bezirk Horgen,1,GERMAN,YES,1,P0_CITY,Stadtgrün;Stadtgärtnerei;Werkhof;Werkdienst;Gemeindebetriebe;Friedhof;Parks;Sportanlagen;Schulanlagen;Forst;Liegenschaften;Strassenunterhalt;Arealpflege;Winterdienst,DISCOVERY_PENDING,,TO_DISCOVER,NOT_YET_AUDITED,"Puede publicar en portal propio, ATS compartido, cantón, Job-Room o agregador público."
PUB-CH-ZH-MUN-0060,MUNICIPALITY,CH,ZH,Zürich,60,Gemeinde/Stadt Höri,Bezirk Bülach,1,GERMAN,NO,2,P1_URBAN_OR_INTERMEDIATE,Stadtgrün;Stadtgärtnerei;Werkhof;Werkdienst;Gemeindebetriebe;Friedhof;Parks;Sportanlagen;Schulanlagen;Forst;Liegenschaften;Strassenunterhalt;Arealpflege;Winterdienst,DISCOVERY_PENDING,,TO_DISCOVER,NOT_YET_AUDITED,"Puede publicar en portal propio, ATS compartido, cantón, Job-Room o agregador público."
PUB-CH-ZH-MUN-0061,MUNICIPALITY,CH,ZH,Zürich,61,Gemeinde/Stadt Hüntwangen,Bezirk Bülach,1,GERMAN,NO,3,P2_RURAL,Stadtgrün;Stadtgärtnerei;Werkhof;Werkdienst;Gemeindebetriebe;Friedhof;Parks;Sportanlagen;Schulanlagen;Forst;Liegenschaften;Strassenunterhalt;Arealpflege;Winterdienst,DISCOVERY_PENDING,,TO_DISCOVER,NOT_YET_AUDITED,"Puede publicar en portal propio, ATS compartido, cantón, Job-Room o agregador público."
PUB-CH-ZH-MUN-0087,MUNICIPALITY,CH,ZH,Zürich,87,Gemeinde/Stadt Hüttikon,Bezirk Dielsdorf,1,GERMAN,NO,2,P1_URBAN_OR_INTERMEDIATE,Stadtgrün;Stadtgärtnerei;Werkhof;Werkdienst;Gemeindebetriebe;Friedhof;Parks;Sportanlagen;Schulanlagen;Forst;Liegenschaften;Strassenunterhalt;Arealpflege;Winterdienst,DISCOVERY_PENDING,,TO_DISCOVER,NOT_YET_AUDITED,"Puede publicar en portal propio, ATS compartido, cantón, Job-Room o agregador público."
PUB-CH-ZH-MUN-0296,MUNICIPALITY,CH,ZH,Zürich,296,Gemeinde/Stadt Illnau-Effretikon,Bezirk Pfäffikon,1,GERMAN,YES,2,P0_CITY,Stadtgrün;Stadtgärtnerei;Werkhof;Werkdienst;Gemeindebetriebe;Friedhof;Parks;Sportanlagen;Schulanlagen;Forst;Liegenschaften;Strassenunterhalt;Arealpflege;Winterdienst,DISCOVERY_PENDING,,TO_DISCOVER,NOT_YET_AUDITED,"Puede publicar en portal propio, ATS compartido, cantón, Job-Room o agregador público."
PUB-CH-ZH-MUN-0006,MUNICIPALITY,CH,ZH,Zürich,6,Gemeinde/Stadt Kappel am Albis,Bezirk Affoltern,1,GERMAN,NO,3,P2_RURAL,Stadtgrün;Stadtgärtnerei;Werkhof;Werkdienst;Gemeindebetriebe;Friedhof;Parks;Sportanlagen;Schulanlagen;Forst;Liegenschaften;Strassenunterhalt;Arealpflege;Winterdienst,DISCOVERY_PENDING,,TO_DISCOVER,NOT_YET_AUDITED,"Puede publicar en portal propio, ATS compartido, cantón, Job-Room o agregador público."
PUB-CH-ZH-MUN-0135,MUNICIPALITY,CH,ZH,Zürich,135,Gemeinde/Stadt Kilchberg (ZH),Bezirk Horgen,1,GERMAN,NO,1,P1_URBAN_OR_INTERMEDIATE,Stadtgrün;Stadtgärtnerei;Werkhof;Werkdienst;Gemeindebetriebe;Friedhof;Parks;Sportanlagen;Schulanlagen;Forst;Liegenschaften;Strassenunterhalt;Arealpflege;Winterdienst,DISCOVERY_PENDING,,TO_DISCOVER,NOT_YET_AUDITED,"Puede publicar en portal propio, ATS compartido, cantón, Job-Room o agregador público."
PUB-CH-ZH-MUN-0033,MUNICIPALITY,CH,ZH,Zürich,33,Gemeinde/Stadt Kleinandelfingen,Bezirk Andelfingen,1,GERMAN,NO,3,P2_RURAL,Stadtgrün;Stadtgärtnerei;Werkhof;Werkdienst;Gemeindebetriebe;Friedhof;Parks;Sportanlagen;Schulanlagen;Forst;Liegenschaften;Strassenunterhalt;Arealpflege;Winterdienst,DISCOVERY_PENDING,,TO_DISCOVER,NOT_YET_AUDITED,"Puede publicar en portal propio, ATS compartido, cantón, Job-Room o agregador público."
PUB-CH-ZH-MUN-0062,MUNICIPALITY,CH,ZH,Zürich,62,Gemeinde/Stadt Kloten,Bezirk Bülach,1,GERMAN,YES,1,P0_CITY,Stadtgrün;Stadtgärtnerei;Werkhof;Werkdienst;Gemeindebetriebe;Friedhof;Parks;Sportanlagen;Schulanlagen;Forst;Liegenschaften;Strassenunterhalt;Arealpflege;Winterdienst,DISCOVERY_PENDING,,TO_DISCOVER,NOT_YET_AUDITED,"Puede publicar en portal propio, ATS compartido, cantón, Job-Room o agregador público."
PUB-CH-ZH-MUN-0007,MUNICIPALITY,CH,ZH,Zürich,7,Gemeinde/Stadt Knonau,Bezirk Affoltern,1,GERMAN,NO,3,P2_RURAL,Stadtgrün;Stadtgärtnerei;Werkhof;Werkdienst;Gemeindebetriebe;Friedhof;Parks;Sportanlagen;Schulanlagen;Forst;Liegenschaften;Strassenunterhalt;Arealpflege;Winterdienst,DISCOVERY_PENDING,,TO_DISCOVER,NOT_YET_AUDITED,"Puede publicar en portal propio, ATS compartido, cantón, Job-Room o agregador público."
PUB-CH-ZH-MUN-0154,MUNICIPALITY,CH,ZH,Zürich,154,Gemeinde/Stadt Küsnacht (ZH),Bezirk Meilen,1,GERMAN,YES,1,P0_CITY,Stadtgrün;Stadtgärtnerei;Werkhof;Werkdienst;Gemeindebetriebe;Friedhof;Parks;Sportanlagen;Schulanlagen;Forst;Liegenschaften;Strassenunterhalt;Arealpflege;Winterdienst,DISCOVERY_PENDING,,TO_DISCOVER,NOT_YET_AUDITED,"Puede publicar en portal propio, ATS compartido, cantón, Job-Room o agregador público."
PUB-CH-ZH-MUN-0136,MUNICIPALITY,CH,ZH,Zürich,136,Gemeinde/Stadt Langnau am Albis,Bezirk Horgen,1,GERMAN,NO,1,P1_URBAN_OR_INTERMEDIATE,Stadtgrün;Stadtgärtnerei;Werkhof;Werkdienst;Gemeindebetriebe;Friedhof;Parks;Sportanlagen;Schulanlagen;Forst;Liegenschaften;Strassenunterhalt;Arealpflege;Winterdienst,DISCOVERY_PENDING,,TO_DISCOVER,NOT_YET_AUDITED,"Puede publicar en portal propio, ATS compartido, cantón, Job-Room o agregador público."
PUB-CH-ZH-MUN-0034,MUNICIPALITY,CH,ZH,Zürich,34,Gemeinde/Stadt Laufen-Uhwiesen,Bezirk Andelfingen,1,GERMAN,NO,2,P1_URBAN_OR_INTERMEDIATE,Stadtgrün;Stadtgärtnerei;Werkhof;Werkdienst;Gemeindebetriebe;Friedhof;Parks;Sportanlagen;Schulanlagen;Forst;Liegenschaften;Strassenunterhalt;Arealpflege;Winterdienst,DISCOVERY_PENDING,,TO_DISCOVER,NOT_YET_AUDITED,"Puede publicar en portal propio, ATS compartido, cantón, Job-Room o agregador público."
PUB-CH-ZH-MUN-0176,MUNICIPALITY,CH,ZH,Zürich,176,Gemeinde/Stadt Lindau,Bezirk Pfäffikon,1,GERMAN,NO,2,P1_URBAN_OR_INTERMEDIATE,Stadtgrün;Stadtgärtnerei;Werkhof;Werkdienst;Gemeindebetriebe;Friedhof;Parks;Sportanlagen;Schulanlagen;Forst;Liegenschaften;Strassenunterhalt;Arealpflege;Winterdienst,DISCOVERY_PENDING,,TO_DISCOVER,NOT_YET_AUDITED,"Puede publicar en portal propio, ATS compartido, cantón, Job-Room o agregador público."
PUB-CH-ZH-MUN-0063,MUNICIPALITY,CH,ZH,Zürich,63,Gemeinde/Stadt Lufingen,Bezirk Bülach,1,GERMAN,NO,2,P1_URBAN_OR_INTERMEDIATE,Stadtgrün;Stadtgärtnerei;Werkhof;Werkdienst;Gemeindebetriebe;Friedhof;Parks;Sportanlagen;Schulanlagen;Forst;Liegenschaften;Strassenunterhalt;Arealpflege;Winterdienst,DISCOVERY_PENDING,,TO_DISCOVER,NOT_YET_AUDITED,"Puede publicar en portal propio, ATS compartido, cantón, Job-Room o agregador público."
PUB-CH-ZH-MUN-0035,MUNICIPALITY,CH,ZH,Zürich,35,Gemeinde/Stadt Marthalen,Bezirk Andelfingen,1,GERMAN,NO,3,P2_RURAL,Stadtgrün;Stadtgärtnerei;Werkhof;Werkdienst;Gemeindebetriebe;Friedhof;Parks;Sportanlagen;Schulanlagen;Forst;Liegenschaften;Strassenunterhalt;Arealpflege;Winterdienst,DISCOVERY_PENDING,,TO_DISCOVER,NOT_YET_AUDITED,"Puede publicar en portal propio, ATS compartido, cantón, Job-Room o agregador público."
PUB-CH-ZH-MUN-0008,MUNICIPALITY,CH,ZH,Zürich,8,Gemeinde/Stadt Maschwanden,Bezirk Affoltern,1,GERMAN,NO,3,P2_RURAL,Stadtgrün;Stadtgärtnerei;Werkhof;Werkdienst;Gemeindebetriebe;Friedhof;Parks;Sportanlagen;Schulanlagen;Forst;Liegenschaften;Strassenunterhalt;Arealpflege;Winterdienst,DISCOVERY_PENDING,,TO_DISCOVER,NOT_YET_AUDITED,"Puede publicar en portal propio, ATS compartido, cantón, Job-Room o agregador público."
PUB-CH-ZH-MUN-0195,MUNICIPALITY,CH,ZH,Zürich,195,Gemeinde/Stadt Maur,Bezirk Uster,1,GERMAN,NO,2,P1_URBAN_OR_INTERMEDIATE,Stadtgrün;Stadtgärtnerei;Werkhof;Werkdienst;Gemeindebetriebe;Friedhof;Parks;Sportanlagen;Schulanlagen;Forst;Liegenschaften;Strassenunterhalt;Arealpflege;Winterdienst,DISCOVERY_PENDING,,TO_DISCOVER,NOT_YET_AUDITED,"Puede publicar en portal propio, ATS compartido, cantón, Job-Room o agregador público."
PUB-CH-ZH-MUN-0156,MUNICIPALITY,CH,ZH,Zürich,156,Gemeinde/Stadt Meilen,Bezirk Meilen,1,GERMAN,YES,2,P0_CITY,Stadtgrün;Stadtgärtnerei;Werkhof;Werkdienst;Gemeindebetriebe;Friedhof;Parks;Sportanlagen;Schulanlagen;Forst;Liegenschaften;Strassenunterhalt;Arealpflege;Winterdienst,DISCOVERY_PENDING,,TO_DISCOVER,NOT_YET_AUDITED,"Puede publicar en portal propio, ATS compartido, cantón, Job-Room o agregador público."
PUB-CH-ZH-MUN-0009,MUNICIPALITY,CH,ZH,Zürich,9,Gemeinde/Stadt Mettmenstetten,Bezirk Affoltern,1,GERMAN,NO,3,P2_RURAL,Stadtgrün;Stadtgärtnerei;Werkhof;Werkdienst;Gemeindebetriebe;Friedhof;Parks;Sportanlagen;Schulanlagen;Forst;Liegenschaften;Strassenunterhalt;Arealpflege;Winterdienst,DISCOVERY_PENDING,,TO_DISCOVER,NOT_YET_AUDITED,"Puede publicar en portal propio, ATS compartido, cantón, Job-Room o agregador público."
PUB-CH-ZH-MUN-0155,MUNICIPALITY,CH,ZH,Zürich,155,Gemeinde/Stadt Männedorf,Bezirk Meilen,1,GERMAN,YES,2,P0_CITY,Stadtgrün;Stadtgärtnerei;Werkhof;Werkdienst;Gemeindebetriebe;Friedhof;Parks;Sportanlagen;Schulanlagen;Forst;Liegenschaften;Strassenunterhalt;Arealpflege;Winterdienst,DISCOVERY_PENDING,,TO_DISCOVER,NOT_YET_AUDITED,"Puede publicar en portal propio, ATS compartido, cantón, Job-Room o agregador público."
PUB-CH-ZH-MUN-0196,MUNICIPALITY,CH,ZH,Zürich,196,Gemeinde/Stadt Mönchaltorf,Bezirk Uster,1,GERMAN,NO,2,P1_URBAN_OR_INTERMEDIATE,Stadtgrün;Stadtgärtnerei;Werkhof;Werkdienst;Gemeindebetriebe;Friedhof;Parks;Sportanlagen;Schulanlagen;Forst;Liegenschaften;Strassenunterhalt;Arealpflege;Winterdienst,DISCOVERY_PENDING,,TO_DISCOVER,NOT_YET_AUDITED,"Puede publicar en portal propio, ATS compartido, cantón, Job-Room o agregador público."
PUB-CH-ZH-MUN-0088,MUNICIPALITY,CH,ZH,Zürich,88,Gemeinde/Stadt Neerach,Bezirk Dielsdorf,1,GERMAN,NO,2,P1_URBAN_OR_INTERMEDIATE,Stadtgrün;Stadtgärtnerei;Werkhof;Werkdienst;Gemeindebetriebe;Friedhof;Parks;Sportanlagen;Schulanlagen;Forst;Liegenschaften;Strassenunterhalt;Arealpflege;Winterdienst,DISCOVERY_PENDING,,TO_DISCOVER,NOT_YET_AUDITED,"Puede publicar en portal propio, ATS compartido, cantón, Job-Room o agregador público."
PUB-CH-ZH-MUN-0223,MUNICIPALITY,CH,ZH,Zürich,223,Gemeinde/Stadt Neftenbach,Bezirk Winterthur,1,GERMAN,NO,2,P1_URBAN_OR_INTERMEDIATE,Stadtgrün;Stadtgärtnerei;Werkhof;Werkdienst;Gemeindebetriebe;Friedhof;Parks;Sportanlagen;Schulanlagen;Forst;Liegenschaften;Strassenunterhalt;Arealpflege;Winterdienst,DISCOVERY_PENDING,,TO_DISCOVER,NOT_YET_AUDITED,"Puede publicar en portal propio, ATS compartido, cantón, Job-Room o agregador público."
PUB-CH-ZH-MUN-0089,MUNICIPALITY,CH,ZH,Zürich,89,Gemeinde/Stadt Niederglatt,Bezirk Dielsdorf,1,GERMAN,NO,2,P1_URBAN_OR_INTERMEDIATE,Stadtgrün;Stadtgärtnerei;Werkhof;Werkdienst;Gemeindebetriebe;Friedhof;Parks;Sportanlagen;Schulanlagen;Forst;Liegenschaften;Strassenunterhalt;Arealpflege;Winterdienst,DISCOVERY_PENDING,,TO_DISCOVER,NOT_YET_AUDITED,"Puede publicar en portal propio, ATS compartido, cantón, Job-Room o agregador público."
PUB-CH-ZH-MUN-0090,MUNICIPALITY,CH,ZH,Zürich,90,Gemeinde/Stadt Niederhasli,Bezirk Dielsdorf,1,GERMAN,NO,2,P1_URBAN_OR_INTERMEDIATE,Stadtgrün;Stadtgärtnerei;Werkhof;Werkdienst;Gemeindebetriebe;Friedhof;Parks;Sportanlagen;Schulanlagen;Forst;Liegenschaften;Strassenunterhalt;Arealpflege;Winterdienst,DISCOVERY_PENDING,,TO_DISCOVER,NOT_YET_AUDITED,"Puede publicar en portal propio, ATS compartido, cantón, Job-Room o agregador público."
PUB-CH-ZH-MUN-0091,MUNICIPALITY,CH,ZH,Zürich,91,Gemeinde/Stadt Niederweningen,Bezirk Dielsdorf,1,GERMAN,NO,2,P1_URBAN_OR_INTERMEDIATE,Stadtgrün;Stadtgärtnerei;Werkhof;Werkdienst;Gemeindebetriebe;Friedhof;Parks;Sportanlagen;Schulanlagen;Forst;Liegenschaften;Strassenunterhalt;Arealpflege;Winterdienst,DISCOVERY_PENDING,,TO_DISCOVER,NOT_YET_AUDITED,"Puede publicar en portal propio, ATS compartido, cantón, Job-Room o agregador público."
PUB-CH-ZH-MUN-0064,MUNICIPALITY,CH,ZH,Zürich,64,Gemeinde/Stadt Nürensdorf,Bezirk Bülach,1,GERMAN,NO,2,P1_URBAN_OR_INTERMEDIATE,Stadtgrün;Stadtgärtnerei;Werkhof;Werkdienst;Gemeindebetriebe;Friedhof;Parks;Sportanlagen;Schulanlagen;Forst;Liegenschaften;Strassenunterhalt;Arealpflege;Winterdienst,DISCOVERY_PENDING,,TO_DISCOVER,NOT_YET_AUDITED,"Puede publicar en portal propio, ATS compartido, cantón, Job-Room o agregador público."
PUB-CH-ZH-MUN-0065,MUNICIPALITY,CH,ZH,Zürich,65,Gemeinde/Stadt Oberembrach,Bezirk Bülach,1,GERMAN,NO,2,P1_URBAN_OR_INTERMEDIATE,Stadtgrün;Stadtgärtnerei;Werkhof;Werkdienst;Gemeindebetriebe;Friedhof;Parks;Sportanlagen;Schulanlagen;Forst;Liegenschaften;Strassenunterhalt;Arealpflege;Winterdienst,DISCOVERY_PENDING,,TO_DISCOVER,NOT_YET_AUDITED,"Puede publicar en portal propio, ATS compartido, cantón, Job-Room o agregador público."
PUB-CH-ZH-MUN-0245,MUNICIPALITY,CH,ZH,Zürich,245,Gemeinde/Stadt Oberengstringen,Bezirk Dietikon,1,GERMAN,NO,1,P1_URBAN_OR_INTERMEDIATE,Stadtgrün;Stadtgärtnerei;Werkhof;Werkdienst;Gemeindebetriebe;Friedhof;Parks;Sportanlagen;Schulanlagen;Forst;Liegenschaften;Strassenunterhalt;Arealpflege;Winterdienst,DISCOVERY_PENDING,,TO_DISCOVER,NOT_YET_AUDITED,"Puede publicar en portal propio, ATS compartido, cantón, Job-Room o agregador público."
PUB-CH-ZH-MUN-0092,MUNICIPALITY,CH,ZH,Zürich,92,Gemeinde/Stadt Oberglatt,Bezirk Dielsdorf,1,GERMAN,NO,2,P1_URBAN_OR_INTERMEDIATE,Stadtgrün;Stadtgärtnerei;Werkhof;Werkdienst;Gemeindebetriebe;Friedhof;Parks;Sportanlagen;Schulanlagen;Forst;Liegenschaften;Strassenunterhalt;Arealpflege;Winterdienst,DISCOVERY_PENDING,,TO_DISCOVER,NOT_YET_AUDITED,"Puede publicar en portal propio, ATS compartido, cantón, Job-Room o agregador público."
PUB-CH-ZH-MUN-0137,MUNICIPALITY,CH,ZH,Zürich,137,Gemeinde/Stadt Oberrieden,Bezirk Horgen,1,GERMAN,NO,1,P1_URBAN_OR_INTERMEDIATE,Stadtgrün;Stadtgärtnerei;Werkhof;Werkdienst;Gemeindebetriebe;Friedhof;Parks;Sportanlagen;Schulanlagen;Forst;Liegenschaften;Strassenunterhalt;Arealpflege;Winterdienst,DISCOVERY_PENDING,,TO_DISCOVER,NOT_YET_AUDITED,"Puede publicar en portal propio, ATS compartido, cantón, Job-Room o agregador público."
PUB-CH-ZH-MUN-0093,MUNICIPALITY,CH,ZH,Zürich,93,Gemeinde/Stadt Oberweningen,Bezirk Dielsdorf,1,GERMAN,NO,2,P1_URBAN_OR_INTERMEDIATE,Stadtgrün;Stadtgärtnerei;Werkhof;Werkdienst;Gemeindebetriebe;Friedhof;Parks;Sportanlagen;Schulanlagen;Forst;Liegenschaften;Strassenunterhalt;Arealpflege;Winterdienst,DISCOVERY_PENDING,,TO_DISCOVER,NOT_YET_AUDITED,"Puede publicar en portal propio, ATS compartido, cantón, Job-Room o agregador público."
PUB-CH-ZH-MUN-0010,MUNICIPALITY,CH,ZH,Zürich,10,Gemeinde/Stadt Obfelden,Bezirk Affoltern,1,GERMAN,NO,2,P1_URBAN_OR_INTERMEDIATE,Stadtgrün;Stadtgärtnerei;Werkhof;Werkdienst;Gemeindebetriebe;Friedhof;Parks;Sportanlagen;Schulanlagen;Forst;Liegenschaften;Strassenunterhalt;Arealpflege;Winterdienst,DISCOVERY_PENDING,,TO_DISCOVER,NOT_YET_AUDITED,"Puede publicar en portal propio, ATS compartido, cantón, Job-Room o agregador público."
PUB-CH-ZH-MUN-0157,MUNICIPALITY,CH,ZH,Zürich,157,Gemeinde/Stadt Oetwil am See,Bezirk Meilen,1,GERMAN,NO,2,P1_URBAN_OR_INTERMEDIATE,Stadtgrün;Stadtgärtnerei;Werkhof;Werkdienst;Gemeindebetriebe;Friedhof;Parks;Sportanlagen;Schulanlagen;Forst;Liegenschaften;Strassenunterhalt;Arealpflege;Winterdienst,DISCOVERY_PENDING,,TO_DISCOVER,NOT_YET_AUDITED,"Puede publicar en portal propio, ATS compartido, cantón, Job-Room o agregador público."
PUB-CH-ZH-MUN-0246,MUNICIPALITY,CH,ZH,Zürich,246,Gemeinde/Stadt Oetwil an der Limmat,Bezirk Dietikon,1,GERMAN,NO,2,P1_URBAN_OR_INTERMEDIATE,Stadtgrün;Stadtgärtnerei;Werkhof;Werkdienst;Gemeindebetriebe;Friedhof;Parks;Sportanlagen;Schulanlagen;Forst;Liegenschaften;Strassenunterhalt;Arealpflege;Winterdienst,DISCOVERY_PENDING,,TO_DISCOVER,NOT_YET_AUDITED,"Puede publicar en portal propio, ATS compartido, cantón, Job-Room o agregador público."
PUB-CH-ZH-MUN-0066,MUNICIPALITY,CH,ZH,Zürich,66,Gemeinde/Stadt Opfikon,Bezirk Bülach,1,GERMAN,YES,1,P0_CITY,Stadtgrün;Stadtgärtnerei;Werkhof;Werkdienst;Gemeindebetriebe;Friedhof;Parks;Sportanlagen;Schulanlagen;Forst;Liegenschaften;Strassenunterhalt;Arealpflege;Winterdienst,DISCOVERY_PENDING,,TO_DISCOVER,NOT_YET_AUDITED,"Puede publicar en portal propio, ATS compartido, cantón, Job-Room o agregador público."
PUB-CH-ZH-MUN-0037,MUNICIPALITY,CH,ZH,Zürich,37,Gemeinde/Stadt Ossingen,Bezirk Andelfingen,1,GERMAN,NO,3,P2_RURAL,Stadtgrün;Stadtgärtnerei;Werkhof;Werkdienst;Gemeindebetriebe;Friedhof;Parks;Sportanlagen;Schulanlagen;Forst;Liegenschaften;Strassenunterhalt;Arealpflege;Winterdienst,DISCOVERY_PENDING,,TO_DISCOVER,NOT_YET_AUDITED,"Puede publicar en portal propio, ATS compartido, cantón, Job-Room o agregador público."
PUB-CH-ZH-MUN-0094,MUNICIPALITY,CH,ZH,Zürich,94,Gemeinde/Stadt Otelfingen,Bezirk Dielsdorf,1,GERMAN,NO,2,P1_URBAN_OR_INTERMEDIATE,Stadtgrün;Stadtgärtnerei;Werkhof;Werkdienst;Gemeindebetriebe;Friedhof;Parks;Sportanlagen;Schulanlagen;Forst;Liegenschaften;Strassenunterhalt;Arealpflege;Winterdienst,DISCOVERY_PENDING,,TO_DISCOVER,NOT_YET_AUDITED,"Puede publicar en portal propio, ATS compartido, cantón, Job-Room o agregador público."
PUB-CH-ZH-MUN-0011,MUNICIPALITY,CH,ZH,Zürich,11,Gemeinde/Stadt Ottenbach,Bezirk Affoltern,1,GERMAN,NO,2,P1_URBAN_OR_INTERMEDIATE,Stadtgrün;Stadtgärtnerei;Werkhof;Werkdienst;Gemeindebetriebe;Friedhof;Parks;Sportanlagen;Schulanlagen;Forst;Liegenschaften;Strassenunterhalt;Arealpflege;Winterdienst,DISCOVERY_PENDING,,TO_DISCOVER,NOT_YET_AUDITED,"Puede publicar en portal propio, ATS compartido, cantón, Job-Room o agregador público."
PUB-CH-ZH-MUN-0224,MUNICIPALITY,CH,ZH,Zürich,224,Gemeinde/Stadt Pfungen,Bezirk Winterthur,1,GERMAN,NO,2,P1_URBAN_OR_INTERMEDIATE,Stadtgrün;Stadtgärtnerei;Werkhof;Werkdienst;Gemeindebetriebe;Friedhof;Parks;Sportanlagen;Schulanlagen;Forst;Liegenschaften;Strassenunterhalt;Arealpflege;Winterdienst,DISCOVERY_PENDING,,TO_DISCOVER,NOT_YET_AUDITED,"Puede publicar en portal propio, ATS compartido, cantón, Job-Room o agregador público."
PUB-CH-ZH-MUN-0177,MUNICIPALITY,CH,ZH,Zürich,177,Gemeinde/Stadt Pfäffikon,Bezirk Pfäffikon,1,GERMAN,YES,2,P0_CITY,Stadtgrün;Stadtgärtnerei;Werkhof;Werkdienst;Gemeindebetriebe;Friedhof;Parks;Sportanlagen;Schulanlagen;Forst;Liegenschaften;Strassenunterhalt;Arealpflege;Winterdienst,DISCOVERY_PENDING,,TO_DISCOVER,NOT_YET_AUDITED,"Puede publicar en portal propio, ATS compartido, cantón, Job-Room o agregador público."
PUB-CH-ZH-MUN-0067,MUNICIPALITY,CH,ZH,Zürich,67,Gemeinde/Stadt Rafz,Bezirk Bülach,1,GERMAN,NO,3,P2_RURAL,Stadtgrün;Stadtgärtnerei;Werkhof;Werkdienst;Gemeindebetriebe;Friedhof;Parks;Sportanlagen;Schulanlagen;Forst;Liegenschaften;Strassenunterhalt;Arealpflege;Winterdienst,DISCOVERY_PENDING,,TO_DISCOVER,NOT_YET_AUDITED,"Puede publicar en portal propio, ATS compartido, cantón, Job-Room o agregador público."
PUB-CH-ZH-MUN-0095,MUNICIPALITY,CH,ZH,Zürich,95,Gemeinde/Stadt Regensberg,Bezirk Dielsdorf,1,GERMAN,NO,2,P1_URBAN_OR_INTERMEDIATE,Stadtgrün;Stadtgärtnerei;Werkhof;Werkdienst;Gemeindebetriebe;Friedhof;Parks;Sportanlagen;Schulanlagen;Forst;Liegenschaften;Strassenunterhalt;Arealpflege;Winterdienst,DISCOVERY_PENDING,,TO_DISCOVER,NOT_YET_AUDITED,"Puede publicar en portal propio, ATS compartido, cantón, Job-Room o agregador público."
PUB-CH-ZH-MUN-0096,MUNICIPALITY,CH,ZH,Zürich,96,Gemeinde/Stadt Regensdorf,Bezirk Dielsdorf,1,GERMAN,YES,2,P0_CITY,Stadtgrün;Stadtgärtnerei;Werkhof;Werkdienst;Gemeindebetriebe;Friedhof;Parks;Sportanlagen;Schulanlagen;Forst;Liegenschaften;Strassenunterhalt;Arealpflege;Winterdienst,DISCOVERY_PENDING,,TO_DISCOVER,NOT_YET_AUDITED,"Puede publicar en portal propio, ATS compartido, cantón, Job-Room o agregador público."
PUB-CH-ZH-MUN-0038,MUNICIPALITY,CH,ZH,Zürich,38,Gemeinde/Stadt Rheinau,Bezirk Andelfingen,1,GERMAN,NO,2,P1_URBAN_OR_INTERMEDIATE,Stadtgrün;Stadtgärtnerei;Werkhof;Werkdienst;Gemeindebetriebe;Friedhof;Parks;Sportanlagen;Schulanlagen;Forst;Liegenschaften;Strassenunterhalt;Arealpflege;Winterdienst,DISCOVERY_PENDING,,TO_DISCOVER,NOT_YET_AUDITED,"Puede publicar en portal propio, ATS compartido, cantón, Job-Room o agregador público."
PUB-CH-ZH-MUN-0138,MUNICIPALITY,CH,ZH,Zürich,138,Gemeinde/Stadt Richterswil,Bezirk Horgen,1,GERMAN,YES,2,P0_CITY,Stadtgrün;Stadtgärtnerei;Werkhof;Werkdienst;Gemeindebetriebe;Friedhof;Parks;Sportanlagen;Schulanlagen;Forst;Liegenschaften;Strassenunterhalt;Arealpflege;Winterdienst,DISCOVERY_PENDING,,TO_DISCOVER,NOT_YET_AUDITED,"Puede publicar en portal propio, ATS compartido, cantón, Job-Room o agregador público."
PUB-CH-ZH-MUN-0225,MUNICIPALITY,CH,ZH,Zürich,225,Gemeinde/Stadt Rickenbach (ZH),Bezirk Winterthur,1,GERMAN,NO,2,P1_URBAN_OR_INTERMEDIATE,Stadtgrün;Stadtgärtnerei;Werkhof;Werkdienst;Gemeindebetriebe;Friedhof;Parks;Sportanlagen;Schulanlagen;Forst;Liegenschaften;Strassenunterhalt;Arealpflege;Winterdienst,DISCOVERY_PENDING,,TO_DISCOVER,NOT_YET_AUDITED,"Puede publicar en portal propio, ATS compartido, cantón, Job-Room o agregador público."
PUB-CH-ZH-MUN-0012,MUNICIPALITY,CH,ZH,Zürich,12,Gemeinde/Stadt Rifferswil,Bezirk Affoltern,1,GERMAN,NO,3,P2_RURAL,Stadtgrün;Stadtgärtnerei;Werkhof;Werkdienst;Gemeindebetriebe;Friedhof;Parks;Sportanlagen;Schulanlagen;Forst;Liegenschaften;Strassenunterhalt;Arealpflege;Winterdienst,DISCOVERY_PENDING,,TO_DISCOVER,NOT_YET_AUDITED,"Puede publicar en portal propio, ATS compartido, cantón, Job-Room o agregador público."
PUB-CH-ZH-MUN-0068,MUNICIPALITY,CH,ZH,Zürich,68,Gemeinde/Stadt Rorbas,Bezirk Bülach,1,GERMAN,NO,2,P1_URBAN_OR_INTERMEDIATE,Stadtgrün;Stadtgärtnerei;Werkhof;Werkdienst;Gemeindebetriebe;Friedhof;Parks;Sportanlagen;Schulanlagen;Forst;Liegenschaften;Strassenunterhalt;Arealpflege;Winterdienst,DISCOVERY_PENDING,,TO_DISCOVER,NOT_YET_AUDITED,"Puede publicar en portal propio, ATS compartido, cantón, Job-Room o agregador público."
PUB-CH-ZH-MUN-0178,MUNICIPALITY,CH,ZH,Zürich,178,Gemeinde/Stadt Russikon,Bezirk Pfäffikon,1,GERMAN,NO,2,P1_URBAN_OR_INTERMEDIATE,Stadtgrün;Stadtgärtnerei;Werkhof;Werkdienst;Gemeindebetriebe;Friedhof;Parks;Sportanlagen;Schulanlagen;Forst;Liegenschaften;Strassenunterhalt;Arealpflege;Winterdienst,DISCOVERY_PENDING,,TO_DISCOVER,NOT_YET_AUDITED,"Puede publicar en portal propio, ATS compartido, cantón, Job-Room o agregador público."
PUB-CH-ZH-MUN-0097,MUNICIPALITY,CH,ZH,Zürich,97,Gemeinde/Stadt Rümlang,Bezirk Dielsdorf,1,GERMAN,YES,2,P0_CITY,Stadtgrün;Stadtgärtnerei;Werkhof;Werkdienst;Gemeindebetriebe;Friedhof;Parks;Sportanlagen;Schulanlagen;Forst;Liegenschaften;Strassenunterhalt;Arealpflege;Winterdienst,DISCOVERY_PENDING,,TO_DISCOVER,NOT_YET_AUDITED,"Puede publicar en portal propio, ATS compartido, cantón, Job-Room o agregador público."
PUB-CH-ZH-MUN-0139,MUNICIPALITY,CH,ZH,Zürich,139,Gemeinde/Stadt Rüschlikon,Bezirk Horgen,1,GERMAN,NO,1,P1_URBAN_OR_INTERMEDIATE,Stadtgrün;Stadtgärtnerei;Werkhof;Werkdienst;Gemeindebetriebe;Friedhof;Parks;Sportanlagen;Schulanlagen;Forst;Liegenschaften;Strassenunterhalt;Arealpflege;Winterdienst,DISCOVERY_PENDING,,TO_DISCOVER,NOT_YET_AUDITED,"Puede publicar en portal propio, ATS compartido, cantón, Job-Room o agregador público."
PUB-CH-ZH-MUN-0118,MUNICIPALITY,CH,ZH,Zürich,118,Gemeinde/Stadt Rüti (ZH),Bezirk Hinwil,1,GERMAN,YES,2,P0_CITY,Stadtgrün;Stadtgärtnerei;Werkhof;Werkdienst;Gemeindebetriebe;Friedhof;Parks;Sportanlagen;Schulanlagen;Forst;Liegenschaften;Strassenunterhalt;Arealpflege;Winterdienst,DISCOVERY_PENDING,,TO_DISCOVER,NOT_YET_AUDITED,"Puede publicar en portal propio, ATS compartido, cantón, Job-Room o agregador público."
PUB-CH-ZH-MUN-0226,MUNICIPALITY,CH,ZH,Zürich,226,Gemeinde/Stadt Schlatt (ZH),Bezirk Winterthur,1,GERMAN,NO,3,P2_RURAL,Stadtgrün;Stadtgärtnerei;Werkhof;Werkdienst;Gemeindebetriebe;Friedhof;Parks;Sportanlagen;Schulanlagen;Forst;Liegenschaften;Strassenunterhalt;Arealpflege;Winterdienst,DISCOVERY_PENDING,,TO_DISCOVER,NOT_YET_AUDITED,"Puede publicar en portal propio, ATS compartido, cantón, Job-Room o agregador público."
PUB-CH-ZH-MUN-0098,MUNICIPALITY,CH,ZH,Zürich,98,Gemeinde/Stadt Schleinikon,Bezirk Dielsdorf,1,GERMAN,NO,2,P1_URBAN_OR_INTERMEDIATE,Stadtgrün;Stadtgärtnerei;Werkhof;Werkdienst;Gemeindebetriebe;Friedhof;Parks;Sportanlagen;Schulanlagen;Forst;Liegenschaften;Strassenunterhalt;Arealpflege;Winterdienst,DISCOVERY_PENDING,,TO_DISCOVER,NOT_YET_AUDITED,"Puede publicar en portal propio, ATS compartido, cantón, Job-Room o agregador público."
PUB-CH-ZH-MUN-0247,MUNICIPALITY,CH,ZH,Zürich,247,Gemeinde/Stadt Schlieren,Bezirk Dietikon,1,GERMAN,YES,1,P0_CITY,Stadtgrün;Stadtgärtnerei;Werkhof;Werkdienst;Gemeindebetriebe;Friedhof;Parks;Sportanlagen;Schulanlagen;Forst;Liegenschaften;Strassenunterhalt;Arealpflege;Winterdienst,DISCOVERY_PENDING,,TO_DISCOVER,NOT_YET_AUDITED,"Puede publicar en portal propio, ATS compartido, cantón, Job-Room o agregador público."
PUB-CH-ZH-MUN-0197,MUNICIPALITY,CH,ZH,Zürich,197,Gemeinde/Stadt Schwerzenbach,Bezirk Uster,1,GERMAN,NO,2,P1_URBAN_OR_INTERMEDIATE,Stadtgrün;Stadtgärtnerei;Werkhof;Werkdienst;Gemeindebetriebe;Friedhof;Parks;Sportanlagen;Schulanlagen;Forst;Liegenschaften;Strassenunterhalt;Arealpflege;Winterdienst,DISCOVERY_PENDING,,TO_DISCOVER,NOT_YET_AUDITED,"Puede publicar en portal propio, ATS compartido, cantón, Job-Room o agregador público."
PUB-CH-ZH-MUN-0099,MUNICIPALITY,CH,ZH,Zürich,99,Gemeinde/Stadt Schöfflisdorf,Bezirk Dielsdorf,1,GERMAN,NO,2,P1_URBAN_OR_INTERMEDIATE,Stadtgrün;Stadtgärtnerei;Werkhof;Werkdienst;Gemeindebetriebe;Friedhof;Parks;Sportanlagen;Schulanlagen;Forst;Liegenschaften;Strassenunterhalt;Arealpflege;Winterdienst,DISCOVERY_PENDING,,TO_DISCOVER,NOT_YET_AUDITED,"Puede publicar en portal propio, ATS compartido, cantón, Job-Room o agregador público."
PUB-CH-ZH-MUN-0119,MUNICIPALITY,CH,ZH,Zürich,119,Gemeinde/Stadt Seegräben,Bezirk Hinwil,1,GERMAN,NO,2,P1_URBAN_OR_INTERMEDIATE,Stadtgrün;Stadtgärtnerei;Werkhof;Werkdienst;Gemeindebetriebe;Friedhof;Parks;Sportanlagen;Schulanlagen;Forst;Liegenschaften;Strassenunterhalt;Arealpflege;Winterdienst,DISCOVERY_PENDING,,TO_DISCOVER,NOT_YET_AUDITED,"Puede publicar en portal propio, ATS compartido, cantón, Job-Room o agregador público."
PUB-CH-ZH-MUN-0227,MUNICIPALITY,CH,ZH,Zürich,227,Gemeinde/Stadt Seuzach,Bezirk Winterthur,1,GERMAN,NO,2,P1_URBAN_OR_INTERMEDIATE,Stadtgrün;Stadtgärtnerei;Werkhof;Werkdienst;Gemeindebetriebe;Friedhof;Parks;Sportanlagen;Schulanlagen;Forst;Liegenschaften;Strassenunterhalt;Arealpflege;Winterdienst,DISCOVERY_PENDING,,TO_DISCOVER,NOT_YET_AUDITED,"Puede publicar en portal propio, ATS compartido, cantón, Job-Room o agregador público."
PUB-CH-ZH-MUN-0100,MUNICIPALITY,CH,ZH,Zürich,100,Gemeinde/Stadt Stadel,Bezirk Dielsdorf,1,GERMAN,NO,2,P1_URBAN_OR_INTERMEDIATE,Stadtgrün;Stadtgärtnerei;Werkhof;Werkdienst;Gemeindebetriebe;Friedhof;Parks;Sportanlagen;Schulanlagen;Forst;Liegenschaften;Strassenunterhalt;Arealpflege;Winterdienst,DISCOVERY_PENDING,,TO_DISCOVER,NOT_YET_AUDITED,"Puede publicar en portal propio, ATS compartido, cantón, Job-Room o agregador público."
PUB-CH-ZH-MUN-0013,MUNICIPALITY,CH,ZH,Zürich,13,Gemeinde/Stadt Stallikon,Bezirk Affoltern,1,GERMAN,NO,2,P1_URBAN_OR_INTERMEDIATE,Stadtgrün;Stadtgärtnerei;Werkhof;Werkdienst;Gemeindebetriebe;Friedhof;Parks;Sportanlagen;Schulanlagen;Forst;Liegenschaften;Strassenunterhalt;Arealpflege;Winterdienst,DISCOVERY_PENDING,,TO_DISCOVER,NOT_YET_AUDITED,"Puede publicar en portal propio, ATS compartido, cantón, Job-Room o agregador público."
PUB-CH-ZH-MUN-0292,MUNICIPALITY,CH,ZH,Zürich,292,Gemeinde/Stadt Stammheim,Bezirk Andelfingen,1,GERMAN,NO,3,P2_RURAL,Stadtgrün;Stadtgärtnerei;Werkhof;Werkdienst;Gemeindebetriebe;Friedhof;Parks;Sportanlagen;Schulanlagen;Forst;Liegenschaften;Strassenunterhalt;Arealpflege;Winterdienst,DISCOVERY_PENDING,,TO_DISCOVER,NOT_YET_AUDITED,"Puede publicar en portal propio, ATS compartido, cantón, Job-Room o agregador público."
PUB-CH-ZH-MUN-0101,MUNICIPALITY,CH,ZH,Zürich,101,Gemeinde/Stadt Steinmaur,Bezirk Dielsdorf,1,GERMAN,NO,2,P1_URBAN_OR_INTERMEDIATE,Stadtgrün;Stadtgärtnerei;Werkhof;Werkdienst;Gemeindebetriebe;Friedhof;Parks;Sportanlagen;Schulanlagen;Forst;Liegenschaften;Strassenunterhalt;Arealpflege;Winterdienst,DISCOVERY_PENDING,,TO_DISCOVER,NOT_YET_AUDITED,"Puede publicar en portal propio, ATS compartido, cantón, Job-Room o agregador público."
PUB-CH-ZH-MUN-0158,MUNICIPALITY,CH,ZH,Zürich,158,Gemeinde/Stadt Stäfa,Bezirk Meilen,1,GERMAN,YES,2,P0_CITY,Stadtgrün;Stadtgärtnerei;Werkhof;Werkdienst;Gemeindebetriebe;Friedhof;Parks;Sportanlagen;Schulanlagen;Forst;Liegenschaften;Strassenunterhalt;Arealpflege;Winterdienst,DISCOVERY_PENDING,,TO_DISCOVER,NOT_YET_AUDITED,"Puede publicar en portal propio, ATS compartido, cantón, Job-Room o agregador público."
PUB-CH-ZH-MUN-0039,MUNICIPALITY,CH,ZH,Zürich,39,Gemeinde/Stadt Thalheim an der Thur,Bezirk Andelfingen,1,GERMAN,NO,3,P2_RURAL,Stadtgrün;Stadtgärtnerei;Werkhof;Werkdienst;Gemeindebetriebe;Friedhof;Parks;Sportanlagen;Schulanlagen;Forst;Liegenschaften;Strassenunterhalt;Arealpflege;Winterdienst,DISCOVERY_PENDING,,TO_DISCOVER,NOT_YET_AUDITED,"Puede publicar en portal propio, ATS compartido, cantón, Job-Room o agregador público."
PUB-CH-ZH-MUN-0141,MUNICIPALITY,CH,ZH,Zürich,141,Gemeinde/Stadt Thalwil,Bezirk Horgen,1,GERMAN,YES,1,P0_CITY,Stadtgrün;Stadtgärtnerei;Werkhof;Werkdienst;Gemeindebetriebe;Friedhof;Parks;Sportanlagen;Schulanlagen;Forst;Liegenschaften;Strassenunterhalt;Arealpflege;Winterdienst,DISCOVERY_PENDING,,TO_DISCOVER,NOT_YET_AUDITED,"Puede publicar en portal propio, ATS compartido, cantón, Job-Room o agregador público."
PUB-CH-ZH-MUN-0041,MUNICIPALITY,CH,ZH,Zürich,41,Gemeinde/Stadt Truttikon,Bezirk Andelfingen,1,GERMAN,NO,3,P2_RURAL,Stadtgrün;Stadtgärtnerei;Werkhof;Werkdienst;Gemeindebetriebe;Friedhof;Parks;Sportanlagen;Schulanlagen;Forst;Liegenschaften;Strassenunterhalt;Arealpflege;Winterdienst,DISCOVERY_PENDING,,TO_DISCOVER,NOT_YET_AUDITED,"Puede publicar en portal propio, ATS compartido, cantón, Job-Room o agregador público."
PUB-CH-ZH-MUN-0040,MUNICIPALITY,CH,ZH,Zürich,40,Gemeinde/Stadt Trüllikon,Bezirk Andelfingen,1,GERMAN,NO,3,P2_RURAL,Stadtgrün;Stadtgärtnerei;Werkhof;Werkdienst;Gemeindebetriebe;Friedhof;Parks;Sportanlagen;Schulanlagen;Forst;Liegenschaften;Strassenunterhalt;Arealpflege;Winterdienst,DISCOVERY_PENDING,,TO_DISCOVER,NOT_YET_AUDITED,"Puede publicar en portal propio, ATS compartido, cantón, Job-Room o agregador público."
PUB-CH-ZH-MUN-0228,MUNICIPALITY,CH,ZH,Zürich,228,Gemeinde/Stadt Turbenthal,Bezirk Winterthur,1,GERMAN,NO,2,P1_URBAN_OR_INTERMEDIATE,Stadtgrün;Stadtgärtnerei;Werkhof;Werkdienst;Gemeindebetriebe;Friedhof;Parks;Sportanlagen;Schulanlagen;Forst;Liegenschaften;Strassenunterhalt;Arealpflege;Winterdienst,DISCOVERY_PENDING,,TO_DISCOVER,NOT_YET_AUDITED,"Puede publicar en portal propio, ATS compartido, cantón, Job-Room o agregador público."
PUB-CH-ZH-MUN-0159,MUNICIPALITY,CH,ZH,Zürich,159,Gemeinde/Stadt Uetikon am See,Bezirk Meilen,1,GERMAN,NO,2,P1_URBAN_OR_INTERMEDIATE,Stadtgrün;Stadtgärtnerei;Werkhof;Werkdienst;Gemeindebetriebe;Friedhof;Parks;Sportanlagen;Schulanlagen;Forst;Liegenschaften;Strassenunterhalt;Arealpflege;Winterdienst,DISCOVERY_PENDING,,TO_DISCOVER,NOT_YET_AUDITED,"Puede publicar en portal propio, ATS compartido, cantón, Job-Room o agregador público."
PUB-CH-ZH-MUN-0248,MUNICIPALITY,CH,ZH,Zürich,248,Gemeinde/Stadt Uitikon,Bezirk Dietikon,1,GERMAN,NO,2,P1_URBAN_OR_INTERMEDIATE,Stadtgrün;Stadtgärtnerei;Werkhof;Werkdienst;Gemeindebetriebe;Friedhof;Parks;Sportanlagen;Schulanlagen;Forst;Liegenschaften;Strassenunterhalt;Arealpflege;Winterdienst,DISCOVERY_PENDING,,TO_DISCOVER,NOT_YET_AUDITED,"Puede publicar en portal propio, ATS compartido, cantón, Job-Room o agregador público."
PUB-CH-ZH-MUN-0249,MUNICIPALITY,CH,ZH,Zürich,249,Gemeinde/Stadt Unterengstringen,Bezirk Dietikon,1,GERMAN,NO,1,P1_URBAN_OR_INTERMEDIATE,Stadtgrün;Stadtgärtnerei;Werkhof;Werkdienst;Gemeindebetriebe;Friedhof;Parks;Sportanlagen;Schulanlagen;Forst;Liegenschaften;Strassenunterhalt;Arealpflege;Winterdienst,DISCOVERY_PENDING,,TO_DISCOVER,NOT_YET_AUDITED,"Puede publicar en portal propio, ATS compartido, cantón, Job-Room o agregador público."
PUB-CH-ZH-MUN-0250,MUNICIPALITY,CH,ZH,Zürich,250,Gemeinde/Stadt Urdorf,Bezirk Dietikon,1,GERMAN,YES,1,P0_CITY,Stadtgrün;Stadtgärtnerei;Werkhof;Werkdienst;Gemeindebetriebe;Friedhof;Parks;Sportanlagen;Schulanlagen;Forst;Liegenschaften;Strassenunterhalt;Arealpflege;Winterdienst,DISCOVERY_PENDING,,TO_DISCOVER,NOT_YET_AUDITED,"Puede publicar en portal propio, ATS compartido, cantón, Job-Room o agregador público."
PUB-CH-ZH-MUN-0198,MUNICIPALITY,CH,ZH,Zürich,198,Gemeinde/Stadt Uster,Bezirk Uster,1,GERMAN,YES,2,P0_CITY,Stadtgrün;Stadtgärtnerei;Werkhof;Werkdienst;Gemeindebetriebe;Friedhof;Parks;Sportanlagen;Schulanlagen;Forst;Liegenschaften;Strassenunterhalt;Arealpflege;Winterdienst,DISCOVERY_PENDING,,TO_DISCOVER,NOT_YET_AUDITED,"Puede publicar en portal propio, ATS compartido, cantón, Job-Room o agregador público."
PUB-CH-ZH-MUN-0043,MUNICIPALITY,CH,ZH,Zürich,43,Gemeinde/Stadt Volken,Bezirk Andelfingen,1,GERMAN,NO,3,P2_RURAL,Stadtgrün;Stadtgärtnerei;Werkhof;Werkdienst;Gemeindebetriebe;Friedhof;Parks;Sportanlagen;Schulanlagen;Forst;Liegenschaften;Strassenunterhalt;Arealpflege;Winterdienst,DISCOVERY_PENDING,,TO_DISCOVER,NOT_YET_AUDITED,"Puede publicar en portal propio, ATS compartido, cantón, Job-Room o agregador público."
PUB-CH-ZH-MUN-0199,MUNICIPALITY,CH,ZH,Zürich,199,Gemeinde/Stadt Volketswil,Bezirk Uster,1,GERMAN,YES,2,P0_CITY,Stadtgrün;Stadtgärtnerei;Werkhof;Werkdienst;Gemeindebetriebe;Friedhof;Parks;Sportanlagen;Schulanlagen;Forst;Liegenschaften;Strassenunterhalt;Arealpflege;Winterdienst,DISCOVERY_PENDING,,TO_DISCOVER,NOT_YET_AUDITED,"Puede publicar en portal propio, ATS compartido, cantón, Job-Room o agregador público."
PUB-CH-ZH-MUN-0120,MUNICIPALITY,CH,ZH,Zürich,120,Gemeinde/Stadt Wald (ZH),Bezirk Hinwil,1,GERMAN,NO,2,P1_URBAN_OR_INTERMEDIATE,Stadtgrün;Stadtgärtnerei;Werkhof;Werkdienst;Gemeindebetriebe;Friedhof;Parks;Sportanlagen;Schulanlagen;Forst;Liegenschaften;Strassenunterhalt;Arealpflege;Winterdienst,DISCOVERY_PENDING,,TO_DISCOVER,NOT_YET_AUDITED,"Puede publicar en portal propio, ATS compartido, cantón, Job-Room o agregador público."
PUB-CH-ZH-MUN-0069,MUNICIPALITY,CH,ZH,Zürich,69,Gemeinde/Stadt Wallisellen,Bezirk Bülach,1,GERMAN,YES,1,P0_CITY,Stadtgrün;Stadtgärtnerei;Werkhof;Werkdienst;Gemeindebetriebe;Friedhof;Parks;Sportanlagen;Schulanlagen;Forst;Liegenschaften;Strassenunterhalt;Arealpflege;Winterdienst,DISCOVERY_PENDING,,TO_DISCOVER,NOT_YET_AUDITED,"Puede publicar en portal propio, ATS compartido, cantón, Job-Room o agregador público."
PUB-CH-ZH-MUN-0200,MUNICIPALITY,CH,ZH,Zürich,200,Gemeinde/Stadt Wangen-Brüttisellen,Bezirk Uster,1,GERMAN,NO,1,P1_URBAN_OR_INTERMEDIATE,Stadtgrün;Stadtgärtnerei;Werkhof;Werkdienst;Gemeindebetriebe;Friedhof;Parks;Sportanlagen;Schulanlagen;Forst;Liegenschaften;Strassenunterhalt;Arealpflege;Winterdienst,DISCOVERY_PENDING,,TO_DISCOVER,NOT_YET_AUDITED,"Puede publicar en portal propio, ATS compartido, cantón, Job-Room o agregador público."
PUB-CH-ZH-MUN-0070,MUNICIPALITY,CH,ZH,Zürich,70,Gemeinde/Stadt Wasterkingen,Bezirk Bülach,1,GERMAN,NO,3,P2_RURAL,Stadtgrün;Stadtgärtnerei;Werkhof;Werkdienst;Gemeindebetriebe;Friedhof;Parks;Sportanlagen;Schulanlagen;Forst;Liegenschaften;Strassenunterhalt;Arealpflege;Winterdienst,DISCOVERY_PENDING,,TO_DISCOVER,NOT_YET_AUDITED,"Puede publicar en portal propio, ATS compartido, cantón, Job-Room o agregador público."
PUB-CH-ZH-MUN-0102,MUNICIPALITY,CH,ZH,Zürich,102,Gemeinde/Stadt Weiach,Bezirk Dielsdorf,1,GERMAN,NO,2,P1_URBAN_OR_INTERMEDIATE,Stadtgrün;Stadtgärtnerei;Werkhof;Werkdienst;Gemeindebetriebe;Friedhof;Parks;Sportanlagen;Schulanlagen;Forst;Liegenschaften;Strassenunterhalt;Arealpflege;Winterdienst,DISCOVERY_PENDING,,TO_DISCOVER,NOT_YET_AUDITED,"Puede publicar en portal propio, ATS compartido, cantón, Job-Room o agregador público."
PUB-CH-ZH-MUN-0251,MUNICIPALITY,CH,ZH,Zürich,251,Gemeinde/Stadt Weiningen (ZH),Bezirk Dietikon,1,GERMAN,NO,1,P1_URBAN_OR_INTERMEDIATE,Stadtgrün;Stadtgärtnerei;Werkhof;Werkdienst;Gemeindebetriebe;Friedhof;Parks;Sportanlagen;Schulanlagen;Forst;Liegenschaften;Strassenunterhalt;Arealpflege;Winterdienst,DISCOVERY_PENDING,,TO_DISCOVER,NOT_YET_AUDITED,"Puede publicar en portal propio, ATS compartido, cantón, Job-Room o agregador público."
PUB-CH-ZH-MUN-0180,MUNICIPALITY,CH,ZH,Zürich,180,Gemeinde/Stadt Weisslingen,Bezirk Pfäffikon,1,GERMAN,NO,3,P2_RURAL,Stadtgrün;Stadtgärtnerei;Werkhof;Werkdienst;Gemeindebetriebe;Friedhof;Parks;Sportanlagen;Schulanlagen;Forst;Liegenschaften;Strassenunterhalt;Arealpflege;Winterdienst,DISCOVERY_PENDING,,TO_DISCOVER,NOT_YET_AUDITED,"Puede publicar en portal propio, ATS compartido, cantón, Job-Room o agregador público."
PUB-CH-ZH-MUN-0014,MUNICIPALITY,CH,ZH,Zürich,14,Gemeinde/Stadt Wettswil am Albis,Bezirk Affoltern,1,GERMAN,NO,2,P1_URBAN_OR_INTERMEDIATE,Stadtgrün;Stadtgärtnerei;Werkhof;Werkdienst;Gemeindebetriebe;Friedhof;Parks;Sportanlagen;Schulanlagen;Forst;Liegenschaften;Strassenunterhalt;Arealpflege;Winterdienst,DISCOVERY_PENDING,,TO_DISCOVER,NOT_YET_AUDITED,"Puede publicar en portal propio, ATS compartido, cantón, Job-Room o agregador público."
PUB-CH-ZH-MUN-0121,MUNICIPALITY,CH,ZH,Zürich,121,Gemeinde/Stadt Wetzikon (ZH),Bezirk Hinwil,1,GERMAN,YES,2,P0_CITY,Stadtgrün;Stadtgärtnerei;Werkhof;Werkdienst;Gemeindebetriebe;Friedhof;Parks;Sportanlagen;Schulanlagen;Forst;Liegenschaften;Strassenunterhalt;Arealpflege;Winterdienst,DISCOVERY_PENDING,,TO_DISCOVER,NOT_YET_AUDITED,"Puede publicar en portal propio, ATS compartido, cantón, Job-Room o agregador público."
PUB-CH-ZH-MUN-0298,MUNICIPALITY,CH,ZH,Zürich,298,Gemeinde/Stadt Wiesendangen,Bezirk Winterthur,1,GERMAN,NO,2,P1_URBAN_OR_INTERMEDIATE,Stadtgrün;Stadtgärtnerei;Werkhof;Werkdienst;Gemeindebetriebe;Friedhof;Parks;Sportanlagen;Schulanlagen;Forst;Liegenschaften;Strassenunterhalt;Arealpflege;Winterdienst,DISCOVERY_PENDING,,TO_DISCOVER,NOT_YET_AUDITED,"Puede publicar en portal propio, ATS compartido, cantón, Job-Room o agregador público."
PUB-CH-ZH-MUN-0071,MUNICIPALITY,CH,ZH,Zürich,71,Gemeinde/Stadt Wil (ZH),Bezirk Bülach,1,GERMAN,NO,3,P2_RURAL,Stadtgrün;Stadtgärtnerei;Werkhof;Werkdienst;Gemeindebetriebe;Friedhof;Parks;Sportanlagen;Schulanlagen;Forst;Liegenschaften;Strassenunterhalt;Arealpflege;Winterdienst,DISCOVERY_PENDING,,TO_DISCOVER,NOT_YET_AUDITED,"Puede publicar en portal propio, ATS compartido, cantón, Job-Room o agregador público."
PUB-CH-ZH-MUN-0181,MUNICIPALITY,CH,ZH,Zürich,181,Gemeinde/Stadt Wila,Bezirk Pfäffikon,1,GERMAN,NO,2,P1_URBAN_OR_INTERMEDIATE,Stadtgrün;Stadtgärtnerei;Werkhof;Werkdienst;Gemeindebetriebe;Friedhof;Parks;Sportanlagen;Schulanlagen;Forst;Liegenschaften;Strassenunterhalt;Arealpflege;Winterdienst,DISCOVERY_PENDING,,TO_DISCOVER,NOT_YET_AUDITED,"Puede publicar en portal propio, ATS compartido, cantón, Job-Room o agregador público."
PUB-CH-ZH-MUN-0182,MUNICIPALITY,CH,ZH,Zürich,182,Gemeinde/Stadt Wildberg,Bezirk Pfäffikon,1,GERMAN,NO,3,P2_RURAL,Stadtgrün;Stadtgärtnerei;Werkhof;Werkdienst;Gemeindebetriebe;Friedhof;Parks;Sportanlagen;Schulanlagen;Forst;Liegenschaften;Strassenunterhalt;Arealpflege;Winterdienst,DISCOVERY_PENDING,,TO_DISCOVER,NOT_YET_AUDITED,"Puede publicar en portal propio, ATS compartido, cantón, Job-Room o agregador público."
PUB-CH-ZH-MUN-0072,MUNICIPALITY,CH,ZH,Zürich,72,Gemeinde/Stadt Winkel,Bezirk Bülach,1,GERMAN,NO,2,P1_URBAN_OR_INTERMEDIATE,Stadtgrün;Stadtgärtnerei;Werkhof;Werkdienst;Gemeindebetriebe;Friedhof;Parks;Sportanlagen;Schulanlagen;Forst;Liegenschaften;Strassenunterhalt;Arealpflege;Winterdienst,DISCOVERY_PENDING,,TO_DISCOVER,NOT_YET_AUDITED,"Puede publicar en portal propio, ATS compartido, cantón, Job-Room o agregador público."
PUB-CH-ZH-MUN-0230,MUNICIPALITY,CH,ZH,Zürich,230,Gemeinde/Stadt Winterthur,Bezirk Winterthur,1,GERMAN,YES,1,P0_CITY,Stadtgrün;Stadtgärtnerei;Werkhof;Werkdienst;Gemeindebetriebe;Friedhof;Parks;Sportanlagen;Schulanlagen;Forst;Liegenschaften;Strassenunterhalt;Arealpflege;Winterdienst,VERIFIED,https://jobs.winterthur.ch/,REXX_SYSTEMS,VERIFIED_OFFICIAL_PORTAL,Unidad verde conocida: Stadtgrün Winterthur.
PUB-CH-ZH-MUN-0293,MUNICIPALITY,CH,ZH,Zürich,293,Gemeinde/Stadt Wädenswil,Bezirk Horgen,1,GERMAN,YES,2,P0_CITY,Stadtgrün;Stadtgärtnerei;Werkhof;Werkdienst;Gemeindebetriebe;Friedhof;Parks;Sportanlagen;Schulanlagen;Forst;Liegenschaften;Strassenunterhalt;Arealpflege;Winterdienst,DISCOVERY_PENDING,,TO_DISCOVER,NOT_YET_AUDITED,"Puede publicar en portal propio, ATS compartido, cantón, Job-Room o agregador público."
PUB-CH-ZH-MUN-0231,MUNICIPALITY,CH,ZH,Zürich,231,Gemeinde/Stadt Zell (ZH),Bezirk Winterthur,1,GERMAN,NO,2,P1_URBAN_OR_INTERMEDIATE,Stadtgrün;Stadtgärtnerei;Werkhof;Werkdienst;Gemeindebetriebe;Friedhof;Parks;Sportanlagen;Schulanlagen;Forst;Liegenschaften;Strassenunterhalt;Arealpflege;Winterdienst,DISCOVERY_PENDING,,TO_DISCOVER,NOT_YET_AUDITED,"Puede publicar en portal propio, ATS compartido, cantón, Job-Room o agregador público."
PUB-CH-ZH-MUN-0161,MUNICIPALITY,CH,ZH,Zürich,161,Gemeinde/Stadt Zollikon,Bezirk Meilen,1,GERMAN,YES,1,P0_CITY,Stadtgrün;Stadtgärtnerei;Werkhof;Werkdienst;Gemeindebetriebe;Friedhof;Parks;Sportanlagen;Schulanlagen;Forst;Liegenschaften;Strassenunterhalt;Arealpflege;Winterdienst,DISCOVERY_PENDING,,TO_DISCOVER,NOT_YET_AUDITED,"Puede publicar en portal propio, ATS compartido, cantón, Job-Room o agregador público."
PUB-CH-ZH-MUN-0160,MUNICIPALITY,CH,ZH,Zürich,160,Gemeinde/Stadt Zumikon,Bezirk Meilen,1,GERMAN,NO,2,P1_URBAN_OR_INTERMEDIATE,Stadtgrün;Stadtgärtnerei;Werkhof;Werkdienst;Gemeindebetriebe;Friedhof;Parks;Sportanlagen;Schulanlagen;Forst;Liegenschaften;Strassenunterhalt;Arealpflege;Winterdienst,DISCOVERY_PENDING,,TO_DISCOVER,NOT_YET_AUDITED,"Puede publicar en portal propio, ATS compartido, cantón, Job-Room o agregador público."
PUB-CH-ZH-MUN-0261,MUNICIPALITY,CH,ZH,Zürich,261,Gemeinde/Stadt Zürich,Bezirk Zürich,1,GERMAN,YES,1,P0_CITY,Stadtgrün;Stadtgärtnerei;Werkhof;Werkdienst;Gemeindebetriebe;Friedhof;Parks;Sportanlagen;Schulanlagen;Forst;Liegenschaften;Strassenunterhalt;Arealpflege;Winterdienst,VERIFIED,https://www.stadt-zuerich.ch/de/politik-und-verwaltung/arbeiten-bei-der-stadt/jobs.html,CITY_SITE_SUCCESSFACTORS_LINKED,VERIFIED_OFFICIAL_PORTAL,Unidad verde conocida: Grün Stadt Zürich.
